[2025-11-10 15:08:33] production.ERROR: The /Users/lkmdigital/monbeaupays.com/backend/bootstrap/cache directory must be present and writable. {"exception":"[object] (Exception(code: 0): The /Users/lkmdigital/monbeaupays.com/backend/bootstrap/cache directory must be present and writable. at /Users/lkmdigital/monbeaupays.com/backend/vendor/laravel/framework/src/Illuminate/Foundation/PackageManifest.php:179)
[stacktrace]
#0 /Users/lkmdigital/monbeaupays.com/backend/vendor/laravel/framework/src/Illuminate/Foundation/PackageManifest.php(132): Illuminate\\Foundation\\PackageManifest->write(Array)
#1 /Users/lkmdigital/monbeaupays.com/backend/vendor/laravel/framework/src/Illuminate/Foundation/PackageManifest.php(108): Illuminate\\Foundation\\PackageManifest->build()
#2 /Users/lkmdigital/monbeaupays.com/backend/vendor/laravel/framework/src/Illuminate/Foundation/PackageManifest.php(91): Illuminate\\Foundation\\PackageManifest->getManifest()
#3 /Users/lkmdigital/monbeaupays.com/backend/vendor/laravel/framework/src/Illuminate/Foundation/PackageManifest.php(80): Illuminate\\Foundation\\PackageManifest->config('aliases')
#4 /Users/lkmdigital/monbeaupays.com/backend/vendor/laravel/framework/src/Illuminate/Foundation/Bootstrap/RegisterFacades.php(26): Illuminate\\Foundation\\PackageManifest->aliases()
#5 /Users/lkmdigital/monbeaupays.com/backend/vendor/laravel/framework/src/Illuminate/Foundation/Application.php(342): Illuminate\\Foundation\\Bootstrap\\RegisterFacades->bootstrap(Object(Illuminate\\Foundation\\Application))
#6 /Users/lkmdigital/monbeaupays.com/backend/vendor/laravel/framework/src/Illuminate/Foundation/Console/Kernel.php(474): Illuminate\\Foundation\\Application->bootstrapWith(Array)
#7 /Users/lkmdigital/monbeaupays.com/backend/vendor/laravel/framework/src/Illuminate/Foundation/Console/Kernel.php(196): Illuminate\\Foundation\\Console\\Kernel->bootstrap()
#8 /Users/lkmdigital/monbeaupays.com/backend/artisan(12): Illuminate\\Foundation\\Console\\Kernel->handle(Object(Symfony\\Component\\Console\\Input\\ArgvInput), Object(Symfony\\Component\\Console\\Output\\ConsoleOutput))
#9 {main}
"} 
[2025-11-10 15:09:01] production.ERROR: The /Users/lkmdigital/monbeaupays.com/backend/bootstrap/cache directory must be present and writable. {"exception":"[object] (Exception(code: 0): The /Users/lkmdigital/monbeaupays.com/backend/bootstrap/cache directory must be present and writable. at /Users/lkmdigital/monbeaupays.com/backend/vendor/laravel/framework/src/Illuminate/Foundation/PackageManifest.php:179)
[stacktrace]
#0 /Users/lkmdigital/monbeaupays.com/backend/vendor/laravel/framework/src/Illuminate/Foundation/PackageManifest.php(132): Illuminate\\Foundation\\PackageManifest->write(Array)
#1 /Users/lkmdigital/monbeaupays.com/backend/vendor/laravel/framework/src/Illuminate/Foundation/PackageManifest.php(108): Illuminate\\Foundation\\PackageManifest->build()
#2 /Users/lkmdigital/monbeaupays.com/backend/vendor/laravel/framework/src/Illuminate/Foundation/PackageManifest.php(91): Illuminate\\Foundation\\PackageManifest->getManifest()
#3 /Users/lkmdigital/monbeaupays.com/backend/vendor/laravel/framework/src/Illuminate/Foundation/PackageManifest.php(80): Illuminate\\Foundation\\PackageManifest->config('aliases')
#4 /Users/lkmdigital/monbeaupays.com/backend/vendor/laravel/framework/src/Illuminate/Foundation/Bootstrap/RegisterFacades.php(26): Illuminate\\Foundation\\PackageManifest->aliases()
#5 /Users/lkmdigital/monbeaupays.com/backend/vendor/laravel/framework/src/Illuminate/Foundation/Application.php(342): Illuminate\\Foundation\\Bootstrap\\RegisterFacades->bootstrap(Object(Illuminate\\Foundation\\Application))
#6 /Users/lkmdigital/monbeaupays.com/backend/vendor/laravel/framework/src/Illuminate/Foundation/Console/Kernel.php(474): Illuminate\\Foundation\\Application->bootstrapWith(Array)
#7 /Users/lkmdigital/monbeaupays.com/backend/vendor/laravel/framework/src/Illuminate/Foundation/Console/Kernel.php(196): Illuminate\\Foundation\\Console\\Kernel->bootstrap()
#8 /Users/lkmdigital/monbeaupays.com/backend/artisan(12): Illuminate\\Foundation\\Console\\Kernel->handle(Object(Symfony\\Component\\Console\\Input\\ArgvInput), Object(Symfony\\Component\\Console\\Output\\ConsoleOutput))
#9 {main}
"} 
[2025-11-10 15:09:18] production.ERROR: The /Users/lkmdigital/monbeaupays.com/backend/bootstrap/cache directory must be present and writable. {"exception":"[object] (Exception(code: 0): The /Users/lkmdigital/monbeaupays.com/backend/bootstrap/cache directory must be present and writable. at /Users/lkmdigital/monbeaupays.com/backend/vendor/laravel/framework/src/Illuminate/Foundation/PackageManifest.php:179)
[stacktrace]
#0 /Users/lkmdigital/monbeaupays.com/backend/vendor/laravel/framework/src/Illuminate/Foundation/PackageManifest.php(132): Illuminate\\Foundation\\PackageManifest->write(Array)
#1 /Users/lkmdigital/monbeaupays.com/backend/vendor/laravel/framework/src/Illuminate/Foundation/PackageManifest.php(108): Illuminate\\Foundation\\PackageManifest->build()
#2 /Users/lkmdigital/monbeaupays.com/backend/vendor/laravel/framework/src/Illuminate/Foundation/PackageManifest.php(91): Illuminate\\Foundation\\PackageManifest->getManifest()
#3 /Users/lkmdigital/monbeaupays.com/backend/vendor/laravel/framework/src/Illuminate/Foundation/PackageManifest.php(80): Illuminate\\Foundation\\PackageManifest->config('aliases')
#4 /Users/lkmdigital/monbeaupays.com/backend/vendor/laravel/framework/src/Illuminate/Foundation/Bootstrap/RegisterFacades.php(26): Illuminate\\Foundation\\PackageManifest->aliases()
#5 /Users/lkmdigital/monbeaupays.com/backend/vendor/laravel/framework/src/Illuminate/Foundation/Application.php(342): Illuminate\\Foundation\\Bootstrap\\RegisterFacades->bootstrap(Object(Illuminate\\Foundation\\Application))
#6 /Users/lkmdigital/monbeaupays.com/backend/vendor/laravel/framework/src/Illuminate/Foundation/Console/Kernel.php(474): Illuminate\\Foundation\\Application->bootstrapWith(Array)
#7 /Users/lkmdigital/monbeaupays.com/backend/vendor/laravel/framework/src/Illuminate/Foundation/Console/Kernel.php(196): Illuminate\\Foundation\\Console\\Kernel->bootstrap()
#8 /Users/lkmdigital/monbeaupays.com/backend/artisan(12): Illuminate\\Foundation\\Console\\Kernel->handle(Object(Symfony\\Component\\Console\\Input\\ArgvInput), Object(Symfony\\Component\\Console\\Output\\ConsoleOutput))
#9 {main}
"} 
[2025-11-10 15:13:27] local.ERROR: SQLSTATE[42S01]: Base table or view already exists: 1050 Table 'users' already exists (Connection: mysql, SQL: create table `users` (`id` bigint unsigned not null auto_increment primary key, `name` varchar(255) not null, `email` varchar(255) not null, `email_verified_at` timestamp null, `password` varchar(255) not null, `phone` varchar(255) null, `role` enum('user', 'host', 'admin') not null default 'user', `avatar` varchar(255) null, `remember_token` varchar(100) null, `created_at` timestamp null, `updated_at` timestamp null) default character set utf8mb4 collate 'utf8mb4_unicode_ci') {"exception":"[object] (Illuminate\\Database\\QueryException(code: 42S01): SQLSTATE[42S01]: Base table or view already exists: 1050 Table 'users' already exists (Connection: mysql, SQL: create table `users` (`id` bigint unsigned not null auto_increment primary key, `name` varchar(255) not null, `email` varchar(255) not null, `email_verified_at` timestamp null, `password` varchar(255) not null, `phone` varchar(255) null, `role` enum('user', 'host', 'admin') not null default 'user', `avatar` varchar(255) null, `remember_token` varchar(100) null, `created_at` timestamp null, `updated_at` timestamp null) default character set utf8mb4 collate 'utf8mb4_unicode_ci') at /Users/lkmdigital/monbeaupays.com/backend/vendor/laravel/framework/src/Illuminate/Database/Connection.php:825)
[stacktrace]
#0 /Users/lkmdigital/monbeaupays.com/backend/vendor/laravel/framework/src/Illuminate/Database/Connection.php(779): Illuminate\\Database\\Connection->runQueryCallback('create table `u...', Array, Object(Closure))
#1 /Users/lkmdigital/monbeaupays.com/backend/vendor/laravel/framework/src/Illuminate/Database/Connection.php(560): Illuminate\\Database\\Connection->run('create table `u...', Array, Object(Closure))
#2 /Users/lkmdigital/monbeaupays.com/backend/vendor/laravel/framework/src/Illuminate/Database/Schema/Blueprint.php(118): Illuminate\\Database\\Connection->statement('create table `u...')
#3 /Users/lkmdigital/monbeaupays.com/backend/vendor/laravel/framework/src/Illuminate/Database/Schema/Builder.php(564): Illuminate\\Database\\Schema\\Blueprint->build(Object(Illuminate\\Database\\MySqlConnection), Object(Illuminate\\Database\\Schema\\Grammars\\MySqlGrammar))
#4 /Users/lkmdigital/monbeaupays.com/backend/vendor/laravel/framework/src/Illuminate/Database/Schema/Builder.php(418): Illuminate\\Database\\Schema\\Builder->build(Object(Illuminate\\Database\\Schema\\Blueprint))
#5 /Users/lkmdigital/monbeaupays.com/backend/vendor/laravel/framework/src/Illuminate/Support/Facades/Facade.php(361): Illuminate\\Database\\Schema\\Builder->create('users', Object(Closure))
#6 /Users/lkmdigital/monbeaupays.com/backend/database/migrations/2024_01_01_000001_create_users_table.php(11): Illuminate\\Support\\Facades\\Facade::__callStatic('create', Array)
#7 /Users/lkmdigital/monbeaupays.com/backend/vendor/laravel/framework/src/Illuminate/Database/Migrations/Migrator.php(507): Illuminate\\Database\\Migrations\\Migration@anonymous->up()
#8 /Users/lkmdigital/monbeaupays.com/backend/vendor/laravel/framework/src/Illuminate/Database/Migrations/Migrator.php(432): Illuminate\\Database\\Migrations\\Migrator->runMethod(Object(Illuminate\\Database\\MySqlConnection), Object(Illuminate\\Database\\Migrations\\Migration@anonymous), 'up')
#9 /Users/lkmdigital/monbeaupays.com/backend/vendor/laravel/framework/src/Illuminate/Database/Migrations/Migrator.php(441): Illuminate\\Database\\Migrations\\Migrator->{closure:Illuminate\\Database\\Migrations\\Migrator::runMigration():428}()
#10 /Users/lkmdigital/monbeaupays.com/backend/vendor/laravel/framework/src/Illuminate/Database/Migrations/Migrator.php(244): Illuminate\\Database\\Migrations\\Migrator->runMigration(Object(Illuminate\\Database\\Migrations\\Migration@anonymous), 'up')
#11 /Users/lkmdigital/monbeaupays.com/backend/vendor/laravel/framework/src/Illuminate/Console/View/Components/Task.php(40): Illuminate\\Database\\Migrations\\Migrator->{closure:Illuminate\\Database\\Migrations\\Migrator::runUp():244}()
#12 /Users/lkmdigital/monbeaupays.com/backend/vendor/laravel/framework/src/Illuminate/Database/Migrations/Migrator.php(798): Illuminate\\Console\\View\\Components\\Task->render('2024_01_01_0000...', Object(Closure))
#13 /Users/lkmdigital/monbeaupays.com/backend/vendor/laravel/framework/src/Illuminate/Database/Migrations/Migrator.php(244): Illuminate\\Database\\Migrations\\Migrator->write('Illuminate\\\\Cons...', '2024_01_01_0000...', Object(Closure))
#14 /Users/lkmdigital/monbeaupays.com/backend/vendor/laravel/framework/src/Illuminate/Database/Migrations/Migrator.php(211): Illuminate\\Database\\Migrations\\Migrator->runUp('/Users/lkmdigit...', 1, false)
#15 /Users/lkmdigital/monbeaupays.com/backend/vendor/laravel/framework/src/Illuminate/Database/Migrations/Migrator.php(138): Illuminate\\Database\\Migrations\\Migrator->runPending(Array, Array)
#16 /Users/lkmdigital/monbeaupays.com/backend/vendor/laravel/framework/src/Illuminate/Database/Console/Migrations/MigrateCommand.php(117): Illuminate\\Database\\Migrations\\Migrator->run(Array, Array)
#17 /Users/lkmdigital/monbeaupays.com/backend/vendor/laravel/framework/src/Illuminate/Database/Migrations/Migrator.php(658): Illuminate\\Database\\Console\\Migrations\\MigrateCommand->{closure:Illuminate\\Database\\Console\\Migrations\\MigrateCommand::runMigrations():110}()
#18 /Users/lkmdigital/monbeaupays.com/backend/vendor/laravel/framework/src/Illuminate/Database/Console/Migrations/MigrateCommand.php(110): Illuminate\\Database\\Migrations\\Migrator->usingConnection(NULL, Object(Closure))
#19 /Users/lkmdigital/monbeaupays.com/backend/vendor/laravel/framework/src/Illuminate/Database/Console/Migrations/MigrateCommand.php(89): Illuminate\\Database\\Console\\Migrations\\MigrateCommand->runMigrations()
#20 /Users/lkmdigital/monbeaupays.com/backend/vendor/laravel/framework/src/Illuminate/Container/BoundMethod.php(36): Illuminate\\Database\\Console\\Migrations\\MigrateCommand->handle()
#21 /Users/lkmdigital/monbeaupays.com/backend/vendor/laravel/framework/src/Illuminate/Container/Util.php(43): Illuminate\\Container\\BoundMethod::{closure:Illuminate\\Container\\BoundMethod::call():35}()
#22 /Users/lkmdigital/monbeaupays.com/backend/vendor/laravel/framework/src/Illuminate/Container/BoundMethod.php(95): Illuminate\\Container\\Util::unwrapIfClosure(Object(Closure))
#23 /Users/lkmdigital/monbeaupays.com/backend/vendor/laravel/framework/src/Illuminate/Container/BoundMethod.php(35): Illuminate\\Container\\BoundMethod::callBoundMethod(Object(Illuminate\\Foundation\\Application), Array, Object(Closure))
#24 /Users/lkmdigital/monbeaupays.com/backend/vendor/laravel/framework/src/Illuminate/Container/Container.php(696): Illuminate\\Container\\BoundMethod::call(Object(Illuminate\\Foundation\\Application), Array, Array, NULL)
#25 /Users/lkmdigital/monbeaupays.com/backend/vendor/laravel/framework/src/Illuminate/Console/Command.php(213): Illuminate\\Container\\Container->call(Array)
#26 /Users/lkmdigital/monbeaupays.com/backend/vendor/symfony/console/Command/Command.php(318): Illuminate\\Console\\Command->execute(Object(Symfony\\Component\\Console\\Input\\ArgvInput), Object(Illuminate\\Console\\OutputStyle))
#27 /Users/lkmdigital/monbeaupays.com/backend/vendor/laravel/framework/src/Illuminate/Console/Command.php(182): Symfony\\Component\\Console\\Command\\Command->run(Object(Symfony\\Component\\Console\\Input\\ArgvInput), Object(Illuminate\\Console\\OutputStyle))
#28 /Users/lkmdigital/monbeaupays.com/backend/vendor/symfony/console/Application.php(1073): Illuminate\\Console\\Command->run(Object(Symfony\\Component\\Console\\Input\\ArgvInput), Object(Symfony\\Component\\Console\\Output\\ConsoleOutput))
#29 /Users/lkmdigital/monbeaupays.com/backend/vendor/symfony/console/Application.php(356): Symfony\\Component\\Console\\Application->doRunCommand(Object(Illuminate\\Database\\Console\\Migrations\\MigrateCommand), Object(Symfony\\Component\\Console\\Input\\ArgvInput), Object(Symfony\\Component\\Console\\Output\\ConsoleOutput))
#30 /Users/lkmdigital/monbeaupays.com/backend/vendor/symfony/console/Application.php(195): Symfony\\Component\\Console\\Application->doRun(Object(Symfony\\Component\\Console\\Input\\ArgvInput), Object(Symfony\\Component\\Console\\Output\\ConsoleOutput))
#31 /Users/lkmdigital/monbeaupays.com/backend/vendor/laravel/framework/src/Illuminate/Foundation/Console/Kernel.php(198): Symfony\\Component\\Console\\Application->run(Object(Symfony\\Component\\Console\\Input\\ArgvInput), Object(Symfony\\Component\\Console\\Output\\ConsoleOutput))
#32 /Users/lkmdigital/monbeaupays.com/backend/artisan(12): Illuminate\\Foundation\\Console\\Kernel->handle(Object(Symfony\\Component\\Console\\Input\\ArgvInput), Object(Symfony\\Component\\Console\\Output\\ConsoleOutput))
#33 {main}

[previous exception] [object] (PDOException(code: 42S01): SQLSTATE[42S01]: Base table or view already exists: 1050 Table 'users' already exists at /Users/lkmdigital/monbeaupays.com/backend/vendor/laravel/framework/src/Illuminate/Database/Connection.php:571)
[stacktrace]
#0 /Users/lkmdigital/monbeaupays.com/backend/vendor/laravel/framework/src/Illuminate/Database/Connection.php(571): PDOStatement->execute()
#1 /Users/lkmdigital/monbeaupays.com/backend/vendor/laravel/framework/src/Illuminate/Database/Connection.php(812): Illuminate\\Database\\Connection->{closure:Illuminate\\Database\\Connection::statement():560}('create table `u...', Array)
#2 /Users/lkmdigital/monbeaupays.com/backend/vendor/laravel/framework/src/Illuminate/Database/Connection.php(779): Illuminate\\Database\\Connection->runQueryCallback('create table `u...', Array, Object(Closure))
#3 /Users/lkmdigital/monbeaupays.com/backend/vendor/laravel/framework/src/Illuminate/Database/Connection.php(560): Illuminate\\Database\\Connection->run('create table `u...', Array, Object(Closure))
#4 /Users/lkmdigital/monbeaupays.com/backend/vendor/laravel/framework/src/Illuminate/Database/Schema/Blueprint.php(118): Illuminate\\Database\\Connection->statement('create table `u...')
#5 /Users/lkmdigital/monbeaupays.com/backend/vendor/laravel/framework/src/Illuminate/Database/Schema/Builder.php(564): Illuminate\\Database\\Schema\\Blueprint->build(Object(Illuminate\\Database\\MySqlConnection), Object(Illuminate\\Database\\Schema\\Grammars\\MySqlGrammar))
#6 /Users/lkmdigital/monbeaupays.com/backend/vendor/laravel/framework/src/Illuminate/Database/Schema/Builder.php(418): Illuminate\\Database\\Schema\\Builder->build(Object(Illuminate\\Database\\Schema\\Blueprint))
#7 /Users/lkmdigital/monbeaupays.com/backend/vendor/laravel/framework/src/Illuminate/Support/Facades/Facade.php(361): Illuminate\\Database\\Schema\\Builder->create('users', Object(Closure))
#8 /Users/lkmdigital/monbeaupays.com/backend/database/migrations/2024_01_01_000001_create_users_table.php(11): Illuminate\\Support\\Facades\\Facade::__callStatic('create', Array)
#9 /Users/lkmdigital/monbeaupays.com/backend/vendor/laravel/framework/src/Illuminate/Database/Migrations/Migrator.php(507): Illuminate\\Database\\Migrations\\Migration@anonymous->up()
#10 /Users/lkmdigital/monbeaupays.com/backend/vendor/laravel/framework/src/Illuminate/Database/Migrations/Migrator.php(432): Illuminate\\Database\\Migrations\\Migrator->runMethod(Object(Illuminate\\Database\\MySqlConnection), Object(Illuminate\\Database\\Migrations\\Migration@anonymous), 'up')
#11 /Users/lkmdigital/monbeaupays.com/backend/vendor/laravel/framework/src/Illuminate/Database/Migrations/Migrator.php(441): Illuminate\\Database\\Migrations\\Migrator->{closure:Illuminate\\Database\\Migrations\\Migrator::runMigration():428}()
#12 /Users/lkmdigital/monbeaupays.com/backend/vendor/laravel/framework/src/Illuminate/Database/Migrations/Migrator.php(244): Illuminate\\Database\\Migrations\\Migrator->runMigration(Object(Illuminate\\Database\\Migrations\\Migration@anonymous), 'up')
#13 /Users/lkmdigital/monbeaupays.com/backend/vendor/laravel/framework/src/Illuminate/Console/View/Components/Task.php(40): Illuminate\\Database\\Migrations\\Migrator->{closure:Illuminate\\Database\\Migrations\\Migrator::runUp():244}()
#14 /Users/lkmdigital/monbeaupays.com/backend/vendor/laravel/framework/src/Illuminate/Database/Migrations/Migrator.php(798): Illuminate\\Console\\View\\Components\\Task->render('2024_01_01_0000...', Object(Closure))
#15 /Users/lkmdigital/monbeaupays.com/backend/vendor/laravel/framework/src/Illuminate/Database/Migrations/Migrator.php(244): Illuminate\\Database\\Migrations\\Migrator->write('Illuminate\\\\Cons...', '2024_01_01_0000...', Object(Closure))
#16 /Users/lkmdigital/monbeaupays.com/backend/vendor/laravel/framework/src/Illuminate/Database/Migrations/Migrator.php(211): Illuminate\\Database\\Migrations\\Migrator->runUp('/Users/lkmdigit...', 1, false)
#17 /Users/lkmdigital/monbeaupays.com/backend/vendor/laravel/framework/src/Illuminate/Database/Migrations/Migrator.php(138): Illuminate\\Database\\Migrations\\Migrator->runPending(Array, Array)
#18 /Users/lkmdigital/monbeaupays.com/backend/vendor/laravel/framework/src/Illuminate/Database/Console/Migrations/MigrateCommand.php(117): Illuminate\\Database\\Migrations\\Migrator->run(Array, Array)
#19 /Users/lkmdigital/monbeaupays.com/backend/vendor/laravel/framework/src/Illuminate/Database/Migrations/Migrator.php(658): Illuminate\\Database\\Console\\Migrations\\MigrateCommand->{closure:Illuminate\\Database\\Console\\Migrations\\MigrateCommand::runMigrations():110}()
#20 /Users/lkmdigital/monbeaupays.com/backend/vendor/laravel/framework/src/Illuminate/Database/Console/Migrations/MigrateCommand.php(110): Illuminate\\Database\\Migrations\\Migrator->usingConnection(NULL, Object(Closure))
#21 /Users/lkmdigital/monbeaupays.com/backend/vendor/laravel/framework/src/Illuminate/Database/Console/Migrations/MigrateCommand.php(89): Illuminate\\Database\\Console\\Migrations\\MigrateCommand->runMigrations()
#22 /Users/lkmdigital/monbeaupays.com/backend/vendor/laravel/framework/src/Illuminate/Container/BoundMethod.php(36): Illuminate\\Database\\Console\\Migrations\\MigrateCommand->handle()
#23 /Users/lkmdigital/monbeaupays.com/backend/vendor/laravel/framework/src/Illuminate/Container/Util.php(43): Illuminate\\Container\\BoundMethod::{closure:Illuminate\\Container\\BoundMethod::call():35}()
#24 /Users/lkmdigital/monbeaupays.com/backend/vendor/laravel/framework/src/Illuminate/Container/BoundMethod.php(95): Illuminate\\Container\\Util::unwrapIfClosure(Object(Closure))
#25 /Users/lkmdigital/monbeaupays.com/backend/vendor/laravel/framework/src/Illuminate/Container/BoundMethod.php(35): Illuminate\\Container\\BoundMethod::callBoundMethod(Object(Illuminate\\Foundation\\Application), Array, Object(Closure))
#26 /Users/lkmdigital/monbeaupays.com/backend/vendor/laravel/framework/src/Illuminate/Container/Container.php(696): Illuminate\\Container\\BoundMethod::call(Object(Illuminate\\Foundation\\Application), Array, Array, NULL)
#27 /Users/lkmdigital/monbeaupays.com/backend/vendor/laravel/framework/src/Illuminate/Console/Command.php(213): Illuminate\\Container\\Container->call(Array)
#28 /Users/lkmdigital/monbeaupays.com/backend/vendor/symfony/console/Command/Command.php(318): Illuminate\\Console\\Command->execute(Object(Symfony\\Component\\Console\\Input\\ArgvInput), Object(Illuminate\\Console\\OutputStyle))
#29 /Users/lkmdigital/monbeaupays.com/backend/vendor/laravel/framework/src/Illuminate/Console/Command.php(182): Symfony\\Component\\Console\\Command\\Command->run(Object(Symfony\\Component\\Console\\Input\\ArgvInput), Object(Illuminate\\Console\\OutputStyle))
#30 /Users/lkmdigital/monbeaupays.com/backend/vendor/symfony/console/Application.php(1073): Illuminate\\Console\\Command->run(Object(Symfony\\Component\\Console\\Input\\ArgvInput), Object(Symfony\\Component\\Console\\Output\\ConsoleOutput))
#31 /Users/lkmdigital/monbeaupays.com/backend/vendor/symfony/console/Application.php(356): Symfony\\Component\\Console\\Application->doRunCommand(Object(Illuminate\\Database\\Console\\Migrations\\MigrateCommand), Object(Symfony\\Component\\Console\\Input\\ArgvInput), Object(Symfony\\Component\\Console\\Output\\ConsoleOutput))
#32 /Users/lkmdigital/monbeaupays.com/backend/vendor/symfony/console/Application.php(195): Symfony\\Component\\Console\\Application->doRun(Object(Symfony\\Component\\Console\\Input\\ArgvInput), Object(Symfony\\Component\\Console\\Output\\ConsoleOutput))
#33 /Users/lkmdigital/monbeaupays.com/backend/vendor/laravel/framework/src/Illuminate/Foundation/Console/Kernel.php(198): Symfony\\Component\\Console\\Application->run(Object(Symfony\\Component\\Console\\Input\\ArgvInput), Object(Symfony\\Component\\Console\\Output\\ConsoleOutput))
#34 /Users/lkmdigital/monbeaupays.com/backend/artisan(12): Illuminate\\Foundation\\Console\\Kernel->handle(Object(Symfony\\Component\\Console\\Input\\ArgvInput), Object(Symfony\\Component\\Console\\Output\\ConsoleOutput))
#35 {main}
"} 
[2025-11-10 15:14:20] local.ERROR: SQLSTATE[42S01]: Base table or view already exists: 1050 Table 'accommodations' already exists (Connection: mysql, SQL: create table `accommodations` (`id` bigint unsigned not null auto_increment primary key, `host_id` bigint unsigned not null, `name` varchar(255) not null, `slug` varchar(255) not null, `type` enum('hotel', 'lodge', 'guesthouse', 'apartment') not null, `description` text not null, `description_en` text null, `address` varchar(255) not null, `city` varchar(255) not null, `latitude` decimal(10, 8) not null, `longitude` decimal(11, 8) not null, `price_per_night` decimal(10, 2) not null, `max_guests` int not null, `bedrooms` int not null, `bathrooms` int not null, `amenities` json null, `status` enum('pending', 'published', 'rejected') not null default 'pending', `is_featured` tinyint(1) not null default '0', `rating` decimal(3, 2) not null default '0', `total_reviews` int not null default '0', `created_at` timestamp null, `updated_at` timestamp null) default character set utf8mb4 collate 'utf8mb4_unicode_ci') {"exception":"[object] (Illuminate\\Database\\QueryException(code: 42S01): SQLSTATE[42S01]: Base table or view already exists: 1050 Table 'accommodations' already exists (Connection: mysql, SQL: create table `accommodations` (`id` bigint unsigned not null auto_increment primary key, `host_id` bigint unsigned not null, `name` varchar(255) not null, `slug` varchar(255) not null, `type` enum('hotel', 'lodge', 'guesthouse', 'apartment') not null, `description` text not null, `description_en` text null, `address` varchar(255) not null, `city` varchar(255) not null, `latitude` decimal(10, 8) not null, `longitude` decimal(11, 8) not null, `price_per_night` decimal(10, 2) not null, `max_guests` int not null, `bedrooms` int not null, `bathrooms` int not null, `amenities` json null, `status` enum('pending', 'published', 'rejected') not null default 'pending', `is_featured` tinyint(1) not null default '0', `rating` decimal(3, 2) not null default '0', `total_reviews` int not null default '0', `created_at` timestamp null, `updated_at` timestamp null) default character set utf8mb4 collate 'utf8mb4_unicode_ci') at /Users/lkmdigital/monbeaupays.com/backend/vendor/laravel/framework/src/Illuminate/Database/Connection.php:825)
[stacktrace]
#0 /Users/lkmdigital/monbeaupays.com/backend/vendor/laravel/framework/src/Illuminate/Database/Connection.php(779): Illuminate\\Database\\Connection->runQueryCallback('create table `a...', Array, Object(Closure))
#1 /Users/lkmdigital/monbeaupays.com/backend/vendor/laravel/framework/src/Illuminate/Database/Connection.php(560): Illuminate\\Database\\Connection->run('create table `a...', Array, Object(Closure))
#2 /Users/lkmdigital/monbeaupays.com/backend/vendor/laravel/framework/src/Illuminate/Database/Schema/Blueprint.php(118): Illuminate\\Database\\Connection->statement('create table `a...')
#3 /Users/lkmdigital/monbeaupays.com/backend/vendor/laravel/framework/src/Illuminate/Database/Schema/Builder.php(564): Illuminate\\Database\\Schema\\Blueprint->build(Object(Illuminate\\Database\\MySqlConnection), Object(Illuminate\\Database\\Schema\\Grammars\\MySqlGrammar))
#4 /Users/lkmdigital/monbeaupays.com/backend/vendor/laravel/framework/src/Illuminate/Database/Schema/Builder.php(418): Illuminate\\Database\\Schema\\Builder->build(Object(Illuminate\\Database\\Schema\\Blueprint))
#5 /Users/lkmdigital/monbeaupays.com/backend/vendor/laravel/framework/src/Illuminate/Support/Facades/Facade.php(361): Illuminate\\Database\\Schema\\Builder->create('accommodations', Object(Closure))
#6 /Users/lkmdigital/monbeaupays.com/backend/database/migrations/2024_01_01_000002_create_accommodations_table.php(11): Illuminate\\Support\\Facades\\Facade::__callStatic('create', Array)
#7 /Users/lkmdigital/monbeaupays.com/backend/vendor/laravel/framework/src/Illuminate/Database/Migrations/Migrator.php(507): Illuminate\\Database\\Migrations\\Migration@anonymous->up()
#8 /Users/lkmdigital/monbeaupays.com/backend/vendor/laravel/framework/src/Illuminate/Database/Migrations/Migrator.php(432): Illuminate\\Database\\Migrations\\Migrator->runMethod(Object(Illuminate\\Database\\MySqlConnection), Object(Illuminate\\Database\\Migrations\\Migration@anonymous), 'up')
#9 /Users/lkmdigital/monbeaupays.com/backend/vendor/laravel/framework/src/Illuminate/Database/Migrations/Migrator.php(441): Illuminate\\Database\\Migrations\\Migrator->{closure:Illuminate\\Database\\Migrations\\Migrator::runMigration():428}()
#10 /Users/lkmdigital/monbeaupays.com/backend/vendor/laravel/framework/src/Illuminate/Database/Migrations/Migrator.php(244): Illuminate\\Database\\Migrations\\Migrator->runMigration(Object(Illuminate\\Database\\Migrations\\Migration@anonymous), 'up')
#11 /Users/lkmdigital/monbeaupays.com/backend/vendor/laravel/framework/src/Illuminate/Console/View/Components/Task.php(40): Illuminate\\Database\\Migrations\\Migrator->{closure:Illuminate\\Database\\Migrations\\Migrator::runUp():244}()
#12 /Users/lkmdigital/monbeaupays.com/backend/vendor/laravel/framework/src/Illuminate/Database/Migrations/Migrator.php(798): Illuminate\\Console\\View\\Components\\Task->render('2024_01_01_0000...', Object(Closure))
#13 /Users/lkmdigital/monbeaupays.com/backend/vendor/laravel/framework/src/Illuminate/Database/Migrations/Migrator.php(244): Illuminate\\Database\\Migrations\\Migrator->write('Illuminate\\\\Cons...', '2024_01_01_0000...', Object(Closure))
#14 /Users/lkmdigital/monbeaupays.com/backend/vendor/laravel/framework/src/Illuminate/Database/Migrations/Migrator.php(211): Illuminate\\Database\\Migrations\\Migrator->runUp('/Users/lkmdigit...', 1, false)
#15 /Users/lkmdigital/monbeaupays.com/backend/vendor/laravel/framework/src/Illuminate/Database/Migrations/Migrator.php(138): Illuminate\\Database\\Migrations\\Migrator->runPending(Array, Array)
#16 /Users/lkmdigital/monbeaupays.com/backend/vendor/laravel/framework/src/Illuminate/Database/Console/Migrations/MigrateCommand.php(117): Illuminate\\Database\\Migrations\\Migrator->run(Array, Array)
#17 /Users/lkmdigital/monbeaupays.com/backend/vendor/laravel/framework/src/Illuminate/Database/Migrations/Migrator.php(658): Illuminate\\Database\\Console\\Migrations\\MigrateCommand->{closure:Illuminate\\Database\\Console\\Migrations\\MigrateCommand::runMigrations():110}()
#18 /Users/lkmdigital/monbeaupays.com/backend/vendor/laravel/framework/src/Illuminate/Database/Console/Migrations/MigrateCommand.php(110): Illuminate\\Database\\Migrations\\Migrator->usingConnection(NULL, Object(Closure))
#19 /Users/lkmdigital/monbeaupays.com/backend/vendor/laravel/framework/src/Illuminate/Database/Console/Migrations/MigrateCommand.php(89): Illuminate\\Database\\Console\\Migrations\\MigrateCommand->runMigrations()
#20 /Users/lkmdigital/monbeaupays.com/backend/vendor/laravel/framework/src/Illuminate/Container/BoundMethod.php(36): Illuminate\\Database\\Console\\Migrations\\MigrateCommand->handle()
#21 /Users/lkmdigital/monbeaupays.com/backend/vendor/laravel/framework/src/Illuminate/Container/Util.php(43): Illuminate\\Container\\BoundMethod::{closure:Illuminate\\Container\\BoundMethod::call():35}()
#22 /Users/lkmdigital/monbeaupays.com/backend/vendor/laravel/framework/src/Illuminate/Container/BoundMethod.php(95): Illuminate\\Container\\Util::unwrapIfClosure(Object(Closure))
#23 /Users/lkmdigital/monbeaupays.com/backend/vendor/laravel/framework/src/Illuminate/Container/BoundMethod.php(35): Illuminate\\Container\\BoundMethod::callBoundMethod(Object(Illuminate\\Foundation\\Application), Array, Object(Closure))
#24 /Users/lkmdigital/monbeaupays.com/backend/vendor/laravel/framework/src/Illuminate/Container/Container.php(696): Illuminate\\Container\\BoundMethod::call(Object(Illuminate\\Foundation\\Application), Array, Array, NULL)
#25 /Users/lkmdigital/monbeaupays.com/backend/vendor/laravel/framework/src/Illuminate/Console/Command.php(213): Illuminate\\Container\\Container->call(Array)
#26 /Users/lkmdigital/monbeaupays.com/backend/vendor/symfony/console/Command/Command.php(318): Illuminate\\Console\\Command->execute(Object(Symfony\\Component\\Console\\Input\\ArgvInput), Object(Illuminate\\Console\\OutputStyle))
#27 /Users/lkmdigital/monbeaupays.com/backend/vendor/laravel/framework/src/Illuminate/Console/Command.php(182): Symfony\\Component\\Console\\Command\\Command->run(Object(Symfony\\Component\\Console\\Input\\ArgvInput), Object(Illuminate\\Console\\OutputStyle))
#28 /Users/lkmdigital/monbeaupays.com/backend/vendor/symfony/console/Application.php(1073): Illuminate\\Console\\Command->run(Object(Symfony\\Component\\Console\\Input\\ArgvInput), Object(Symfony\\Component\\Console\\Output\\ConsoleOutput))
#29 /Users/lkmdigital/monbeaupays.com/backend/vendor/symfony/console/Application.php(356): Symfony\\Component\\Console\\Application->doRunCommand(Object(Illuminate\\Database\\Console\\Migrations\\MigrateCommand), Object(Symfony\\Component\\Console\\Input\\ArgvInput), Object(Symfony\\Component\\Console\\Output\\ConsoleOutput))
#30 /Users/lkmdigital/monbeaupays.com/backend/vendor/symfony/console/Application.php(195): Symfony\\Component\\Console\\Application->doRun(Object(Symfony\\Component\\Console\\Input\\ArgvInput), Object(Symfony\\Component\\Console\\Output\\ConsoleOutput))
#31 /Users/lkmdigital/monbeaupays.com/backend/vendor/laravel/framework/src/Illuminate/Foundation/Console/Kernel.php(198): Symfony\\Component\\Console\\Application->run(Object(Symfony\\Component\\Console\\Input\\ArgvInput), Object(Symfony\\Component\\Console\\Output\\ConsoleOutput))
#32 /Users/lkmdigital/monbeaupays.com/backend/artisan(12): Illuminate\\Foundation\\Console\\Kernel->handle(Object(Symfony\\Component\\Console\\Input\\ArgvInput), Object(Symfony\\Component\\Console\\Output\\ConsoleOutput))
#33 {main}

[previous exception] [object] (PDOException(code: 42S01): SQLSTATE[42S01]: Base table or view already exists: 1050 Table 'accommodations' already exists at /Users/lkmdigital/monbeaupays.com/backend/vendor/laravel/framework/src/Illuminate/Database/Connection.php:571)
[stacktrace]
#0 /Users/lkmdigital/monbeaupays.com/backend/vendor/laravel/framework/src/Illuminate/Database/Connection.php(571): PDOStatement->execute()
#1 /Users/lkmdigital/monbeaupays.com/backend/vendor/laravel/framework/src/Illuminate/Database/Connection.php(812): Illuminate\\Database\\Connection->{closure:Illuminate\\Database\\Connection::statement():560}('create table `a...', Array)
#2 /Users/lkmdigital/monbeaupays.com/backend/vendor/laravel/framework/src/Illuminate/Database/Connection.php(779): Illuminate\\Database\\Connection->runQueryCallback('create table `a...', Array, Object(Closure))
#3 /Users/lkmdigital/monbeaupays.com/backend/vendor/laravel/framework/src/Illuminate/Database/Connection.php(560): Illuminate\\Database\\Connection->run('create table `a...', Array, Object(Closure))
#4 /Users/lkmdigital/monbeaupays.com/backend/vendor/laravel/framework/src/Illuminate/Database/Schema/Blueprint.php(118): Illuminate\\Database\\Connection->statement('create table `a...')
#5 /Users/lkmdigital/monbeaupays.com/backend/vendor/laravel/framework/src/Illuminate/Database/Schema/Builder.php(564): Illuminate\\Database\\Schema\\Blueprint->build(Object(Illuminate\\Database\\MySqlConnection), Object(Illuminate\\Database\\Schema\\Grammars\\MySqlGrammar))
#6 /Users/lkmdigital/monbeaupays.com/backend/vendor/laravel/framework/src/Illuminate/Database/Schema/Builder.php(418): Illuminate\\Database\\Schema\\Builder->build(Object(Illuminate\\Database\\Schema\\Blueprint))
#7 /Users/lkmdigital/monbeaupays.com/backend/vendor/laravel/framework/src/Illuminate/Support/Facades/Facade.php(361): Illuminate\\Database\\Schema\\Builder->create('accommodations', Object(Closure))
#8 /Users/lkmdigital/monbeaupays.com/backend/database/migrations/2024_01_01_000002_create_accommodations_table.php(11): Illuminate\\Support\\Facades\\Facade::__callStatic('create', Array)
#9 /Users/lkmdigital/monbeaupays.com/backend/vendor/laravel/framework/src/Illuminate/Database/Migrations/Migrator.php(507): Illuminate\\Database\\Migrations\\Migration@anonymous->up()
#10 /Users/lkmdigital/monbeaupays.com/backend/vendor/laravel/framework/src/Illuminate/Database/Migrations/Migrator.php(432): Illuminate\\Database\\Migrations\\Migrator->runMethod(Object(Illuminate\\Database\\MySqlConnection), Object(Illuminate\\Database\\Migrations\\Migration@anonymous), 'up')
#11 /Users/lkmdigital/monbeaupays.com/backend/vendor/laravel/framework/src/Illuminate/Database/Migrations/Migrator.php(441): Illuminate\\Database\\Migrations\\Migrator->{closure:Illuminate\\Database\\Migrations\\Migrator::runMigration():428}()
#12 /Users/lkmdigital/monbeaupays.com/backend/vendor/laravel/framework/src/Illuminate/Database/Migrations/Migrator.php(244): Illuminate\\Database\\Migrations\\Migrator->runMigration(Object(Illuminate\\Database\\Migrations\\Migration@anonymous), 'up')
#13 /Users/lkmdigital/monbeaupays.com/backend/vendor/laravel/framework/src/Illuminate/Console/View/Components/Task.php(40): Illuminate\\Database\\Migrations\\Migrator->{closure:Illuminate\\Database\\Migrations\\Migrator::runUp():244}()
#14 /Users/lkmdigital/monbeaupays.com/backend/vendor/laravel/framework/src/Illuminate/Database/Migrations/Migrator.php(798): Illuminate\\Console\\View\\Components\\Task->render('2024_01_01_0000...', Object(Closure))
#15 /Users/lkmdigital/monbeaupays.com/backend/vendor/laravel/framework/src/Illuminate/Database/Migrations/Migrator.php(244): Illuminate\\Database\\Migrations\\Migrator->write('Illuminate\\\\Cons...', '2024_01_01_0000...', Object(Closure))
#16 /Users/lkmdigital/monbeaupays.com/backend/vendor/laravel/framework/src/Illuminate/Database/Migrations/Migrator.php(211): Illuminate\\Database\\Migrations\\Migrator->runUp('/Users/lkmdigit...', 1, false)
#17 /Users/lkmdigital/monbeaupays.com/backend/vendor/laravel/framework/src/Illuminate/Database/Migrations/Migrator.php(138): Illuminate\\Database\\Migrations\\Migrator->runPending(Array, Array)
#18 /Users/lkmdigital/monbeaupays.com/backend/vendor/laravel/framework/src/Illuminate/Database/Console/Migrations/MigrateCommand.php(117): Illuminate\\Database\\Migrations\\Migrator->run(Array, Array)
#19 /Users/lkmdigital/monbeaupays.com/backend/vendor/laravel/framework/src/Illuminate/Database/Migrations/Migrator.php(658): Illuminate\\Database\\Console\\Migrations\\MigrateCommand->{closure:Illuminate\\Database\\Console\\Migrations\\MigrateCommand::runMigrations():110}()
#20 /Users/lkmdigital/monbeaupays.com/backend/vendor/laravel/framework/src/Illuminate/Database/Console/Migrations/MigrateCommand.php(110): Illuminate\\Database\\Migrations\\Migrator->usingConnection(NULL, Object(Closure))
#21 /Users/lkmdigital/monbeaupays.com/backend/vendor/laravel/framework/src/Illuminate/Database/Console/Migrations/MigrateCommand.php(89): Illuminate\\Database\\Console\\Migrations\\MigrateCommand->runMigrations()
#22 /Users/lkmdigital/monbeaupays.com/backend/vendor/laravel/framework/src/Illuminate/Container/BoundMethod.php(36): Illuminate\\Database\\Console\\Migrations\\MigrateCommand->handle()
#23 /Users/lkmdigital/monbeaupays.com/backend/vendor/laravel/framework/src/Illuminate/Container/Util.php(43): Illuminate\\Container\\BoundMethod::{closure:Illuminate\\Container\\BoundMethod::call():35}()
#24 /Users/lkmdigital/monbeaupays.com/backend/vendor/laravel/framework/src/Illuminate/Container/BoundMethod.php(95): Illuminate\\Container\\Util::unwrapIfClosure(Object(Closure))
#25 /Users/lkmdigital/monbeaupays.com/backend/vendor/laravel/framework/src/Illuminate/Container/BoundMethod.php(35): Illuminate\\Container\\BoundMethod::callBoundMethod(Object(Illuminate\\Foundation\\Application), Array, Object(Closure))
#26 /Users/lkmdigital/monbeaupays.com/backend/vendor/laravel/framework/src/Illuminate/Container/Container.php(696): Illuminate\\Container\\BoundMethod::call(Object(Illuminate\\Foundation\\Application), Array, Array, NULL)
#27 /Users/lkmdigital/monbeaupays.com/backend/vendor/laravel/framework/src/Illuminate/Console/Command.php(213): Illuminate\\Container\\Container->call(Array)
#28 /Users/lkmdigital/monbeaupays.com/backend/vendor/symfony/console/Command/Command.php(318): Illuminate\\Console\\Command->execute(Object(Symfony\\Component\\Console\\Input\\ArgvInput), Object(Illuminate\\Console\\OutputStyle))
#29 /Users/lkmdigital/monbeaupays.com/backend/vendor/laravel/framework/src/Illuminate/Console/Command.php(182): Symfony\\Component\\Console\\Command\\Command->run(Object(Symfony\\Component\\Console\\Input\\ArgvInput), Object(Illuminate\\Console\\OutputStyle))
#30 /Users/lkmdigital/monbeaupays.com/backend/vendor/symfony/console/Application.php(1073): Illuminate\\Console\\Command->run(Object(Symfony\\Component\\Console\\Input\\ArgvInput), Object(Symfony\\Component\\Console\\Output\\ConsoleOutput))
#31 /Users/lkmdigital/monbeaupays.com/backend/vendor/symfony/console/Application.php(356): Symfony\\Component\\Console\\Application->doRunCommand(Object(Illuminate\\Database\\Console\\Migrations\\MigrateCommand), Object(Symfony\\Component\\Console\\Input\\ArgvInput), Object(Symfony\\Component\\Console\\Output\\ConsoleOutput))
#32 /Users/lkmdigital/monbeaupays.com/backend/vendor/symfony/console/Application.php(195): Symfony\\Component\\Console\\Application->doRun(Object(Symfony\\Component\\Console\\Input\\ArgvInput), Object(Symfony\\Component\\Console\\Output\\ConsoleOutput))
#33 /Users/lkmdigital/monbeaupays.com/backend/vendor/laravel/framework/src/Illuminate/Foundation/Console/Kernel.php(198): Symfony\\Component\\Console\\Application->run(Object(Symfony\\Component\\Console\\Input\\ArgvInput), Object(Symfony\\Component\\Console\\Output\\ConsoleOutput))
#34 /Users/lkmdigital/monbeaupays.com/backend/artisan(12): Illuminate\\Foundation\\Console\\Kernel->handle(Object(Symfony\\Component\\Console\\Input\\ArgvInput), Object(Symfony\\Component\\Console\\Output\\ConsoleOutput))
#35 {main}
"} 
[2025-11-10 16:05:50] local.ERROR: SQLSTATE[42S02]: Base table or view not found: 1146 Table 'monbeaupays.sessions' doesn't exist (Connection: mysql, SQL: select * from `sessions` where `id` = CLNmZCOyLOobf2uq80WL1z28RYEhcWrp2urcIwpg limit 1) {"exception":"[object] (Illuminate\\Database\\QueryException(code: 42S02): SQLSTATE[42S02]: Base table or view not found: 1146 Table 'monbeaupays.sessions' doesn't exist (Connection: mysql, SQL: select * from `sessions` where `id` = CLNmZCOyLOobf2uq80WL1z28RYEhcWrp2urcIwpg limit 1) at /Users/lkmdigital/monbeaupays.com/backend/vendor/laravel/framework/src/Illuminate/Database/Connection.php:825)
[stacktrace]
#0 /Users/lkmdigital/monbeaupays.com/backend/vendor/laravel/framework/src/Illuminate/Database/Connection.php(779): Illuminate\\Database\\Connection->runQueryCallback('select * from `...', Array, Object(Closure))
#1 /Users/lkmdigital/monbeaupays.com/backend/vendor/laravel/framework/src/Illuminate/Database/Connection.php(398): Illuminate\\Database\\Connection->run('select * from `...', Array, Object(Closure))
#2 /Users/lkmdigital/monbeaupays.com/backend/vendor/laravel/framework/src/Illuminate/Database/Query/Builder.php(3106): Illuminate\\Database\\Connection->select('select * from `...', Array, false)
#3 /Users/lkmdigital/monbeaupays.com/backend/vendor/laravel/framework/src/Illuminate/Database/Query/Builder.php(3091): Illuminate\\Database\\Query\\Builder->runSelect()
#4 /Users/lkmdigital/monbeaupays.com/backend/vendor/laravel/framework/src/Illuminate/Database/Query/Builder.php(3676): Illuminate\\Database\\Query\\Builder->{closure:Illuminate\\Database\\Query\\Builder::get():3090}()
#5 /Users/lkmdigital/monbeaupays.com/backend/vendor/laravel/framework/src/Illuminate/Database/Query/Builder.php(3090): Illuminate\\Database\\Query\\Builder->onceWithColumns(Array, Object(Closure))
#6 /Users/lkmdigital/monbeaupays.com/backend/vendor/laravel/framework/src/Illuminate/Database/Concerns/BuildsQueries.php(343): Illuminate\\Database\\Query\\Builder->get(Array)
#7 /Users/lkmdigital/monbeaupays.com/backend/vendor/laravel/framework/src/Illuminate/Database/Query/Builder.php(3013): Illuminate\\Database\\Query\\Builder->first(Array)
#8 /Users/lkmdigital/monbeaupays.com/backend/vendor/laravel/framework/src/Illuminate/Session/DatabaseSessionHandler.php(97): Illuminate\\Database\\Query\\Builder->find('CLNmZCOyLOobf2u...')
#9 /Users/lkmdigital/monbeaupays.com/backend/vendor/laravel/framework/src/Illuminate/Session/Store.php(117): Illuminate\\Session\\DatabaseSessionHandler->read('CLNmZCOyLOobf2u...')
#10 /Users/lkmdigital/monbeaupays.com/backend/vendor/laravel/framework/src/Illuminate/Session/Store.php(105): Illuminate\\Session\\Store->readFromHandler()
#11 /Users/lkmdigital/monbeaupays.com/backend/vendor/laravel/framework/src/Illuminate/Session/Store.php(89): Illuminate\\Session\\Store->loadSession()
#12 /Users/lkmdigital/monbeaupays.com/backend/vendor/laravel/framework/src/Illuminate/Session/Middleware/StartSession.php(147): Illuminate\\Session\\Store->start()
#13 /Users/lkmdigital/monbeaupays.com/backend/vendor/laravel/framework/src/Illuminate/Support/helpers.php(399): Illuminate\\Session\\Middleware\\StartSession->{closure:Illuminate\\Session\\Middleware\\StartSession::startSession():144}(Object(Illuminate\\Session\\Store))
#14 /Users/lkmdigital/monbeaupays.com/backend/vendor/laravel/framework/src/Illuminate/Session/Middleware/StartSession.php(144): tap(Object(Illuminate\\Session\\Store), Object(Closure))
#15 /Users/lkmdigital/monbeaupays.com/backend/vendor/laravel/framework/src/Illuminate/Session/Middleware/StartSession.php(116): Illuminate\\Session\\Middleware\\StartSession->startSession(Object(Illuminate\\Http\\Request), Object(Illuminate\\Session\\Store))
#16 /Users/lkmdigital/monbeaupays.com/backend/vendor/laravel/framework/src/Illuminate/Session/Middleware/StartSession.php(64): Illuminate\\Session\\Middleware\\StartSession->handleStatefulRequest(Object(Illuminate\\Http\\Request), Object(Illuminate\\Session\\Store), Object(Closure))
#17 /Users/lkmdigital/monbeaupays.com/backend/vendor/laravel/framework/src/Illuminate/Pipeline/Pipeline.php(209): Illuminate\\Session\\Middleware\\StartSession->handle(Object(Illuminate\\Http\\Request), Object(Closure))
#18 /Users/lkmdigital/monbeaupays.com/backend/vendor/laravel/framework/src/Illuminate/Cookie/Middleware/AddQueuedCookiesToResponse.php(37): Illuminate\\Pipeline\\Pipeline->{closure:{closure:Illuminate\\Pipeline\\Pipeline::carry():184}:185}(Object(Illuminate\\Http\\Request))
#19 /Users/lkmdigital/monbeaupays.com/backend/vendor/laravel/framework/src/Illuminate/Pipeline/Pipeline.php(209): Illuminate\\Cookie\\Middleware\\AddQueuedCookiesToResponse->handle(Object(Illuminate\\Http\\Request), Object(Closure))
#20 /Users/lkmdigital/monbeaupays.com/backend/vendor/laravel/framework/src/Illuminate/Cookie/Middleware/EncryptCookies.php(75): Illuminate\\Pipeline\\Pipeline->{closure:{closure:Illuminate\\Pipeline\\Pipeline::carry():184}:185}(Object(Illuminate\\Http\\Request))
#21 /Users/lkmdigital/monbeaupays.com/backend/vendor/laravel/framework/src/Illuminate/Pipeline/Pipeline.php(209): Illuminate\\Cookie\\Middleware\\EncryptCookies->handle(Object(Illuminate\\Http\\Request), Object(Closure))
#22 /Users/lkmdigital/monbeaupays.com/backend/vendor/laravel/sanctum/src/Http/Middleware/EnsureFrontendRequestsAreStateful.php(61): Illuminate\\Pipeline\\Pipeline->{closure:{closure:Illuminate\\Pipeline\\Pipeline::carry():184}:185}(Object(Illuminate\\Http\\Request))
#23 /Users/lkmdigital/monbeaupays.com/backend/vendor/laravel/framework/src/Illuminate/Pipeline/Pipeline.php(191): Laravel\\Sanctum\\Http\\Middleware\\EnsureFrontendRequestsAreStateful->{closure:Laravel\\Sanctum\\Http\\Middleware\\EnsureFrontendRequestsAreStateful::frontendMiddleware():58}(Object(Illuminate\\Http\\Request), Object(Closure))
#24 /Users/lkmdigital/monbeaupays.com/backend/vendor/laravel/framework/src/Illuminate/Pipeline/Pipeline.php(127): Illuminate\\Pipeline\\Pipeline->{closure:{closure:Illuminate\\Pipeline\\Pipeline::carry():184}:185}(Object(Illuminate\\Http\\Request))
#25 /Users/lkmdigital/monbeaupays.com/backend/vendor/laravel/sanctum/src/Http/Middleware/EnsureFrontendRequestsAreStateful.php(25): Illuminate\\Pipeline\\Pipeline->then(Object(Closure))
#26 /Users/lkmdigital/monbeaupays.com/backend/vendor/laravel/framework/src/Illuminate/Pipeline/Pipeline.php(209): Laravel\\Sanctum\\Http\\Middleware\\EnsureFrontendRequestsAreStateful->handle(Object(Illuminate\\Http\\Request), Object(Closure))
#27 /Users/lkmdigital/monbeaupays.com/backend/vendor/laravel/framework/src/Illuminate/Pipeline/Pipeline.php(127): Illuminate\\Pipeline\\Pipeline->{closure:{closure:Illuminate\\Pipeline\\Pipeline::carry():184}:185}(Object(Illuminate\\Http\\Request))
#28 /Users/lkmdigital/monbeaupays.com/backend/vendor/laravel/framework/src/Illuminate/Routing/Router.php(807): Illuminate\\Pipeline\\Pipeline->then(Object(Closure))
#29 /Users/lkmdigital/monbeaupays.com/backend/vendor/laravel/framework/src/Illuminate/Routing/Router.php(786): Illuminate\\Routing\\Router->runRouteWithinStack(Object(Illuminate\\Routing\\Route), Object(Illuminate\\Http\\Request))
#30 /Users/lkmdigital/monbeaupays.com/backend/vendor/laravel/framework/src/Illuminate/Routing/Router.php(750): Illuminate\\Routing\\Router->runRoute(Object(Illuminate\\Http\\Request), Object(Illuminate\\Routing\\Route))
#31 /Users/lkmdigital/monbeaupays.com/backend/vendor/laravel/framework/src/Illuminate/Routing/Router.php(739): Illuminate\\Routing\\Router->dispatchToRoute(Object(Illuminate\\Http\\Request))
#32 /Users/lkmdigital/monbeaupays.com/backend/vendor/laravel/framework/src/Illuminate/Foundation/Http/Kernel.php(201): Illuminate\\Routing\\Router->dispatch(Object(Illuminate\\Http\\Request))
#33 /Users/lkmdigital/monbeaupays.com/backend/vendor/laravel/framework/src/Illuminate/Pipeline/Pipeline.php(170): Illuminate\\Foundation\\Http\\Kernel->{closure:Illuminate\\Foundation\\Http\\Kernel::dispatchToRouter():198}(Object(Illuminate\\Http\\Request))
#34 /Users/lkmdigital/monbeaupays.com/backend/vendor/laravel/framework/src/Illuminate/Foundation/Http/Middleware/TransformsRequest.php(21): Illuminate\\Pipeline\\Pipeline->{closure:Illuminate\\Pipeline\\Pipeline::prepareDestination():168}(Object(Illuminate\\Http\\Request))
#35 /Users/lkmdigital/monbeaupays.com/backend/vendor/laravel/framework/src/Illuminate/Foundation/Http/Middleware/ConvertEmptyStringsToNull.php(31): Illuminate\\Foundation\\Http\\Middleware\\TransformsRequest->handle(Object(Illuminate\\Http\\Request), Object(Closure))
#36 /Users/lkmdigital/monbeaupays.com/backend/vendor/laravel/framework/src/Illuminate/Pipeline/Pipeline.php(209): Illuminate\\Foundation\\Http\\Middleware\\ConvertEmptyStringsToNull->handle(Object(Illuminate\\Http\\Request), Object(Closure))
#37 /Users/lkmdigital/monbeaupays.com/backend/vendor/laravel/framework/src/Illuminate/Foundation/Http/Middleware/TransformsRequest.php(21): Illuminate\\Pipeline\\Pipeline->{closure:{closure:Illuminate\\Pipeline\\Pipeline::carry():184}:185}(Object(Illuminate\\Http\\Request))
#38 /Users/lkmdigital/monbeaupays.com/backend/vendor/laravel/framework/src/Illuminate/Foundation/Http/Middleware/TrimStrings.php(51): Illuminate\\Foundation\\Http\\Middleware\\TransformsRequest->handle(Object(Illuminate\\Http\\Request), Object(Closure))
#39 /Users/lkmdigital/monbeaupays.com/backend/vendor/laravel/framework/src/Illuminate/Pipeline/Pipeline.php(209): Illuminate\\Foundation\\Http\\Middleware\\TrimStrings->handle(Object(Illuminate\\Http\\Request), Object(Closure))
#40 /Users/lkmdigital/monbeaupays.com/backend/vendor/laravel/framework/src/Illuminate/Http/Middleware/ValidatePostSize.php(27): Illuminate\\Pipeline\\Pipeline->{closure:{closure:Illuminate\\Pipeline\\Pipeline::carry():184}:185}(Object(Illuminate\\Http\\Request))
#41 /Users/lkmdigital/monbeaupays.com/backend/vendor/laravel/framework/src/Illuminate/Pipeline/Pipeline.php(209): Illuminate\\Http\\Middleware\\ValidatePostSize->handle(Object(Illuminate\\Http\\Request), Object(Closure))
#42 /Users/lkmdigital/monbeaupays.com/backend/vendor/laravel/framework/src/Illuminate/Foundation/Http/Middleware/PreventRequestsDuringMaintenance.php(110): Illuminate\\Pipeline\\Pipeline->{closure:{closure:Illuminate\\Pipeline\\Pipeline::carry():184}:185}(Object(Illuminate\\Http\\Request))
#43 /Users/lkmdigital/monbeaupays.com/backend/vendor/laravel/framework/src/Illuminate/Pipeline/Pipeline.php(209): Illuminate\\Foundation\\Http\\Middleware\\PreventRequestsDuringMaintenance->handle(Object(Illuminate\\Http\\Request), Object(Closure))
#44 /Users/lkmdigital/monbeaupays.com/backend/vendor/laravel/framework/src/Illuminate/Http/Middleware/HandleCors.php(62): Illuminate\\Pipeline\\Pipeline->{closure:{closure:Illuminate\\Pipeline\\Pipeline::carry():184}:185}(Object(Illuminate\\Http\\Request))
#45 /Users/lkmdigital/monbeaupays.com/backend/vendor/laravel/framework/src/Illuminate/Pipeline/Pipeline.php(209): Illuminate\\Http\\Middleware\\HandleCors->handle(Object(Illuminate\\Http\\Request), Object(Closure))
#46 /Users/lkmdigital/monbeaupays.com/backend/vendor/laravel/framework/src/Illuminate/Http/Middleware/TrustProxies.php(58): Illuminate\\Pipeline\\Pipeline->{closure:{closure:Illuminate\\Pipeline\\Pipeline::carry():184}:185}(Object(Illuminate\\Http\\Request))
#47 /Users/lkmdigital/monbeaupays.com/backend/vendor/laravel/framework/src/Illuminate/Pipeline/Pipeline.php(209): Illuminate\\Http\\Middleware\\TrustProxies->handle(Object(Illuminate\\Http\\Request), Object(Closure))
#48 /Users/lkmdigital/monbeaupays.com/backend/vendor/laravel/framework/src/Illuminate/Foundation/Http/Middleware/InvokeDeferredCallbacks.php(22): Illuminate\\Pipeline\\Pipeline->{closure:{closure:Illuminate\\Pipeline\\Pipeline::carry():184}:185}(Object(Illuminate\\Http\\Request))
#49 /Users/lkmdigital/monbeaupays.com/backend/vendor/laravel/framework/src/Illuminate/Pipeline/Pipeline.php(209): Illuminate\\Foundation\\Http\\Middleware\\InvokeDeferredCallbacks->handle(Object(Illuminate\\Http\\Request), Object(Closure))
#50 /Users/lkmdigital/monbeaupays.com/backend/vendor/laravel/framework/src/Illuminate/Pipeline/Pipeline.php(127): Illuminate\\Pipeline\\Pipeline->{closure:{closure:Illuminate\\Pipeline\\Pipeline::carry():184}:185}(Object(Illuminate\\Http\\Request))
#51 /Users/lkmdigital/monbeaupays.com/backend/vendor/laravel/framework/src/Illuminate/Foundation/Http/Kernel.php(176): Illuminate\\Pipeline\\Pipeline->then(Object(Closure))
#52 /Users/lkmdigital/monbeaupays.com/backend/vendor/laravel/framework/src/Illuminate/Foundation/Http/Kernel.php(145): Illuminate\\Foundation\\Http\\Kernel->sendRequestThroughRouter(Object(Illuminate\\Http\\Request))
#53 /Users/lkmdigital/monbeaupays.com/backend/public/index.php(17): Illuminate\\Foundation\\Http\\Kernel->handle(Object(Illuminate\\Http\\Request))
#54 /Users/lkmdigital/monbeaupays.com/backend/vendor/laravel/framework/src/Illuminate/Foundation/resources/server.php(23): require_once('/Users/lkmdigit...')
#55 {main}

[previous exception] [object] (PDOException(code: 42S02): SQLSTATE[42S02]: Base table or view not found: 1146 Table 'monbeaupays.sessions' doesn't exist at /Users/lkmdigital/monbeaupays.com/backend/vendor/laravel/framework/src/Illuminate/Database/Connection.php:407)
[stacktrace]
#0 /Users/lkmdigital/monbeaupays.com/backend/vendor/laravel/framework/src/Illuminate/Database/Connection.php(407): PDO->prepare('select * from `...')
#1 /Users/lkmdigital/monbeaupays.com/backend/vendor/laravel/framework/src/Illuminate/Database/Connection.php(812): Illuminate\\Database\\Connection->{closure:Illuminate\\Database\\Connection::select():398}('select * from `...', Array)
#2 /Users/lkmdigital/monbeaupays.com/backend/vendor/laravel/framework/src/Illuminate/Database/Connection.php(779): Illuminate\\Database\\Connection->runQueryCallback('select * from `...', Array, Object(Closure))
#3 /Users/lkmdigital/monbeaupays.com/backend/vendor/laravel/framework/src/Illuminate/Database/Connection.php(398): Illuminate\\Database\\Connection->run('select * from `...', Array, Object(Closure))
#4 /Users/lkmdigital/monbeaupays.com/backend/vendor/laravel/framework/src/Illuminate/Database/Query/Builder.php(3106): Illuminate\\Database\\Connection->select('select * from `...', Array, false)
#5 /Users/lkmdigital/monbeaupays.com/backend/vendor/laravel/framework/src/Illuminate/Database/Query/Builder.php(3091): Illuminate\\Database\\Query\\Builder->runSelect()
#6 /Users/lkmdigital/monbeaupays.com/backend/vendor/laravel/framework/src/Illuminate/Database/Query/Builder.php(3676): Illuminate\\Database\\Query\\Builder->{closure:Illuminate\\Database\\Query\\Builder::get():3090}()
#7 /Users/lkmdigital/monbeaupays.com/backend/vendor/laravel/framework/src/Illuminate/Database/Query/Builder.php(3090): Illuminate\\Database\\Query\\Builder->onceWithColumns(Array, Object(Closure))
#8 /Users/lkmdigital/monbeaupays.com/backend/vendor/laravel/framework/src/Illuminate/Database/Concerns/BuildsQueries.php(343): Illuminate\\Database\\Query\\Builder->get(Array)
#9 /Users/lkmdigital/monbeaupays.com/backend/vendor/laravel/framework/src/Illuminate/Database/Query/Builder.php(3013): Illuminate\\Database\\Query\\Builder->first(Array)
#10 /Users/lkmdigital/monbeaupays.com/backend/vendor/laravel/framework/src/Illuminate/Session/DatabaseSessionHandler.php(97): Illuminate\\Database\\Query\\Builder->find('CLNmZCOyLOobf2u...')
#11 /Users/lkmdigital/monbeaupays.com/backend/vendor/laravel/framework/src/Illuminate/Session/Store.php(117): Illuminate\\Session\\DatabaseSessionHandler->read('CLNmZCOyLOobf2u...')
#12 /Users/lkmdigital/monbeaupays.com/backend/vendor/laravel/framework/src/Illuminate/Session/Store.php(105): Illuminate\\Session\\Store->readFromHandler()
#13 /Users/lkmdigital/monbeaupays.com/backend/vendor/laravel/framework/src/Illuminate/Session/Store.php(89): Illuminate\\Session\\Store->loadSession()
#14 /Users/lkmdigital/monbeaupays.com/backend/vendor/laravel/framework/src/Illuminate/Session/Middleware/StartSession.php(147): Illuminate\\Session\\Store->start()
#15 /Users/lkmdigital/monbeaupays.com/backend/vendor/laravel/framework/src/Illuminate/Support/helpers.php(399): Illuminate\\Session\\Middleware\\StartSession->{closure:Illuminate\\Session\\Middleware\\StartSession::startSession():144}(Object(Illuminate\\Session\\Store))
#16 /Users/lkmdigital/monbeaupays.com/backend/vendor/laravel/framework/src/Illuminate/Session/Middleware/StartSession.php(144): tap(Object(Illuminate\\Session\\Store), Object(Closure))
#17 /Users/lkmdigital/monbeaupays.com/backend/vendor/laravel/framework/src/Illuminate/Session/Middleware/StartSession.php(116): Illuminate\\Session\\Middleware\\StartSession->startSession(Object(Illuminate\\Http\\Request), Object(Illuminate\\Session\\Store))
#18 /Users/lkmdigital/monbeaupays.com/backend/vendor/laravel/framework/src/Illuminate/Session/Middleware/StartSession.php(64): Illuminate\\Session\\Middleware\\StartSession->handleStatefulRequest(Object(Illuminate\\Http\\Request), Object(Illuminate\\Session\\Store), Object(Closure))
#19 /Users/lkmdigital/monbeaupays.com/backend/vendor/laravel/framework/src/Illuminate/Pipeline/Pipeline.php(209): Illuminate\\Session\\Middleware\\StartSession->handle(Object(Illuminate\\Http\\Request), Object(Closure))
#20 /Users/lkmdigital/monbeaupays.com/backend/vendor/laravel/framework/src/Illuminate/Cookie/Middleware/AddQueuedCookiesToResponse.php(37): Illuminate\\Pipeline\\Pipeline->{closure:{closure:Illuminate\\Pipeline\\Pipeline::carry():184}:185}(Object(Illuminate\\Http\\Request))
#21 /Users/lkmdigital/monbeaupays.com/backend/vendor/laravel/framework/src/Illuminate/Pipeline/Pipeline.php(209): Illuminate\\Cookie\\Middleware\\AddQueuedCookiesToResponse->handle(Object(Illuminate\\Http\\Request), Object(Closure))
#22 /Users/lkmdigital/monbeaupays.com/backend/vendor/laravel/framework/src/Illuminate/Cookie/Middleware/EncryptCookies.php(75): Illuminate\\Pipeline\\Pipeline->{closure:{closure:Illuminate\\Pipeline\\Pipeline::carry():184}:185}(Object(Illuminate\\Http\\Request))
#23 /Users/lkmdigital/monbeaupays.com/backend/vendor/laravel/framework/src/Illuminate/Pipeline/Pipeline.php(209): Illuminate\\Cookie\\Middleware\\EncryptCookies->handle(Object(Illuminate\\Http\\Request), Object(Closure))
#24 /Users/lkmdigital/monbeaupays.com/backend/vendor/laravel/sanctum/src/Http/Middleware/EnsureFrontendRequestsAreStateful.php(61): Illuminate\\Pipeline\\Pipeline->{closure:{closure:Illuminate\\Pipeline\\Pipeline::carry():184}:185}(Object(Illuminate\\Http\\Request))
#25 /Users/lkmdigital/monbeaupays.com/backend/vendor/laravel/framework/src/Illuminate/Pipeline/Pipeline.php(191): Laravel\\Sanctum\\Http\\Middleware\\EnsureFrontendRequestsAreStateful->{closure:Laravel\\Sanctum\\Http\\Middleware\\EnsureFrontendRequestsAreStateful::frontendMiddleware():58}(Object(Illuminate\\Http\\Request), Object(Closure))
#26 /Users/lkmdigital/monbeaupays.com/backend/vendor/laravel/framework/src/Illuminate/Pipeline/Pipeline.php(127): Illuminate\\Pipeline\\Pipeline->{closure:{closure:Illuminate\\Pipeline\\Pipeline::carry():184}:185}(Object(Illuminate\\Http\\Request))
#27 /Users/lkmdigital/monbeaupays.com/backend/vendor/laravel/sanctum/src/Http/Middleware/EnsureFrontendRequestsAreStateful.php(25): Illuminate\\Pipeline\\Pipeline->then(Object(Closure))
#28 /Users/lkmdigital/monbeaupays.com/backend/vendor/laravel/framework/src/Illuminate/Pipeline/Pipeline.php(209): Laravel\\Sanctum\\Http\\Middleware\\EnsureFrontendRequestsAreStateful->handle(Object(Illuminate\\Http\\Request), Object(Closure))
#29 /Users/lkmdigital/monbeaupays.com/backend/vendor/laravel/framework/src/Illuminate/Pipeline/Pipeline.php(127): Illuminate\\Pipeline\\Pipeline->{closure:{closure:Illuminate\\Pipeline\\Pipeline::carry():184}:185}(Object(Illuminate\\Http\\Request))
#30 /Users/lkmdigital/monbeaupays.com/backend/vendor/laravel/framework/src/Illuminate/Routing/Router.php(807): Illuminate\\Pipeline\\Pipeline->then(Object(Closure))
#31 /Users/lkmdigital/monbeaupays.com/backend/vendor/laravel/framework/src/Illuminate/Routing/Router.php(786): Illuminate\\Routing\\Router->runRouteWithinStack(Object(Illuminate\\Routing\\Route), Object(Illuminate\\Http\\Request))
#32 /Users/lkmdigital/monbeaupays.com/backend/vendor/laravel/framework/src/Illuminate/Routing/Router.php(750): Illuminate\\Routing\\Router->runRoute(Object(Illuminate\\Http\\Request), Object(Illuminate\\Routing\\Route))
#33 /Users/lkmdigital/monbeaupays.com/backend/vendor/laravel/framework/src/Illuminate/Routing/Router.php(739): Illuminate\\Routing\\Router->dispatchToRoute(Object(Illuminate\\Http\\Request))
#34 /Users/lkmdigital/monbeaupays.com/backend/vendor/laravel/framework/src/Illuminate/Foundation/Http/Kernel.php(201): Illuminate\\Routing\\Router->dispatch(Object(Illuminate\\Http\\Request))
#35 /Users/lkmdigital/monbeaupays.com/backend/vendor/laravel/framework/src/Illuminate/Pipeline/Pipeline.php(170): Illuminate\\Foundation\\Http\\Kernel->{closure:Illuminate\\Foundation\\Http\\Kernel::dispatchToRouter():198}(Object(Illuminate\\Http\\Request))
#36 /Users/lkmdigital/monbeaupays.com/backend/vendor/laravel/framework/src/Illuminate/Foundation/Http/Middleware/TransformsRequest.php(21): Illuminate\\Pipeline\\Pipeline->{closure:Illuminate\\Pipeline\\Pipeline::prepareDestination():168}(Object(Illuminate\\Http\\Request))
#37 /Users/lkmdigital/monbeaupays.com/backend/vendor/laravel/framework/src/Illuminate/Foundation/Http/Middleware/ConvertEmptyStringsToNull.php(31): Illuminate\\Foundation\\Http\\Middleware\\TransformsRequest->handle(Object(Illuminate\\Http\\Request), Object(Closure))
#38 /Users/lkmdigital/monbeaupays.com/backend/vendor/laravel/framework/src/Illuminate/Pipeline/Pipeline.php(209): Illuminate\\Foundation\\Http\\Middleware\\ConvertEmptyStringsToNull->handle(Object(Illuminate\\Http\\Request), Object(Closure))
#39 /Users/lkmdigital/monbeaupays.com/backend/vendor/laravel/framework/src/Illuminate/Foundation/Http/Middleware/TransformsRequest.php(21): Illuminate\\Pipeline\\Pipeline->{closure:{closure:Illuminate\\Pipeline\\Pipeline::carry():184}:185}(Object(Illuminate\\Http\\Request))
#40 /Users/lkmdigital/monbeaupays.com/backend/vendor/laravel/framework/src/Illuminate/Foundation/Http/Middleware/TrimStrings.php(51): Illuminate\\Foundation\\Http\\Middleware\\TransformsRequest->handle(Object(Illuminate\\Http\\Request), Object(Closure))
#41 /Users/lkmdigital/monbeaupays.com/backend/vendor/laravel/framework/src/Illuminate/Pipeline/Pipeline.php(209): Illuminate\\Foundation\\Http\\Middleware\\TrimStrings->handle(Object(Illuminate\\Http\\Request), Object(Closure))
#42 /Users/lkmdigital/monbeaupays.com/backend/vendor/laravel/framework/src/Illuminate/Http/Middleware/ValidatePostSize.php(27): Illuminate\\Pipeline\\Pipeline->{closure:{closure:Illuminate\\Pipeline\\Pipeline::carry():184}:185}(Object(Illuminate\\Http\\Request))
#43 /Users/lkmdigital/monbeaupays.com/backend/vendor/laravel/framework/src/Illuminate/Pipeline/Pipeline.php(209): Illuminate\\Http\\Middleware\\ValidatePostSize->handle(Object(Illuminate\\Http\\Request), Object(Closure))
#44 /Users/lkmdigital/monbeaupays.com/backend/vendor/laravel/framework/src/Illuminate/Foundation/Http/Middleware/PreventRequestsDuringMaintenance.php(110): Illuminate\\Pipeline\\Pipeline->{closure:{closure:Illuminate\\Pipeline\\Pipeline::carry():184}:185}(Object(Illuminate\\Http\\Request))
#45 /Users/lkmdigital/monbeaupays.com/backend/vendor/laravel/framework/src/Illuminate/Pipeline/Pipeline.php(209): Illuminate\\Foundation\\Http\\Middleware\\PreventRequestsDuringMaintenance->handle(Object(Illuminate\\Http\\Request), Object(Closure))
#46 /Users/lkmdigital/monbeaupays.com/backend/vendor/laravel/framework/src/Illuminate/Http/Middleware/HandleCors.php(62): Illuminate\\Pipeline\\Pipeline->{closure:{closure:Illuminate\\Pipeline\\Pipeline::carry():184}:185}(Object(Illuminate\\Http\\Request))
#47 /Users/lkmdigital/monbeaupays.com/backend/vendor/laravel/framework/src/Illuminate/Pipeline/Pipeline.php(209): Illuminate\\Http\\Middleware\\HandleCors->handle(Object(Illuminate\\Http\\Request), Object(Closure))
#48 /Users/lkmdigital/monbeaupays.com/backend/vendor/laravel/framework/src/Illuminate/Http/Middleware/TrustProxies.php(58): Illuminate\\Pipeline\\Pipeline->{closure:{closure:Illuminate\\Pipeline\\Pipeline::carry():184}:185}(Object(Illuminate\\Http\\Request))
#49 /Users/lkmdigital/monbeaupays.com/backend/vendor/laravel/framework/src/Illuminate/Pipeline/Pipeline.php(209): Illuminate\\Http\\Middleware\\TrustProxies->handle(Object(Illuminate\\Http\\Request), Object(Closure))
#50 /Users/lkmdigital/monbeaupays.com/backend/vendor/laravel/framework/src/Illuminate/Foundation/Http/Middleware/InvokeDeferredCallbacks.php(22): Illuminate\\Pipeline\\Pipeline->{closure:{closure:Illuminate\\Pipeline\\Pipeline::carry():184}:185}(Object(Illuminate\\Http\\Request))
#51 /Users/lkmdigital/monbeaupays.com/backend/vendor/laravel/framework/src/Illuminate/Pipeline/Pipeline.php(209): Illuminate\\Foundation\\Http\\Middleware\\InvokeDeferredCallbacks->handle(Object(Illuminate\\Http\\Request), Object(Closure))
#52 /Users/lkmdigital/monbeaupays.com/backend/vendor/laravel/framework/src/Illuminate/Pipeline/Pipeline.php(127): Illuminate\\Pipeline\\Pipeline->{closure:{closure:Illuminate\\Pipeline\\Pipeline::carry():184}:185}(Object(Illuminate\\Http\\Request))
#53 /Users/lkmdigital/monbeaupays.com/backend/vendor/laravel/framework/src/Illuminate/Foundation/Http/Kernel.php(176): Illuminate\\Pipeline\\Pipeline->then(Object(Closure))
#54 /Users/lkmdigital/monbeaupays.com/backend/vendor/laravel/framework/src/Illuminate/Foundation/Http/Kernel.php(145): Illuminate\\Foundation\\Http\\Kernel->sendRequestThroughRouter(Object(Illuminate\\Http\\Request))
#55 /Users/lkmdigital/monbeaupays.com/backend/public/index.php(17): Illuminate\\Foundation\\Http\\Kernel->handle(Object(Illuminate\\Http\\Request))
#56 /Users/lkmdigital/monbeaupays.com/backend/vendor/laravel/framework/src/Illuminate/Foundation/resources/server.php(23): require_once('/Users/lkmdigit...')
#57 {main}
"} 
[2025-11-10 16:07:10] local.ERROR: SQLSTATE[42S02]: Base table or view not found: 1146 Table 'monbeaupays.personal_access_tokens' doesn't exist (Connection: mysql, SQL: insert into `personal_access_tokens` (`name`, `token`, `abilities`, `expires_at`, `tokenable_id`, `tokenable_type`, `updated_at`, `created_at`) values (auth_token, 322aacdd53f8371cb9f96787d935d2f88529f101e7b2176599d93e9ea7815d32, ["*"], ?, 4, App\Models\User, 2025-11-10 16:07:10, 2025-11-10 16:07:10)) {"exception":"[object] (Illuminate\\Database\\QueryException(code: 42S02): SQLSTATE[42S02]: Base table or view not found: 1146 Table 'monbeaupays.personal_access_tokens' doesn't exist (Connection: mysql, SQL: insert into `personal_access_tokens` (`name`, `token`, `abilities`, `expires_at`, `tokenable_id`, `tokenable_type`, `updated_at`, `created_at`) values (auth_token, 322aacdd53f8371cb9f96787d935d2f88529f101e7b2176599d93e9ea7815d32, [\"*\"], ?, 4, App\\Models\\User, 2025-11-10 16:07:10, 2025-11-10 16:07:10)) at /Users/lkmdigital/monbeaupays.com/backend/vendor/laravel/framework/src/Illuminate/Database/Connection.php:825)
[stacktrace]
#0 /Users/lkmdigital/monbeaupays.com/backend/vendor/laravel/framework/src/Illuminate/Database/Connection.php(779): Illuminate\\Database\\Connection->runQueryCallback('insert into `pe...', Array, Object(Closure))
#1 /Users/lkmdigital/monbeaupays.com/backend/vendor/laravel/framework/src/Illuminate/Database/MySqlConnection.php(42): Illuminate\\Database\\Connection->run('insert into `pe...', Array, Object(Closure))
#2 /Users/lkmdigital/monbeaupays.com/backend/vendor/laravel/framework/src/Illuminate/Database/Query/Processors/MySqlProcessor.php(35): Illuminate\\Database\\MySqlConnection->insert('insert into `pe...', Array, 'id')
#3 /Users/lkmdigital/monbeaupays.com/backend/vendor/laravel/framework/src/Illuminate/Database/Query/Builder.php(3766): Illuminate\\Database\\Query\\Processors\\MySqlProcessor->processInsertGetId(Object(Illuminate\\Database\\Query\\Builder), 'insert into `pe...', Array, 'id')
#4 /Users/lkmdigital/monbeaupays.com/backend/vendor/laravel/framework/src/Illuminate/Database/Eloquent/Builder.php(2120): Illuminate\\Database\\Query\\Builder->insertGetId(Array, 'id')
#5 /Users/lkmdigital/monbeaupays.com/backend/vendor/laravel/framework/src/Illuminate/Database/Eloquent/Model.php(1359): Illuminate\\Database\\Eloquent\\Builder->__call('insertGetId', Array)
#6 /Users/lkmdigital/monbeaupays.com/backend/vendor/laravel/framework/src/Illuminate/Database/Eloquent/Model.php(1324): Illuminate\\Database\\Eloquent\\Model->insertAndSetId(Object(Illuminate\\Database\\Eloquent\\Builder), Array)
#7 /Users/lkmdigital/monbeaupays.com/backend/vendor/laravel/framework/src/Illuminate/Database/Eloquent/Model.php(1163): Illuminate\\Database\\Eloquent\\Model->performInsert(Object(Illuminate\\Database\\Eloquent\\Builder))
#8 /Users/lkmdigital/monbeaupays.com/backend/vendor/laravel/framework/src/Illuminate/Database/Eloquent/Relations/HasOneOrMany.php(371): Illuminate\\Database\\Eloquent\\Model->save()
#9 /Users/lkmdigital/monbeaupays.com/backend/vendor/laravel/framework/src/Illuminate/Support/helpers.php(399): Illuminate\\Database\\Eloquent\\Relations\\HasOneOrMany->{closure:Illuminate\\Database\\Eloquent\\Relations\\HasOneOrMany::create():368}(Object(Laravel\\Sanctum\\PersonalAccessToken))
#10 /Users/lkmdigital/monbeaupays.com/backend/vendor/laravel/framework/src/Illuminate/Database/Eloquent/Relations/HasOneOrMany.php(368): tap(Object(Laravel\\Sanctum\\PersonalAccessToken), Object(Closure))
#11 /Users/lkmdigital/monbeaupays.com/backend/vendor/laravel/sanctum/src/HasApiTokens.php(64): Illuminate\\Database\\Eloquent\\Relations\\HasOneOrMany->create(Array)
#12 /Users/lkmdigital/monbeaupays.com/backend/app/Http/Controllers/AuthController.php(53): App\\Models\\User->createToken('auth_token')
#13 /Users/lkmdigital/monbeaupays.com/backend/vendor/laravel/framework/src/Illuminate/Routing/ControllerDispatcher.php(47): App\\Http\\Controllers\\AuthController->login(Object(Illuminate\\Http\\Request))
#14 /Users/lkmdigital/monbeaupays.com/backend/vendor/laravel/framework/src/Illuminate/Routing/Route.php(266): Illuminate\\Routing\\ControllerDispatcher->dispatch(Object(Illuminate\\Routing\\Route), Object(App\\Http\\Controllers\\AuthController), 'login')
#15 /Users/lkmdigital/monbeaupays.com/backend/vendor/laravel/framework/src/Illuminate/Routing/Route.php(212): Illuminate\\Routing\\Route->runController()
#16 /Users/lkmdigital/monbeaupays.com/backend/vendor/laravel/framework/src/Illuminate/Routing/Router.php(808): Illuminate\\Routing\\Route->run()
#17 /Users/lkmdigital/monbeaupays.com/backend/vendor/laravel/framework/src/Illuminate/Pipeline/Pipeline.php(170): Illuminate\\Routing\\Router->{closure:Illuminate\\Routing\\Router::runRouteWithinStack():807}(Object(Illuminate\\Http\\Request))
#18 /Users/lkmdigital/monbeaupays.com/backend/vendor/laravel/framework/src/Illuminate/Routing/Middleware/SubstituteBindings.php(51): Illuminate\\Pipeline\\Pipeline->{closure:Illuminate\\Pipeline\\Pipeline::prepareDestination():168}(Object(Illuminate\\Http\\Request))
#19 /Users/lkmdigital/monbeaupays.com/backend/vendor/laravel/framework/src/Illuminate/Pipeline/Pipeline.php(209): Illuminate\\Routing\\Middleware\\SubstituteBindings->handle(Object(Illuminate\\Http\\Request), Object(Closure))
#20 /Users/lkmdigital/monbeaupays.com/backend/vendor/laravel/framework/src/Illuminate/Pipeline/Pipeline.php(127): Illuminate\\Pipeline\\Pipeline->{closure:{closure:Illuminate\\Pipeline\\Pipeline::carry():184}:185}(Object(Illuminate\\Http\\Request))
#21 /Users/lkmdigital/monbeaupays.com/backend/vendor/laravel/framework/src/Illuminate/Routing/Router.php(807): Illuminate\\Pipeline\\Pipeline->then(Object(Closure))
#22 /Users/lkmdigital/monbeaupays.com/backend/vendor/laravel/framework/src/Illuminate/Routing/Router.php(786): Illuminate\\Routing\\Router->runRouteWithinStack(Object(Illuminate\\Routing\\Route), Object(Illuminate\\Http\\Request))
#23 /Users/lkmdigital/monbeaupays.com/backend/vendor/laravel/framework/src/Illuminate/Routing/Router.php(750): Illuminate\\Routing\\Router->runRoute(Object(Illuminate\\Http\\Request), Object(Illuminate\\Routing\\Route))
#24 /Users/lkmdigital/monbeaupays.com/backend/vendor/laravel/framework/src/Illuminate/Routing/Router.php(739): Illuminate\\Routing\\Router->dispatchToRoute(Object(Illuminate\\Http\\Request))
#25 /Users/lkmdigital/monbeaupays.com/backend/vendor/laravel/framework/src/Illuminate/Foundation/Http/Kernel.php(201): Illuminate\\Routing\\Router->dispatch(Object(Illuminate\\Http\\Request))
#26 /Users/lkmdigital/monbeaupays.com/backend/vendor/laravel/framework/src/Illuminate/Pipeline/Pipeline.php(170): Illuminate\\Foundation\\Http\\Kernel->{closure:Illuminate\\Foundation\\Http\\Kernel::dispatchToRouter():198}(Object(Illuminate\\Http\\Request))
#27 /Users/lkmdigital/monbeaupays.com/backend/vendor/laravel/framework/src/Illuminate/Foundation/Http/Middleware/TransformsRequest.php(21): Illuminate\\Pipeline\\Pipeline->{closure:Illuminate\\Pipeline\\Pipeline::prepareDestination():168}(Object(Illuminate\\Http\\Request))
#28 /Users/lkmdigital/monbeaupays.com/backend/vendor/laravel/framework/src/Illuminate/Foundation/Http/Middleware/ConvertEmptyStringsToNull.php(31): Illuminate\\Foundation\\Http\\Middleware\\TransformsRequest->handle(Object(Illuminate\\Http\\Request), Object(Closure))
#29 /Users/lkmdigital/monbeaupays.com/backend/vendor/laravel/framework/src/Illuminate/Pipeline/Pipeline.php(209): Illuminate\\Foundation\\Http\\Middleware\\ConvertEmptyStringsToNull->handle(Object(Illuminate\\Http\\Request), Object(Closure))
#30 /Users/lkmdigital/monbeaupays.com/backend/vendor/laravel/framework/src/Illuminate/Foundation/Http/Middleware/TransformsRequest.php(21): Illuminate\\Pipeline\\Pipeline->{closure:{closure:Illuminate\\Pipeline\\Pipeline::carry():184}:185}(Object(Illuminate\\Http\\Request))
#31 /Users/lkmdigital/monbeaupays.com/backend/vendor/laravel/framework/src/Illuminate/Foundation/Http/Middleware/TrimStrings.php(51): Illuminate\\Foundation\\Http\\Middleware\\TransformsRequest->handle(Object(Illuminate\\Http\\Request), Object(Closure))
#32 /Users/lkmdigital/monbeaupays.com/backend/vendor/laravel/framework/src/Illuminate/Pipeline/Pipeline.php(209): Illuminate\\Foundation\\Http\\Middleware\\TrimStrings->handle(Object(Illuminate\\Http\\Request), Object(Closure))
#33 /Users/lkmdigital/monbeaupays.com/backend/vendor/laravel/framework/src/Illuminate/Http/Middleware/ValidatePostSize.php(27): Illuminate\\Pipeline\\Pipeline->{closure:{closure:Illuminate\\Pipeline\\Pipeline::carry():184}:185}(Object(Illuminate\\Http\\Request))
#34 /Users/lkmdigital/monbeaupays.com/backend/vendor/laravel/framework/src/Illuminate/Pipeline/Pipeline.php(209): Illuminate\\Http\\Middleware\\ValidatePostSize->handle(Object(Illuminate\\Http\\Request), Object(Closure))
#35 /Users/lkmdigital/monbeaupays.com/backend/vendor/laravel/framework/src/Illuminate/Foundation/Http/Middleware/PreventRequestsDuringMaintenance.php(110): Illuminate\\Pipeline\\Pipeline->{closure:{closure:Illuminate\\Pipeline\\Pipeline::carry():184}:185}(Object(Illuminate\\Http\\Request))
#36 /Users/lkmdigital/monbeaupays.com/backend/vendor/laravel/framework/src/Illuminate/Pipeline/Pipeline.php(209): Illuminate\\Foundation\\Http\\Middleware\\PreventRequestsDuringMaintenance->handle(Object(Illuminate\\Http\\Request), Object(Closure))
#37 /Users/lkmdigital/monbeaupays.com/backend/vendor/laravel/framework/src/Illuminate/Http/Middleware/HandleCors.php(62): Illuminate\\Pipeline\\Pipeline->{closure:{closure:Illuminate\\Pipeline\\Pipeline::carry():184}:185}(Object(Illuminate\\Http\\Request))
#38 /Users/lkmdigital/monbeaupays.com/backend/vendor/laravel/framework/src/Illuminate/Pipeline/Pipeline.php(209): Illuminate\\Http\\Middleware\\HandleCors->handle(Object(Illuminate\\Http\\Request), Object(Closure))
#39 /Users/lkmdigital/monbeaupays.com/backend/vendor/laravel/framework/src/Illuminate/Http/Middleware/TrustProxies.php(58): Illuminate\\Pipeline\\Pipeline->{closure:{closure:Illuminate\\Pipeline\\Pipeline::carry():184}:185}(Object(Illuminate\\Http\\Request))
#40 /Users/lkmdigital/monbeaupays.com/backend/vendor/laravel/framework/src/Illuminate/Pipeline/Pipeline.php(209): Illuminate\\Http\\Middleware\\TrustProxies->handle(Object(Illuminate\\Http\\Request), Object(Closure))
#41 /Users/lkmdigital/monbeaupays.com/backend/vendor/laravel/framework/src/Illuminate/Foundation/Http/Middleware/InvokeDeferredCallbacks.php(22): Illuminate\\Pipeline\\Pipeline->{closure:{closure:Illuminate\\Pipeline\\Pipeline::carry():184}:185}(Object(Illuminate\\Http\\Request))
#42 /Users/lkmdigital/monbeaupays.com/backend/vendor/laravel/framework/src/Illuminate/Pipeline/Pipeline.php(209): Illuminate\\Foundation\\Http\\Middleware\\InvokeDeferredCallbacks->handle(Object(Illuminate\\Http\\Request), Object(Closure))
#43 /Users/lkmdigital/monbeaupays.com/backend/vendor/laravel/framework/src/Illuminate/Pipeline/Pipeline.php(127): Illuminate\\Pipeline\\Pipeline->{closure:{closure:Illuminate\\Pipeline\\Pipeline::carry():184}:185}(Object(Illuminate\\Http\\Request))
#44 /Users/lkmdigital/monbeaupays.com/backend/vendor/laravel/framework/src/Illuminate/Foundation/Http/Kernel.php(176): Illuminate\\Pipeline\\Pipeline->then(Object(Closure))
#45 /Users/lkmdigital/monbeaupays.com/backend/vendor/laravel/framework/src/Illuminate/Foundation/Http/Kernel.php(145): Illuminate\\Foundation\\Http\\Kernel->sendRequestThroughRouter(Object(Illuminate\\Http\\Request))
#46 /Users/lkmdigital/monbeaupays.com/backend/public/index.php(17): Illuminate\\Foundation\\Http\\Kernel->handle(Object(Illuminate\\Http\\Request))
#47 /Users/lkmdigital/monbeaupays.com/backend/vendor/laravel/framework/src/Illuminate/Foundation/resources/server.php(23): require_once('/Users/lkmdigit...')
#48 {main}

[previous exception] [object] (PDOException(code: 42S02): SQLSTATE[42S02]: Base table or view not found: 1146 Table 'monbeaupays.personal_access_tokens' doesn't exist at /Users/lkmdigital/monbeaupays.com/backend/vendor/laravel/framework/src/Illuminate/Database/MySqlConnection.php:47)
[stacktrace]
#0 /Users/lkmdigital/monbeaupays.com/backend/vendor/laravel/framework/src/Illuminate/Database/MySqlConnection.php(47): PDO->prepare('insert into `pe...')
#1 /Users/lkmdigital/monbeaupays.com/backend/vendor/laravel/framework/src/Illuminate/Database/Connection.php(812): Illuminate\\Database\\MySqlConnection->{closure:Illuminate\\Database\\MySqlConnection::insert():42}('insert into `pe...', Array)
#2 /Users/lkmdigital/monbeaupays.com/backend/vendor/laravel/framework/src/Illuminate/Database/Connection.php(779): Illuminate\\Database\\Connection->runQueryCallback('insert into `pe...', Array, Object(Closure))
#3 /Users/lkmdigital/monbeaupays.com/backend/vendor/laravel/framework/src/Illuminate/Database/MySqlConnection.php(42): Illuminate\\Database\\Connection->run('insert into `pe...', Array, Object(Closure))
#4 /Users/lkmdigital/monbeaupays.com/backend/vendor/laravel/framework/src/Illuminate/Database/Query/Processors/MySqlProcessor.php(35): Illuminate\\Database\\MySqlConnection->insert('insert into `pe...', Array, 'id')
#5 /Users/lkmdigital/monbeaupays.com/backend/vendor/laravel/framework/src/Illuminate/Database/Query/Builder.php(3766): Illuminate\\Database\\Query\\Processors\\MySqlProcessor->processInsertGetId(Object(Illuminate\\Database\\Query\\Builder), 'insert into `pe...', Array, 'id')
#6 /Users/lkmdigital/monbeaupays.com/backend/vendor/laravel/framework/src/Illuminate/Database/Eloquent/Builder.php(2120): Illuminate\\Database\\Query\\Builder->insertGetId(Array, 'id')
#7 /Users/lkmdigital/monbeaupays.com/backend/vendor/laravel/framework/src/Illuminate/Database/Eloquent/Model.php(1359): Illuminate\\Database\\Eloquent\\Builder->__call('insertGetId', Array)
#8 /Users/lkmdigital/monbeaupays.com/backend/vendor/laravel/framework/src/Illuminate/Database/Eloquent/Model.php(1324): Illuminate\\Database\\Eloquent\\Model->insertAndSetId(Object(Illuminate\\Database\\Eloquent\\Builder), Array)
#9 /Users/lkmdigital/monbeaupays.com/backend/vendor/laravel/framework/src/Illuminate/Database/Eloquent/Model.php(1163): Illuminate\\Database\\Eloquent\\Model->performInsert(Object(Illuminate\\Database\\Eloquent\\Builder))
#10 /Users/lkmdigital/monbeaupays.com/backend/vendor/laravel/framework/src/Illuminate/Database/Eloquent/Relations/HasOneOrMany.php(371): Illuminate\\Database\\Eloquent\\Model->save()
#11 /Users/lkmdigital/monbeaupays.com/backend/vendor/laravel/framework/src/Illuminate/Support/helpers.php(399): Illuminate\\Database\\Eloquent\\Relations\\HasOneOrMany->{closure:Illuminate\\Database\\Eloquent\\Relations\\HasOneOrMany::create():368}(Object(Laravel\\Sanctum\\PersonalAccessToken))
#12 /Users/lkmdigital/monbeaupays.com/backend/vendor/laravel/framework/src/Illuminate/Database/Eloquent/Relations/HasOneOrMany.php(368): tap(Object(Laravel\\Sanctum\\PersonalAccessToken), Object(Closure))
#13 /Users/lkmdigital/monbeaupays.com/backend/vendor/laravel/sanctum/src/HasApiTokens.php(64): Illuminate\\Database\\Eloquent\\Relations\\HasOneOrMany->create(Array)
#14 /Users/lkmdigital/monbeaupays.com/backend/app/Http/Controllers/AuthController.php(53): App\\Models\\User->createToken('auth_token')
#15 /Users/lkmdigital/monbeaupays.com/backend/vendor/laravel/framework/src/Illuminate/Routing/ControllerDispatcher.php(47): App\\Http\\Controllers\\AuthController->login(Object(Illuminate\\Http\\Request))
#16 /Users/lkmdigital/monbeaupays.com/backend/vendor/laravel/framework/src/Illuminate/Routing/Route.php(266): Illuminate\\Routing\\ControllerDispatcher->dispatch(Object(Illuminate\\Routing\\Route), Object(App\\Http\\Controllers\\AuthController), 'login')
#17 /Users/lkmdigital/monbeaupays.com/backend/vendor/laravel/framework/src/Illuminate/Routing/Route.php(212): Illuminate\\Routing\\Route->runController()
#18 /Users/lkmdigital/monbeaupays.com/backend/vendor/laravel/framework/src/Illuminate/Routing/Router.php(808): Illuminate\\Routing\\Route->run()
#19 /Users/lkmdigital/monbeaupays.com/backend/vendor/laravel/framework/src/Illuminate/Pipeline/Pipeline.php(170): Illuminate\\Routing\\Router->{closure:Illuminate\\Routing\\Router::runRouteWithinStack():807}(Object(Illuminate\\Http\\Request))
#20 /Users/lkmdigital/monbeaupays.com/backend/vendor/laravel/framework/src/Illuminate/Routing/Middleware/SubstituteBindings.php(51): Illuminate\\Pipeline\\Pipeline->{closure:Illuminate\\Pipeline\\Pipeline::prepareDestination():168}(Object(Illuminate\\Http\\Request))
#21 /Users/lkmdigital/monbeaupays.com/backend/vendor/laravel/framework/src/Illuminate/Pipeline/Pipeline.php(209): Illuminate\\Routing\\Middleware\\SubstituteBindings->handle(Object(Illuminate\\Http\\Request), Object(Closure))
#22 /Users/lkmdigital/monbeaupays.com/backend/vendor/laravel/framework/src/Illuminate/Pipeline/Pipeline.php(127): Illuminate\\Pipeline\\Pipeline->{closure:{closure:Illuminate\\Pipeline\\Pipeline::carry():184}:185}(Object(Illuminate\\Http\\Request))
#23 /Users/lkmdigital/monbeaupays.com/backend/vendor/laravel/framework/src/Illuminate/Routing/Router.php(807): Illuminate\\Pipeline\\Pipeline->then(Object(Closure))
#24 /Users/lkmdigital/monbeaupays.com/backend/vendor/laravel/framework/src/Illuminate/Routing/Router.php(786): Illuminate\\Routing\\Router->runRouteWithinStack(Object(Illuminate\\Routing\\Route), Object(Illuminate\\Http\\Request))
#25 /Users/lkmdigital/monbeaupays.com/backend/vendor/laravel/framework/src/Illuminate/Routing/Router.php(750): Illuminate\\Routing\\Router->runRoute(Object(Illuminate\\Http\\Request), Object(Illuminate\\Routing\\Route))
#26 /Users/lkmdigital/monbeaupays.com/backend/vendor/laravel/framework/src/Illuminate/Routing/Router.php(739): Illuminate\\Routing\\Router->dispatchToRoute(Object(Illuminate\\Http\\Request))
#27 /Users/lkmdigital/monbeaupays.com/backend/vendor/laravel/framework/src/Illuminate/Foundation/Http/Kernel.php(201): Illuminate\\Routing\\Router->dispatch(Object(Illuminate\\Http\\Request))
#28 /Users/lkmdigital/monbeaupays.com/backend/vendor/laravel/framework/src/Illuminate/Pipeline/Pipeline.php(170): Illuminate\\Foundation\\Http\\Kernel->{closure:Illuminate\\Foundation\\Http\\Kernel::dispatchToRouter():198}(Object(Illuminate\\Http\\Request))
#29 /Users/lkmdigital/monbeaupays.com/backend/vendor/laravel/framework/src/Illuminate/Foundation/Http/Middleware/TransformsRequest.php(21): Illuminate\\Pipeline\\Pipeline->{closure:Illuminate\\Pipeline\\Pipeline::prepareDestination():168}(Object(Illuminate\\Http\\Request))
#30 /Users/lkmdigital/monbeaupays.com/backend/vendor/laravel/framework/src/Illuminate/Foundation/Http/Middleware/ConvertEmptyStringsToNull.php(31): Illuminate\\Foundation\\Http\\Middleware\\TransformsRequest->handle(Object(Illuminate\\Http\\Request), Object(Closure))
#31 /Users/lkmdigital/monbeaupays.com/backend/vendor/laravel/framework/src/Illuminate/Pipeline/Pipeline.php(209): Illuminate\\Foundation\\Http\\Middleware\\ConvertEmptyStringsToNull->handle(Object(Illuminate\\Http\\Request), Object(Closure))
#32 /Users/lkmdigital/monbeaupays.com/backend/vendor/laravel/framework/src/Illuminate/Foundation/Http/Middleware/TransformsRequest.php(21): Illuminate\\Pipeline\\Pipeline->{closure:{closure:Illuminate\\Pipeline\\Pipeline::carry():184}:185}(Object(Illuminate\\Http\\Request))
#33 /Users/lkmdigital/monbeaupays.com/backend/vendor/laravel/framework/src/Illuminate/Foundation/Http/Middleware/TrimStrings.php(51): Illuminate\\Foundation\\Http\\Middleware\\TransformsRequest->handle(Object(Illuminate\\Http\\Request), Object(Closure))
#34 /Users/lkmdigital/monbeaupays.com/backend/vendor/laravel/framework/src/Illuminate/Pipeline/Pipeline.php(209): Illuminate\\Foundation\\Http\\Middleware\\TrimStrings->handle(Object(Illuminate\\Http\\Request), Object(Closure))
#35 /Users/lkmdigital/monbeaupays.com/backend/vendor/laravel/framework/src/Illuminate/Http/Middleware/ValidatePostSize.php(27): Illuminate\\Pipeline\\Pipeline->{closure:{closure:Illuminate\\Pipeline\\Pipeline::carry():184}:185}(Object(Illuminate\\Http\\Request))
#36 /Users/lkmdigital/monbeaupays.com/backend/vendor/laravel/framework/src/Illuminate/Pipeline/Pipeline.php(209): Illuminate\\Http\\Middleware\\ValidatePostSize->handle(Object(Illuminate\\Http\\Request), Object(Closure))
#37 /Users/lkmdigital/monbeaupays.com/backend/vendor/laravel/framework/src/Illuminate/Foundation/Http/Middleware/PreventRequestsDuringMaintenance.php(110): Illuminate\\Pipeline\\Pipeline->{closure:{closure:Illuminate\\Pipeline\\Pipeline::carry():184}:185}(Object(Illuminate\\Http\\Request))
#38 /Users/lkmdigital/monbeaupays.com/backend/vendor/laravel/framework/src/Illuminate/Pipeline/Pipeline.php(209): Illuminate\\Foundation\\Http\\Middleware\\PreventRequestsDuringMaintenance->handle(Object(Illuminate\\Http\\Request), Object(Closure))
#39 /Users/lkmdigital/monbeaupays.com/backend/vendor/laravel/framework/src/Illuminate/Http/Middleware/HandleCors.php(62): Illuminate\\Pipeline\\Pipeline->{closure:{closure:Illuminate\\Pipeline\\Pipeline::carry():184}:185}(Object(Illuminate\\Http\\Request))
#40 /Users/lkmdigital/monbeaupays.com/backend/vendor/laravel/framework/src/Illuminate/Pipeline/Pipeline.php(209): Illuminate\\Http\\Middleware\\HandleCors->handle(Object(Illuminate\\Http\\Request), Object(Closure))
#41 /Users/lkmdigital/monbeaupays.com/backend/vendor/laravel/framework/src/Illuminate/Http/Middleware/TrustProxies.php(58): Illuminate\\Pipeline\\Pipeline->{closure:{closure:Illuminate\\Pipeline\\Pipeline::carry():184}:185}(Object(Illuminate\\Http\\Request))
#42 /Users/lkmdigital/monbeaupays.com/backend/vendor/laravel/framework/src/Illuminate/Pipeline/Pipeline.php(209): Illuminate\\Http\\Middleware\\TrustProxies->handle(Object(Illuminate\\Http\\Request), Object(Closure))
#43 /Users/lkmdigital/monbeaupays.com/backend/vendor/laravel/framework/src/Illuminate/Foundation/Http/Middleware/InvokeDeferredCallbacks.php(22): Illuminate\\Pipeline\\Pipeline->{closure:{closure:Illuminate\\Pipeline\\Pipeline::carry():184}:185}(Object(Illuminate\\Http\\Request))
#44 /Users/lkmdigital/monbeaupays.com/backend/vendor/laravel/framework/src/Illuminate/Pipeline/Pipeline.php(209): Illuminate\\Foundation\\Http\\Middleware\\InvokeDeferredCallbacks->handle(Object(Illuminate\\Http\\Request), Object(Closure))
#45 /Users/lkmdigital/monbeaupays.com/backend/vendor/laravel/framework/src/Illuminate/Pipeline/Pipeline.php(127): Illuminate\\Pipeline\\Pipeline->{closure:{closure:Illuminate\\Pipeline\\Pipeline::carry():184}:185}(Object(Illuminate\\Http\\Request))
#46 /Users/lkmdigital/monbeaupays.com/backend/vendor/laravel/framework/src/Illuminate/Foundation/Http/Kernel.php(176): Illuminate\\Pipeline\\Pipeline->then(Object(Closure))
#47 /Users/lkmdigital/monbeaupays.com/backend/vendor/laravel/framework/src/Illuminate/Foundation/Http/Kernel.php(145): Illuminate\\Foundation\\Http\\Kernel->sendRequestThroughRouter(Object(Illuminate\\Http\\Request))
#48 /Users/lkmdigital/monbeaupays.com/backend/public/index.php(17): Illuminate\\Foundation\\Http\\Kernel->handle(Object(Illuminate\\Http\\Request))
#49 /Users/lkmdigital/monbeaupays.com/backend/vendor/laravel/framework/src/Illuminate/Foundation/resources/server.php(23): require_once('/Users/lkmdigit...')
#50 {main}
"} 
[2025-11-10 16:16:55] local.ERROR: Call to undefined method App\Http\Controllers\RoomController::middleware() {"userId":4,"exception":"[object] (Error(code: 0): Call to undefined method App\\Http\\Controllers\\RoomController::middleware() at /Users/lkmdigital/monbeaupays.com/backend/app/Http/Controllers/RoomController.php:14)
[stacktrace]
#0 [internal function]: App\\Http\\Controllers\\RoomController->__construct()
#1 /Users/lkmdigital/monbeaupays.com/backend/vendor/laravel/framework/src/Illuminate/Container/Container.php(1004): ReflectionClass->newInstanceArgs(Array)
#2 /Users/lkmdigital/monbeaupays.com/backend/vendor/laravel/framework/src/Illuminate/Container/Container.php(832): Illuminate\\Container\\Container->build('App\\\\Http\\\\Contro...')
#3 /Users/lkmdigital/monbeaupays.com/backend/vendor/laravel/framework/src/Illuminate/Foundation/Application.php(1078): Illuminate\\Container\\Container->resolve('App\\\\Http\\\\Contro...', Array, true)
#4 /Users/lkmdigital/monbeaupays.com/backend/vendor/laravel/framework/src/Illuminate/Container/Container.php(763): Illuminate\\Foundation\\Application->resolve('App\\\\Http\\\\Contro...', Array)
#5 /Users/lkmdigital/monbeaupays.com/backend/vendor/laravel/framework/src/Illuminate/Foundation/Application.php(1058): Illuminate\\Container\\Container->make('App\\\\Http\\\\Contro...', Array)
#6 /Users/lkmdigital/monbeaupays.com/backend/vendor/laravel/framework/src/Illuminate/Routing/Route.php(285): Illuminate\\Foundation\\Application->make('App\\\\Http\\\\Contro...')
#7 /Users/lkmdigital/monbeaupays.com/backend/vendor/laravel/framework/src/Illuminate/Routing/Route.php(267): Illuminate\\Routing\\Route->getController()
#8 /Users/lkmdigital/monbeaupays.com/backend/vendor/laravel/framework/src/Illuminate/Routing/Route.php(212): Illuminate\\Routing\\Route->runController()
#9 /Users/lkmdigital/monbeaupays.com/backend/vendor/laravel/framework/src/Illuminate/Routing/Router.php(808): Illuminate\\Routing\\Route->run()
#10 /Users/lkmdigital/monbeaupays.com/backend/vendor/laravel/framework/src/Illuminate/Pipeline/Pipeline.php(170): Illuminate\\Routing\\Router->{closure:Illuminate\\Routing\\Router::runRouteWithinStack():807}(Object(Illuminate\\Http\\Request))
#11 /Users/lkmdigital/monbeaupays.com/backend/vendor/laravel/framework/src/Illuminate/Routing/Middleware/SubstituteBindings.php(51): Illuminate\\Pipeline\\Pipeline->{closure:Illuminate\\Pipeline\\Pipeline::prepareDestination():168}(Object(Illuminate\\Http\\Request))
#12 /Users/lkmdigital/monbeaupays.com/backend/vendor/laravel/framework/src/Illuminate/Pipeline/Pipeline.php(209): Illuminate\\Routing\\Middleware\\SubstituteBindings->handle(Object(Illuminate\\Http\\Request), Object(Closure))
#13 /Users/lkmdigital/monbeaupays.com/backend/vendor/laravel/framework/src/Illuminate/Auth/Middleware/Authenticate.php(64): Illuminate\\Pipeline\\Pipeline->{closure:{closure:Illuminate\\Pipeline\\Pipeline::carry():184}:185}(Object(Illuminate\\Http\\Request))
#14 /Users/lkmdigital/monbeaupays.com/backend/vendor/laravel/framework/src/Illuminate/Pipeline/Pipeline.php(209): Illuminate\\Auth\\Middleware\\Authenticate->handle(Object(Illuminate\\Http\\Request), Object(Closure), 'sanctum')
#15 /Users/lkmdigital/monbeaupays.com/backend/vendor/laravel/framework/src/Illuminate/Pipeline/Pipeline.php(127): Illuminate\\Pipeline\\Pipeline->{closure:{closure:Illuminate\\Pipeline\\Pipeline::carry():184}:185}(Object(Illuminate\\Http\\Request))
#16 /Users/lkmdigital/monbeaupays.com/backend/vendor/laravel/framework/src/Illuminate/Routing/Router.php(807): Illuminate\\Pipeline\\Pipeline->then(Object(Closure))
#17 /Users/lkmdigital/monbeaupays.com/backend/vendor/laravel/framework/src/Illuminate/Routing/Router.php(786): Illuminate\\Routing\\Router->runRouteWithinStack(Object(Illuminate\\Routing\\Route), Object(Illuminate\\Http\\Request))
#18 /Users/lkmdigital/monbeaupays.com/backend/vendor/laravel/framework/src/Illuminate/Routing/Router.php(750): Illuminate\\Routing\\Router->runRoute(Object(Illuminate\\Http\\Request), Object(Illuminate\\Routing\\Route))
#19 /Users/lkmdigital/monbeaupays.com/backend/vendor/laravel/framework/src/Illuminate/Routing/Router.php(739): Illuminate\\Routing\\Router->dispatchToRoute(Object(Illuminate\\Http\\Request))
#20 /Users/lkmdigital/monbeaupays.com/backend/vendor/laravel/framework/src/Illuminate/Foundation/Http/Kernel.php(201): Illuminate\\Routing\\Router->dispatch(Object(Illuminate\\Http\\Request))
#21 /Users/lkmdigital/monbeaupays.com/backend/vendor/laravel/framework/src/Illuminate/Pipeline/Pipeline.php(170): Illuminate\\Foundation\\Http\\Kernel->{closure:Illuminate\\Foundation\\Http\\Kernel::dispatchToRouter():198}(Object(Illuminate\\Http\\Request))
#22 /Users/lkmdigital/monbeaupays.com/backend/vendor/laravel/framework/src/Illuminate/Foundation/Http/Middleware/TransformsRequest.php(21): Illuminate\\Pipeline\\Pipeline->{closure:Illuminate\\Pipeline\\Pipeline::prepareDestination():168}(Object(Illuminate\\Http\\Request))
#23 /Users/lkmdigital/monbeaupays.com/backend/vendor/laravel/framework/src/Illuminate/Foundation/Http/Middleware/ConvertEmptyStringsToNull.php(31): Illuminate\\Foundation\\Http\\Middleware\\TransformsRequest->handle(Object(Illuminate\\Http\\Request), Object(Closure))
#24 /Users/lkmdigital/monbeaupays.com/backend/vendor/laravel/framework/src/Illuminate/Pipeline/Pipeline.php(209): Illuminate\\Foundation\\Http\\Middleware\\ConvertEmptyStringsToNull->handle(Object(Illuminate\\Http\\Request), Object(Closure))
#25 /Users/lkmdigital/monbeaupays.com/backend/vendor/laravel/framework/src/Illuminate/Foundation/Http/Middleware/TransformsRequest.php(21): Illuminate\\Pipeline\\Pipeline->{closure:{closure:Illuminate\\Pipeline\\Pipeline::carry():184}:185}(Object(Illuminate\\Http\\Request))
#26 /Users/lkmdigital/monbeaupays.com/backend/vendor/laravel/framework/src/Illuminate/Foundation/Http/Middleware/TrimStrings.php(51): Illuminate\\Foundation\\Http\\Middleware\\TransformsRequest->handle(Object(Illuminate\\Http\\Request), Object(Closure))
#27 /Users/lkmdigital/monbeaupays.com/backend/vendor/laravel/framework/src/Illuminate/Pipeline/Pipeline.php(209): Illuminate\\Foundation\\Http\\Middleware\\TrimStrings->handle(Object(Illuminate\\Http\\Request), Object(Closure))
#28 /Users/lkmdigital/monbeaupays.com/backend/vendor/laravel/framework/src/Illuminate/Http/Middleware/ValidatePostSize.php(27): Illuminate\\Pipeline\\Pipeline->{closure:{closure:Illuminate\\Pipeline\\Pipeline::carry():184}:185}(Object(Illuminate\\Http\\Request))
#29 /Users/lkmdigital/monbeaupays.com/backend/vendor/laravel/framework/src/Illuminate/Pipeline/Pipeline.php(209): Illuminate\\Http\\Middleware\\ValidatePostSize->handle(Object(Illuminate\\Http\\Request), Object(Closure))
#30 /Users/lkmdigital/monbeaupays.com/backend/vendor/laravel/framework/src/Illuminate/Foundation/Http/Middleware/PreventRequestsDuringMaintenance.php(110): Illuminate\\Pipeline\\Pipeline->{closure:{closure:Illuminate\\Pipeline\\Pipeline::carry():184}:185}(Object(Illuminate\\Http\\Request))
#31 /Users/lkmdigital/monbeaupays.com/backend/vendor/laravel/framework/src/Illuminate/Pipeline/Pipeline.php(209): Illuminate\\Foundation\\Http\\Middleware\\PreventRequestsDuringMaintenance->handle(Object(Illuminate\\Http\\Request), Object(Closure))
#32 /Users/lkmdigital/monbeaupays.com/backend/vendor/laravel/framework/src/Illuminate/Http/Middleware/HandleCors.php(62): Illuminate\\Pipeline\\Pipeline->{closure:{closure:Illuminate\\Pipeline\\Pipeline::carry():184}:185}(Object(Illuminate\\Http\\Request))
#33 /Users/lkmdigital/monbeaupays.com/backend/vendor/laravel/framework/src/Illuminate/Pipeline/Pipeline.php(209): Illuminate\\Http\\Middleware\\HandleCors->handle(Object(Illuminate\\Http\\Request), Object(Closure))
#34 /Users/lkmdigital/monbeaupays.com/backend/vendor/laravel/framework/src/Illuminate/Http/Middleware/TrustProxies.php(58): Illuminate\\Pipeline\\Pipeline->{closure:{closure:Illuminate\\Pipeline\\Pipeline::carry():184}:185}(Object(Illuminate\\Http\\Request))
#35 /Users/lkmdigital/monbeaupays.com/backend/vendor/laravel/framework/src/Illuminate/Pipeline/Pipeline.php(209): Illuminate\\Http\\Middleware\\TrustProxies->handle(Object(Illuminate\\Http\\Request), Object(Closure))
#36 /Users/lkmdigital/monbeaupays.com/backend/vendor/laravel/framework/src/Illuminate/Foundation/Http/Middleware/InvokeDeferredCallbacks.php(22): Illuminate\\Pipeline\\Pipeline->{closure:{closure:Illuminate\\Pipeline\\Pipeline::carry():184}:185}(Object(Illuminate\\Http\\Request))
#37 /Users/lkmdigital/monbeaupays.com/backend/vendor/laravel/framework/src/Illuminate/Pipeline/Pipeline.php(209): Illuminate\\Foundation\\Http\\Middleware\\InvokeDeferredCallbacks->handle(Object(Illuminate\\Http\\Request), Object(Closure))
#38 /Users/lkmdigital/monbeaupays.com/backend/vendor/laravel/framework/src/Illuminate/Pipeline/Pipeline.php(127): Illuminate\\Pipeline\\Pipeline->{closure:{closure:Illuminate\\Pipeline\\Pipeline::carry():184}:185}(Object(Illuminate\\Http\\Request))
#39 /Users/lkmdigital/monbeaupays.com/backend/vendor/laravel/framework/src/Illuminate/Foundation/Http/Kernel.php(176): Illuminate\\Pipeline\\Pipeline->then(Object(Closure))
#40 /Users/lkmdigital/monbeaupays.com/backend/vendor/laravel/framework/src/Illuminate/Foundation/Http/Kernel.php(145): Illuminate\\Foundation\\Http\\Kernel->sendRequestThroughRouter(Object(Illuminate\\Http\\Request))
#41 /Users/lkmdigital/monbeaupays.com/backend/public/index.php(17): Illuminate\\Foundation\\Http\\Kernel->handle(Object(Illuminate\\Http\\Request))
#42 /Users/lkmdigital/monbeaupays.com/backend/vendor/laravel/framework/src/Illuminate/Foundation/resources/server.php(23): require_once('/Users/lkmdigit...')
#43 {main}
"} 
[2025-11-10 16:16:55] local.ERROR: Call to undefined method App\Http\Controllers\RoomController::middleware() {"userId":4,"exception":"[object] (Error(code: 0): Call to undefined method App\\Http\\Controllers\\RoomController::middleware() at /Users/lkmdigital/monbeaupays.com/backend/app/Http/Controllers/RoomController.php:14)
[stacktrace]
#0 [internal function]: App\\Http\\Controllers\\RoomController->__construct()
#1 /Users/lkmdigital/monbeaupays.com/backend/vendor/laravel/framework/src/Illuminate/Container/Container.php(1004): ReflectionClass->newInstanceArgs(Array)
#2 /Users/lkmdigital/monbeaupays.com/backend/vendor/laravel/framework/src/Illuminate/Container/Container.php(832): Illuminate\\Container\\Container->build('App\\\\Http\\\\Contro...')
#3 /Users/lkmdigital/monbeaupays.com/backend/vendor/laravel/framework/src/Illuminate/Foundation/Application.php(1078): Illuminate\\Container\\Container->resolve('App\\\\Http\\\\Contro...', Array, true)
#4 /Users/lkmdigital/monbeaupays.com/backend/vendor/laravel/framework/src/Illuminate/Container/Container.php(763): Illuminate\\Foundation\\Application->resolve('App\\\\Http\\\\Contro...', Array)
#5 /Users/lkmdigital/monbeaupays.com/backend/vendor/laravel/framework/src/Illuminate/Foundation/Application.php(1058): Illuminate\\Container\\Container->make('App\\\\Http\\\\Contro...', Array)
#6 /Users/lkmdigital/monbeaupays.com/backend/vendor/laravel/framework/src/Illuminate/Routing/Route.php(285): Illuminate\\Foundation\\Application->make('App\\\\Http\\\\Contro...')
#7 /Users/lkmdigital/monbeaupays.com/backend/vendor/laravel/framework/src/Illuminate/Routing/Route.php(267): Illuminate\\Routing\\Route->getController()
#8 /Users/lkmdigital/monbeaupays.com/backend/vendor/laravel/framework/src/Illuminate/Routing/Route.php(212): Illuminate\\Routing\\Route->runController()
#9 /Users/lkmdigital/monbeaupays.com/backend/vendor/laravel/framework/src/Illuminate/Routing/Router.php(808): Illuminate\\Routing\\Route->run()
#10 /Users/lkmdigital/monbeaupays.com/backend/vendor/laravel/framework/src/Illuminate/Pipeline/Pipeline.php(170): Illuminate\\Routing\\Router->{closure:Illuminate\\Routing\\Router::runRouteWithinStack():807}(Object(Illuminate\\Http\\Request))
#11 /Users/lkmdigital/monbeaupays.com/backend/vendor/laravel/framework/src/Illuminate/Routing/Middleware/SubstituteBindings.php(51): Illuminate\\Pipeline\\Pipeline->{closure:Illuminate\\Pipeline\\Pipeline::prepareDestination():168}(Object(Illuminate\\Http\\Request))
#12 /Users/lkmdigital/monbeaupays.com/backend/vendor/laravel/framework/src/Illuminate/Pipeline/Pipeline.php(209): Illuminate\\Routing\\Middleware\\SubstituteBindings->handle(Object(Illuminate\\Http\\Request), Object(Closure))
#13 /Users/lkmdigital/monbeaupays.com/backend/vendor/laravel/framework/src/Illuminate/Auth/Middleware/Authenticate.php(64): Illuminate\\Pipeline\\Pipeline->{closure:{closure:Illuminate\\Pipeline\\Pipeline::carry():184}:185}(Object(Illuminate\\Http\\Request))
#14 /Users/lkmdigital/monbeaupays.com/backend/vendor/laravel/framework/src/Illuminate/Pipeline/Pipeline.php(209): Illuminate\\Auth\\Middleware\\Authenticate->handle(Object(Illuminate\\Http\\Request), Object(Closure), 'sanctum')
#15 /Users/lkmdigital/monbeaupays.com/backend/vendor/laravel/framework/src/Illuminate/Pipeline/Pipeline.php(127): Illuminate\\Pipeline\\Pipeline->{closure:{closure:Illuminate\\Pipeline\\Pipeline::carry():184}:185}(Object(Illuminate\\Http\\Request))
#16 /Users/lkmdigital/monbeaupays.com/backend/vendor/laravel/framework/src/Illuminate/Routing/Router.php(807): Illuminate\\Pipeline\\Pipeline->then(Object(Closure))
#17 /Users/lkmdigital/monbeaupays.com/backend/vendor/laravel/framework/src/Illuminate/Routing/Router.php(786): Illuminate\\Routing\\Router->runRouteWithinStack(Object(Illuminate\\Routing\\Route), Object(Illuminate\\Http\\Request))
#18 /Users/lkmdigital/monbeaupays.com/backend/vendor/laravel/framework/src/Illuminate/Routing/Router.php(750): Illuminate\\Routing\\Router->runRoute(Object(Illuminate\\Http\\Request), Object(Illuminate\\Routing\\Route))
#19 /Users/lkmdigital/monbeaupays.com/backend/vendor/laravel/framework/src/Illuminate/Routing/Router.php(739): Illuminate\\Routing\\Router->dispatchToRoute(Object(Illuminate\\Http\\Request))
#20 /Users/lkmdigital/monbeaupays.com/backend/vendor/laravel/framework/src/Illuminate/Foundation/Http/Kernel.php(201): Illuminate\\Routing\\Router->dispatch(Object(Illuminate\\Http\\Request))
#21 /Users/lkmdigital/monbeaupays.com/backend/vendor/laravel/framework/src/Illuminate/Pipeline/Pipeline.php(170): Illuminate\\Foundation\\Http\\Kernel->{closure:Illuminate\\Foundation\\Http\\Kernel::dispatchToRouter():198}(Object(Illuminate\\Http\\Request))
#22 /Users/lkmdigital/monbeaupays.com/backend/vendor/laravel/framework/src/Illuminate/Foundation/Http/Middleware/TransformsRequest.php(21): Illuminate\\Pipeline\\Pipeline->{closure:Illuminate\\Pipeline\\Pipeline::prepareDestination():168}(Object(Illuminate\\Http\\Request))
#23 /Users/lkmdigital/monbeaupays.com/backend/vendor/laravel/framework/src/Illuminate/Foundation/Http/Middleware/ConvertEmptyStringsToNull.php(31): Illuminate\\Foundation\\Http\\Middleware\\TransformsRequest->handle(Object(Illuminate\\Http\\Request), Object(Closure))
#24 /Users/lkmdigital/monbeaupays.com/backend/vendor/laravel/framework/src/Illuminate/Pipeline/Pipeline.php(209): Illuminate\\Foundation\\Http\\Middleware\\ConvertEmptyStringsToNull->handle(Object(Illuminate\\Http\\Request), Object(Closure))
#25 /Users/lkmdigital/monbeaupays.com/backend/vendor/laravel/framework/src/Illuminate/Foundation/Http/Middleware/TransformsRequest.php(21): Illuminate\\Pipeline\\Pipeline->{closure:{closure:Illuminate\\Pipeline\\Pipeline::carry():184}:185}(Object(Illuminate\\Http\\Request))
#26 /Users/lkmdigital/monbeaupays.com/backend/vendor/laravel/framework/src/Illuminate/Foundation/Http/Middleware/TrimStrings.php(51): Illuminate\\Foundation\\Http\\Middleware\\TransformsRequest->handle(Object(Illuminate\\Http\\Request), Object(Closure))
#27 /Users/lkmdigital/monbeaupays.com/backend/vendor/laravel/framework/src/Illuminate/Pipeline/Pipeline.php(209): Illuminate\\Foundation\\Http\\Middleware\\TrimStrings->handle(Object(Illuminate\\Http\\Request), Object(Closure))
#28 /Users/lkmdigital/monbeaupays.com/backend/vendor/laravel/framework/src/Illuminate/Http/Middleware/ValidatePostSize.php(27): Illuminate\\Pipeline\\Pipeline->{closure:{closure:Illuminate\\Pipeline\\Pipeline::carry():184}:185}(Object(Illuminate\\Http\\Request))
#29 /Users/lkmdigital/monbeaupays.com/backend/vendor/laravel/framework/src/Illuminate/Pipeline/Pipeline.php(209): Illuminate\\Http\\Middleware\\ValidatePostSize->handle(Object(Illuminate\\Http\\Request), Object(Closure))
#30 /Users/lkmdigital/monbeaupays.com/backend/vendor/laravel/framework/src/Illuminate/Foundation/Http/Middleware/PreventRequestsDuringMaintenance.php(110): Illuminate\\Pipeline\\Pipeline->{closure:{closure:Illuminate\\Pipeline\\Pipeline::carry():184}:185}(Object(Illuminate\\Http\\Request))
#31 /Users/lkmdigital/monbeaupays.com/backend/vendor/laravel/framework/src/Illuminate/Pipeline/Pipeline.php(209): Illuminate\\Foundation\\Http\\Middleware\\PreventRequestsDuringMaintenance->handle(Object(Illuminate\\Http\\Request), Object(Closure))
#32 /Users/lkmdigital/monbeaupays.com/backend/vendor/laravel/framework/src/Illuminate/Http/Middleware/HandleCors.php(62): Illuminate\\Pipeline\\Pipeline->{closure:{closure:Illuminate\\Pipeline\\Pipeline::carry():184}:185}(Object(Illuminate\\Http\\Request))
#33 /Users/lkmdigital/monbeaupays.com/backend/vendor/laravel/framework/src/Illuminate/Pipeline/Pipeline.php(209): Illuminate\\Http\\Middleware\\HandleCors->handle(Object(Illuminate\\Http\\Request), Object(Closure))
#34 /Users/lkmdigital/monbeaupays.com/backend/vendor/laravel/framework/src/Illuminate/Http/Middleware/TrustProxies.php(58): Illuminate\\Pipeline\\Pipeline->{closure:{closure:Illuminate\\Pipeline\\Pipeline::carry():184}:185}(Object(Illuminate\\Http\\Request))
#35 /Users/lkmdigital/monbeaupays.com/backend/vendor/laravel/framework/src/Illuminate/Pipeline/Pipeline.php(209): Illuminate\\Http\\Middleware\\TrustProxies->handle(Object(Illuminate\\Http\\Request), Object(Closure))
#36 /Users/lkmdigital/monbeaupays.com/backend/vendor/laravel/framework/src/Illuminate/Foundation/Http/Middleware/InvokeDeferredCallbacks.php(22): Illuminate\\Pipeline\\Pipeline->{closure:{closure:Illuminate\\Pipeline\\Pipeline::carry():184}:185}(Object(Illuminate\\Http\\Request))
#37 /Users/lkmdigital/monbeaupays.com/backend/vendor/laravel/framework/src/Illuminate/Pipeline/Pipeline.php(209): Illuminate\\Foundation\\Http\\Middleware\\InvokeDeferredCallbacks->handle(Object(Illuminate\\Http\\Request), Object(Closure))
#38 /Users/lkmdigital/monbeaupays.com/backend/vendor/laravel/framework/src/Illuminate/Pipeline/Pipeline.php(127): Illuminate\\Pipeline\\Pipeline->{closure:{closure:Illuminate\\Pipeline\\Pipeline::carry():184}:185}(Object(Illuminate\\Http\\Request))
#39 /Users/lkmdigital/monbeaupays.com/backend/vendor/laravel/framework/src/Illuminate/Foundation/Http/Kernel.php(176): Illuminate\\Pipeline\\Pipeline->then(Object(Closure))
#40 /Users/lkmdigital/monbeaupays.com/backend/vendor/laravel/framework/src/Illuminate/Foundation/Http/Kernel.php(145): Illuminate\\Foundation\\Http\\Kernel->sendRequestThroughRouter(Object(Illuminate\\Http\\Request))
#41 /Users/lkmdigital/monbeaupays.com/backend/public/index.php(17): Illuminate\\Foundation\\Http\\Kernel->handle(Object(Illuminate\\Http\\Request))
#42 /Users/lkmdigital/monbeaupays.com/backend/vendor/laravel/framework/src/Illuminate/Foundation/resources/server.php(23): require_once('/Users/lkmdigit...')
#43 {main}
"} 
[2025-11-10 16:16:58] local.ERROR: Call to undefined method App\Http\Controllers\RoomController::middleware() {"userId":4,"exception":"[object] (Error(code: 0): Call to undefined method App\\Http\\Controllers\\RoomController::middleware() at /Users/lkmdigital/monbeaupays.com/backend/app/Http/Controllers/RoomController.php:14)
[stacktrace]
#0 [internal function]: App\\Http\\Controllers\\RoomController->__construct()
#1 /Users/lkmdigital/monbeaupays.com/backend/vendor/laravel/framework/src/Illuminate/Container/Container.php(1004): ReflectionClass->newInstanceArgs(Array)
#2 /Users/lkmdigital/monbeaupays.com/backend/vendor/laravel/framework/src/Illuminate/Container/Container.php(832): Illuminate\\Container\\Container->build('App\\\\Http\\\\Contro...')
#3 /Users/lkmdigital/monbeaupays.com/backend/vendor/laravel/framework/src/Illuminate/Foundation/Application.php(1078): Illuminate\\Container\\Container->resolve('App\\\\Http\\\\Contro...', Array, true)
#4 /Users/lkmdigital/monbeaupays.com/backend/vendor/laravel/framework/src/Illuminate/Container/Container.php(763): Illuminate\\Foundation\\Application->resolve('App\\\\Http\\\\Contro...', Array)
#5 /Users/lkmdigital/monbeaupays.com/backend/vendor/laravel/framework/src/Illuminate/Foundation/Application.php(1058): Illuminate\\Container\\Container->make('App\\\\Http\\\\Contro...', Array)
#6 /Users/lkmdigital/monbeaupays.com/backend/vendor/laravel/framework/src/Illuminate/Routing/Route.php(285): Illuminate\\Foundation\\Application->make('App\\\\Http\\\\Contro...')
#7 /Users/lkmdigital/monbeaupays.com/backend/vendor/laravel/framework/src/Illuminate/Routing/Route.php(267): Illuminate\\Routing\\Route->getController()
#8 /Users/lkmdigital/monbeaupays.com/backend/vendor/laravel/framework/src/Illuminate/Routing/Route.php(212): Illuminate\\Routing\\Route->runController()
#9 /Users/lkmdigital/monbeaupays.com/backend/vendor/laravel/framework/src/Illuminate/Routing/Router.php(808): Illuminate\\Routing\\Route->run()
#10 /Users/lkmdigital/monbeaupays.com/backend/vendor/laravel/framework/src/Illuminate/Pipeline/Pipeline.php(170): Illuminate\\Routing\\Router->{closure:Illuminate\\Routing\\Router::runRouteWithinStack():807}(Object(Illuminate\\Http\\Request))
#11 /Users/lkmdigital/monbeaupays.com/backend/vendor/laravel/framework/src/Illuminate/Routing/Middleware/SubstituteBindings.php(51): Illuminate\\Pipeline\\Pipeline->{closure:Illuminate\\Pipeline\\Pipeline::prepareDestination():168}(Object(Illuminate\\Http\\Request))
#12 /Users/lkmdigital/monbeaupays.com/backend/vendor/laravel/framework/src/Illuminate/Pipeline/Pipeline.php(209): Illuminate\\Routing\\Middleware\\SubstituteBindings->handle(Object(Illuminate\\Http\\Request), Object(Closure))
#13 /Users/lkmdigital/monbeaupays.com/backend/vendor/laravel/framework/src/Illuminate/Auth/Middleware/Authenticate.php(64): Illuminate\\Pipeline\\Pipeline->{closure:{closure:Illuminate\\Pipeline\\Pipeline::carry():184}:185}(Object(Illuminate\\Http\\Request))
#14 /Users/lkmdigital/monbeaupays.com/backend/vendor/laravel/framework/src/Illuminate/Pipeline/Pipeline.php(209): Illuminate\\Auth\\Middleware\\Authenticate->handle(Object(Illuminate\\Http\\Request), Object(Closure), 'sanctum')
#15 /Users/lkmdigital/monbeaupays.com/backend/vendor/laravel/framework/src/Illuminate/Pipeline/Pipeline.php(127): Illuminate\\Pipeline\\Pipeline->{closure:{closure:Illuminate\\Pipeline\\Pipeline::carry():184}:185}(Object(Illuminate\\Http\\Request))
#16 /Users/lkmdigital/monbeaupays.com/backend/vendor/laravel/framework/src/Illuminate/Routing/Router.php(807): Illuminate\\Pipeline\\Pipeline->then(Object(Closure))
#17 /Users/lkmdigital/monbeaupays.com/backend/vendor/laravel/framework/src/Illuminate/Routing/Router.php(786): Illuminate\\Routing\\Router->runRouteWithinStack(Object(Illuminate\\Routing\\Route), Object(Illuminate\\Http\\Request))
#18 /Users/lkmdigital/monbeaupays.com/backend/vendor/laravel/framework/src/Illuminate/Routing/Router.php(750): Illuminate\\Routing\\Router->runRoute(Object(Illuminate\\Http\\Request), Object(Illuminate\\Routing\\Route))
#19 /Users/lkmdigital/monbeaupays.com/backend/vendor/laravel/framework/src/Illuminate/Routing/Router.php(739): Illuminate\\Routing\\Router->dispatchToRoute(Object(Illuminate\\Http\\Request))
#20 /Users/lkmdigital/monbeaupays.com/backend/vendor/laravel/framework/src/Illuminate/Foundation/Http/Kernel.php(201): Illuminate\\Routing\\Router->dispatch(Object(Illuminate\\Http\\Request))
#21 /Users/lkmdigital/monbeaupays.com/backend/vendor/laravel/framework/src/Illuminate/Pipeline/Pipeline.php(170): Illuminate\\Foundation\\Http\\Kernel->{closure:Illuminate\\Foundation\\Http\\Kernel::dispatchToRouter():198}(Object(Illuminate\\Http\\Request))
#22 /Users/lkmdigital/monbeaupays.com/backend/vendor/laravel/framework/src/Illuminate/Foundation/Http/Middleware/TransformsRequest.php(21): Illuminate\\Pipeline\\Pipeline->{closure:Illuminate\\Pipeline\\Pipeline::prepareDestination():168}(Object(Illuminate\\Http\\Request))
#23 /Users/lkmdigital/monbeaupays.com/backend/vendor/laravel/framework/src/Illuminate/Foundation/Http/Middleware/ConvertEmptyStringsToNull.php(31): Illuminate\\Foundation\\Http\\Middleware\\TransformsRequest->handle(Object(Illuminate\\Http\\Request), Object(Closure))
#24 /Users/lkmdigital/monbeaupays.com/backend/vendor/laravel/framework/src/Illuminate/Pipeline/Pipeline.php(209): Illuminate\\Foundation\\Http\\Middleware\\ConvertEmptyStringsToNull->handle(Object(Illuminate\\Http\\Request), Object(Closure))
#25 /Users/lkmdigital/monbeaupays.com/backend/vendor/laravel/framework/src/Illuminate/Foundation/Http/Middleware/TransformsRequest.php(21): Illuminate\\Pipeline\\Pipeline->{closure:{closure:Illuminate\\Pipeline\\Pipeline::carry():184}:185}(Object(Illuminate\\Http\\Request))
#26 /Users/lkmdigital/monbeaupays.com/backend/vendor/laravel/framework/src/Illuminate/Foundation/Http/Middleware/TrimStrings.php(51): Illuminate\\Foundation\\Http\\Middleware\\TransformsRequest->handle(Object(Illuminate\\Http\\Request), Object(Closure))
#27 /Users/lkmdigital/monbeaupays.com/backend/vendor/laravel/framework/src/Illuminate/Pipeline/Pipeline.php(209): Illuminate\\Foundation\\Http\\Middleware\\TrimStrings->handle(Object(Illuminate\\Http\\Request), Object(Closure))
#28 /Users/lkmdigital/monbeaupays.com/backend/vendor/laravel/framework/src/Illuminate/Http/Middleware/ValidatePostSize.php(27): Illuminate\\Pipeline\\Pipeline->{closure:{closure:Illuminate\\Pipeline\\Pipeline::carry():184}:185}(Object(Illuminate\\Http\\Request))
#29 /Users/lkmdigital/monbeaupays.com/backend/vendor/laravel/framework/src/Illuminate/Pipeline/Pipeline.php(209): Illuminate\\Http\\Middleware\\ValidatePostSize->handle(Object(Illuminate\\Http\\Request), Object(Closure))
#30 /Users/lkmdigital/monbeaupays.com/backend/vendor/laravel/framework/src/Illuminate/Foundation/Http/Middleware/PreventRequestsDuringMaintenance.php(110): Illuminate\\Pipeline\\Pipeline->{closure:{closure:Illuminate\\Pipeline\\Pipeline::carry():184}:185}(Object(Illuminate\\Http\\Request))
#31 /Users/lkmdigital/monbeaupays.com/backend/vendor/laravel/framework/src/Illuminate/Pipeline/Pipeline.php(209): Illuminate\\Foundation\\Http\\Middleware\\PreventRequestsDuringMaintenance->handle(Object(Illuminate\\Http\\Request), Object(Closure))
#32 /Users/lkmdigital/monbeaupays.com/backend/vendor/laravel/framework/src/Illuminate/Http/Middleware/HandleCors.php(62): Illuminate\\Pipeline\\Pipeline->{closure:{closure:Illuminate\\Pipeline\\Pipeline::carry():184}:185}(Object(Illuminate\\Http\\Request))
#33 /Users/lkmdigital/monbeaupays.com/backend/vendor/laravel/framework/src/Illuminate/Pipeline/Pipeline.php(209): Illuminate\\Http\\Middleware\\HandleCors->handle(Object(Illuminate\\Http\\Request), Object(Closure))
#34 /Users/lkmdigital/monbeaupays.com/backend/vendor/laravel/framework/src/Illuminate/Http/Middleware/TrustProxies.php(58): Illuminate\\Pipeline\\Pipeline->{closure:{closure:Illuminate\\Pipeline\\Pipeline::carry():184}:185}(Object(Illuminate\\Http\\Request))
#35 /Users/lkmdigital/monbeaupays.com/backend/vendor/laravel/framework/src/Illuminate/Pipeline/Pipeline.php(209): Illuminate\\Http\\Middleware\\TrustProxies->handle(Object(Illuminate\\Http\\Request), Object(Closure))
#36 /Users/lkmdigital/monbeaupays.com/backend/vendor/laravel/framework/src/Illuminate/Foundation/Http/Middleware/InvokeDeferredCallbacks.php(22): Illuminate\\Pipeline\\Pipeline->{closure:{closure:Illuminate\\Pipeline\\Pipeline::carry():184}:185}(Object(Illuminate\\Http\\Request))
#37 /Users/lkmdigital/monbeaupays.com/backend/vendor/laravel/framework/src/Illuminate/Pipeline/Pipeline.php(209): Illuminate\\Foundation\\Http\\Middleware\\InvokeDeferredCallbacks->handle(Object(Illuminate\\Http\\Request), Object(Closure))
#38 /Users/lkmdigital/monbeaupays.com/backend/vendor/laravel/framework/src/Illuminate/Pipeline/Pipeline.php(127): Illuminate\\Pipeline\\Pipeline->{closure:{closure:Illuminate\\Pipeline\\Pipeline::carry():184}:185}(Object(Illuminate\\Http\\Request))
#39 /Users/lkmdigital/monbeaupays.com/backend/vendor/laravel/framework/src/Illuminate/Foundation/Http/Kernel.php(176): Illuminate\\Pipeline\\Pipeline->then(Object(Closure))
#40 /Users/lkmdigital/monbeaupays.com/backend/vendor/laravel/framework/src/Illuminate/Foundation/Http/Kernel.php(145): Illuminate\\Foundation\\Http\\Kernel->sendRequestThroughRouter(Object(Illuminate\\Http\\Request))
#41 /Users/lkmdigital/monbeaupays.com/backend/public/index.php(17): Illuminate\\Foundation\\Http\\Kernel->handle(Object(Illuminate\\Http\\Request))
#42 /Users/lkmdigital/monbeaupays.com/backend/vendor/laravel/framework/src/Illuminate/Foundation/resources/server.php(23): require_once('/Users/lkmdigit...')
#43 {main}
"} 
[2025-11-10 16:16:58] local.ERROR: Call to undefined method App\Http\Controllers\RoomController::middleware() {"userId":4,"exception":"[object] (Error(code: 0): Call to undefined method App\\Http\\Controllers\\RoomController::middleware() at /Users/lkmdigital/monbeaupays.com/backend/app/Http/Controllers/RoomController.php:14)
[stacktrace]
#0 [internal function]: App\\Http\\Controllers\\RoomController->__construct()
#1 /Users/lkmdigital/monbeaupays.com/backend/vendor/laravel/framework/src/Illuminate/Container/Container.php(1004): ReflectionClass->newInstanceArgs(Array)
#2 /Users/lkmdigital/monbeaupays.com/backend/vendor/laravel/framework/src/Illuminate/Container/Container.php(832): Illuminate\\Container\\Container->build('App\\\\Http\\\\Contro...')
#3 /Users/lkmdigital/monbeaupays.com/backend/vendor/laravel/framework/src/Illuminate/Foundation/Application.php(1078): Illuminate\\Container\\Container->resolve('App\\\\Http\\\\Contro...', Array, true)
#4 /Users/lkmdigital/monbeaupays.com/backend/vendor/laravel/framework/src/Illuminate/Container/Container.php(763): Illuminate\\Foundation\\Application->resolve('App\\\\Http\\\\Contro...', Array)
#5 /Users/lkmdigital/monbeaupays.com/backend/vendor/laravel/framework/src/Illuminate/Foundation/Application.php(1058): Illuminate\\Container\\Container->make('App\\\\Http\\\\Contro...', Array)
#6 /Users/lkmdigital/monbeaupays.com/backend/vendor/laravel/framework/src/Illuminate/Routing/Route.php(285): Illuminate\\Foundation\\Application->make('App\\\\Http\\\\Contro...')
#7 /Users/lkmdigital/monbeaupays.com/backend/vendor/laravel/framework/src/Illuminate/Routing/Route.php(267): Illuminate\\Routing\\Route->getController()
#8 /Users/lkmdigital/monbeaupays.com/backend/vendor/laravel/framework/src/Illuminate/Routing/Route.php(212): Illuminate\\Routing\\Route->runController()
#9 /Users/lkmdigital/monbeaupays.com/backend/vendor/laravel/framework/src/Illuminate/Routing/Router.php(808): Illuminate\\Routing\\Route->run()
#10 /Users/lkmdigital/monbeaupays.com/backend/vendor/laravel/framework/src/Illuminate/Pipeline/Pipeline.php(170): Illuminate\\Routing\\Router->{closure:Illuminate\\Routing\\Router::runRouteWithinStack():807}(Object(Illuminate\\Http\\Request))
#11 /Users/lkmdigital/monbeaupays.com/backend/vendor/laravel/framework/src/Illuminate/Routing/Middleware/SubstituteBindings.php(51): Illuminate\\Pipeline\\Pipeline->{closure:Illuminate\\Pipeline\\Pipeline::prepareDestination():168}(Object(Illuminate\\Http\\Request))
#12 /Users/lkmdigital/monbeaupays.com/backend/vendor/laravel/framework/src/Illuminate/Pipeline/Pipeline.php(209): Illuminate\\Routing\\Middleware\\SubstituteBindings->handle(Object(Illuminate\\Http\\Request), Object(Closure))
#13 /Users/lkmdigital/monbeaupays.com/backend/vendor/laravel/framework/src/Illuminate/Auth/Middleware/Authenticate.php(64): Illuminate\\Pipeline\\Pipeline->{closure:{closure:Illuminate\\Pipeline\\Pipeline::carry():184}:185}(Object(Illuminate\\Http\\Request))
#14 /Users/lkmdigital/monbeaupays.com/backend/vendor/laravel/framework/src/Illuminate/Pipeline/Pipeline.php(209): Illuminate\\Auth\\Middleware\\Authenticate->handle(Object(Illuminate\\Http\\Request), Object(Closure), 'sanctum')
#15 /Users/lkmdigital/monbeaupays.com/backend/vendor/laravel/framework/src/Illuminate/Pipeline/Pipeline.php(127): Illuminate\\Pipeline\\Pipeline->{closure:{closure:Illuminate\\Pipeline\\Pipeline::carry():184}:185}(Object(Illuminate\\Http\\Request))
#16 /Users/lkmdigital/monbeaupays.com/backend/vendor/laravel/framework/src/Illuminate/Routing/Router.php(807): Illuminate\\Pipeline\\Pipeline->then(Object(Closure))
#17 /Users/lkmdigital/monbeaupays.com/backend/vendor/laravel/framework/src/Illuminate/Routing/Router.php(786): Illuminate\\Routing\\Router->runRouteWithinStack(Object(Illuminate\\Routing\\Route), Object(Illuminate\\Http\\Request))
#18 /Users/lkmdigital/monbeaupays.com/backend/vendor/laravel/framework/src/Illuminate/Routing/Router.php(750): Illuminate\\Routing\\Router->runRoute(Object(Illuminate\\Http\\Request), Object(Illuminate\\Routing\\Route))
#19 /Users/lkmdigital/monbeaupays.com/backend/vendor/laravel/framework/src/Illuminate/Routing/Router.php(739): Illuminate\\Routing\\Router->dispatchToRoute(Object(Illuminate\\Http\\Request))
#20 /Users/lkmdigital/monbeaupays.com/backend/vendor/laravel/framework/src/Illuminate/Foundation/Http/Kernel.php(201): Illuminate\\Routing\\Router->dispatch(Object(Illuminate\\Http\\Request))
#21 /Users/lkmdigital/monbeaupays.com/backend/vendor/laravel/framework/src/Illuminate/Pipeline/Pipeline.php(170): Illuminate\\Foundation\\Http\\Kernel->{closure:Illuminate\\Foundation\\Http\\Kernel::dispatchToRouter():198}(Object(Illuminate\\Http\\Request))
#22 /Users/lkmdigital/monbeaupays.com/backend/vendor/laravel/framework/src/Illuminate/Foundation/Http/Middleware/TransformsRequest.php(21): Illuminate\\Pipeline\\Pipeline->{closure:Illuminate\\Pipeline\\Pipeline::prepareDestination():168}(Object(Illuminate\\Http\\Request))
#23 /Users/lkmdigital/monbeaupays.com/backend/vendor/laravel/framework/src/Illuminate/Foundation/Http/Middleware/ConvertEmptyStringsToNull.php(31): Illuminate\\Foundation\\Http\\Middleware\\TransformsRequest->handle(Object(Illuminate\\Http\\Request), Object(Closure))
#24 /Users/lkmdigital/monbeaupays.com/backend/vendor/laravel/framework/src/Illuminate/Pipeline/Pipeline.php(209): Illuminate\\Foundation\\Http\\Middleware\\ConvertEmptyStringsToNull->handle(Object(Illuminate\\Http\\Request), Object(Closure))
#25 /Users/lkmdigital/monbeaupays.com/backend/vendor/laravel/framework/src/Illuminate/Foundation/Http/Middleware/TransformsRequest.php(21): Illuminate\\Pipeline\\Pipeline->{closure:{closure:Illuminate\\Pipeline\\Pipeline::carry():184}:185}(Object(Illuminate\\Http\\Request))
#26 /Users/lkmdigital/monbeaupays.com/backend/vendor/laravel/framework/src/Illuminate/Foundation/Http/Middleware/TrimStrings.php(51): Illuminate\\Foundation\\Http\\Middleware\\TransformsRequest->handle(Object(Illuminate\\Http\\Request), Object(Closure))
#27 /Users/lkmdigital/monbeaupays.com/backend/vendor/laravel/framework/src/Illuminate/Pipeline/Pipeline.php(209): Illuminate\\Foundation\\Http\\Middleware\\TrimStrings->handle(Object(Illuminate\\Http\\Request), Object(Closure))
#28 /Users/lkmdigital/monbeaupays.com/backend/vendor/laravel/framework/src/Illuminate/Http/Middleware/ValidatePostSize.php(27): Illuminate\\Pipeline\\Pipeline->{closure:{closure:Illuminate\\Pipeline\\Pipeline::carry():184}:185}(Object(Illuminate\\Http\\Request))
#29 /Users/lkmdigital/monbeaupays.com/backend/vendor/laravel/framework/src/Illuminate/Pipeline/Pipeline.php(209): Illuminate\\Http\\Middleware\\ValidatePostSize->handle(Object(Illuminate\\Http\\Request), Object(Closure))
#30 /Users/lkmdigital/monbeaupays.com/backend/vendor/laravel/framework/src/Illuminate/Foundation/Http/Middleware/PreventRequestsDuringMaintenance.php(110): Illuminate\\Pipeline\\Pipeline->{closure:{closure:Illuminate\\Pipeline\\Pipeline::carry():184}:185}(Object(Illuminate\\Http\\Request))
#31 /Users/lkmdigital/monbeaupays.com/backend/vendor/laravel/framework/src/Illuminate/Pipeline/Pipeline.php(209): Illuminate\\Foundation\\Http\\Middleware\\PreventRequestsDuringMaintenance->handle(Object(Illuminate\\Http\\Request), Object(Closure))
#32 /Users/lkmdigital/monbeaupays.com/backend/vendor/laravel/framework/src/Illuminate/Http/Middleware/HandleCors.php(62): Illuminate\\Pipeline\\Pipeline->{closure:{closure:Illuminate\\Pipeline\\Pipeline::carry():184}:185}(Object(Illuminate\\Http\\Request))
#33 /Users/lkmdigital/monbeaupays.com/backend/vendor/laravel/framework/src/Illuminate/Pipeline/Pipeline.php(209): Illuminate\\Http\\Middleware\\HandleCors->handle(Object(Illuminate\\Http\\Request), Object(Closure))
#34 /Users/lkmdigital/monbeaupays.com/backend/vendor/laravel/framework/src/Illuminate/Http/Middleware/TrustProxies.php(58): Illuminate\\Pipeline\\Pipeline->{closure:{closure:Illuminate\\Pipeline\\Pipeline::carry():184}:185}(Object(Illuminate\\Http\\Request))
#35 /Users/lkmdigital/monbeaupays.com/backend/vendor/laravel/framework/src/Illuminate/Pipeline/Pipeline.php(209): Illuminate\\Http\\Middleware\\TrustProxies->handle(Object(Illuminate\\Http\\Request), Object(Closure))
#36 /Users/lkmdigital/monbeaupays.com/backend/vendor/laravel/framework/src/Illuminate/Foundation/Http/Middleware/InvokeDeferredCallbacks.php(22): Illuminate\\Pipeline\\Pipeline->{closure:{closure:Illuminate\\Pipeline\\Pipeline::carry():184}:185}(Object(Illuminate\\Http\\Request))
#37 /Users/lkmdigital/monbeaupays.com/backend/vendor/laravel/framework/src/Illuminate/Pipeline/Pipeline.php(209): Illuminate\\Foundation\\Http\\Middleware\\InvokeDeferredCallbacks->handle(Object(Illuminate\\Http\\Request), Object(Closure))
#38 /Users/lkmdigital/monbeaupays.com/backend/vendor/laravel/framework/src/Illuminate/Pipeline/Pipeline.php(127): Illuminate\\Pipeline\\Pipeline->{closure:{closure:Illuminate\\Pipeline\\Pipeline::carry():184}:185}(Object(Illuminate\\Http\\Request))
#39 /Users/lkmdigital/monbeaupays.com/backend/vendor/laravel/framework/src/Illuminate/Foundation/Http/Kernel.php(176): Illuminate\\Pipeline\\Pipeline->then(Object(Closure))
#40 /Users/lkmdigital/monbeaupays.com/backend/vendor/laravel/framework/src/Illuminate/Foundation/Http/Kernel.php(145): Illuminate\\Foundation\\Http\\Kernel->sendRequestThroughRouter(Object(Illuminate\\Http\\Request))
#41 /Users/lkmdigital/monbeaupays.com/backend/public/index.php(17): Illuminate\\Foundation\\Http\\Kernel->handle(Object(Illuminate\\Http\\Request))
#42 /Users/lkmdigital/monbeaupays.com/backend/vendor/laravel/framework/src/Illuminate/Foundation/resources/server.php(23): require_once('/Users/lkmdigit...')
#43 {main}
"} 
[2025-11-10 16:17:56] local.ERROR: Call to undefined method App\Http\Controllers\RoomController::middleware() {"userId":4,"exception":"[object] (Error(code: 0): Call to undefined method App\\Http\\Controllers\\RoomController::middleware() at /Users/lkmdigital/monbeaupays.com/backend/app/Http/Controllers/RoomController.php:14)
[stacktrace]
#0 [internal function]: App\\Http\\Controllers\\RoomController->__construct()
#1 /Users/lkmdigital/monbeaupays.com/backend/vendor/laravel/framework/src/Illuminate/Container/Container.php(1004): ReflectionClass->newInstanceArgs(Array)
#2 /Users/lkmdigital/monbeaupays.com/backend/vendor/laravel/framework/src/Illuminate/Container/Container.php(832): Illuminate\\Container\\Container->build('App\\\\Http\\\\Contro...')
#3 /Users/lkmdigital/monbeaupays.com/backend/vendor/laravel/framework/src/Illuminate/Foundation/Application.php(1078): Illuminate\\Container\\Container->resolve('App\\\\Http\\\\Contro...', Array, true)
#4 /Users/lkmdigital/monbeaupays.com/backend/vendor/laravel/framework/src/Illuminate/Container/Container.php(763): Illuminate\\Foundation\\Application->resolve('App\\\\Http\\\\Contro...', Array)
#5 /Users/lkmdigital/monbeaupays.com/backend/vendor/laravel/framework/src/Illuminate/Foundation/Application.php(1058): Illuminate\\Container\\Container->make('App\\\\Http\\\\Contro...', Array)
#6 /Users/lkmdigital/monbeaupays.com/backend/vendor/laravel/framework/src/Illuminate/Routing/Route.php(285): Illuminate\\Foundation\\Application->make('App\\\\Http\\\\Contro...')
#7 /Users/lkmdigital/monbeaupays.com/backend/vendor/laravel/framework/src/Illuminate/Routing/Route.php(267): Illuminate\\Routing\\Route->getController()
#8 /Users/lkmdigital/monbeaupays.com/backend/vendor/laravel/framework/src/Illuminate/Routing/Route.php(212): Illuminate\\Routing\\Route->runController()
#9 /Users/lkmdigital/monbeaupays.com/backend/vendor/laravel/framework/src/Illuminate/Routing/Router.php(808): Illuminate\\Routing\\Route->run()
#10 /Users/lkmdigital/monbeaupays.com/backend/vendor/laravel/framework/src/Illuminate/Pipeline/Pipeline.php(170): Illuminate\\Routing\\Router->{closure:Illuminate\\Routing\\Router::runRouteWithinStack():807}(Object(Illuminate\\Http\\Request))
#11 /Users/lkmdigital/monbeaupays.com/backend/vendor/laravel/framework/src/Illuminate/Routing/Middleware/SubstituteBindings.php(51): Illuminate\\Pipeline\\Pipeline->{closure:Illuminate\\Pipeline\\Pipeline::prepareDestination():168}(Object(Illuminate\\Http\\Request))
#12 /Users/lkmdigital/monbeaupays.com/backend/vendor/laravel/framework/src/Illuminate/Pipeline/Pipeline.php(209): Illuminate\\Routing\\Middleware\\SubstituteBindings->handle(Object(Illuminate\\Http\\Request), Object(Closure))
#13 /Users/lkmdigital/monbeaupays.com/backend/vendor/laravel/framework/src/Illuminate/Auth/Middleware/Authenticate.php(64): Illuminate\\Pipeline\\Pipeline->{closure:{closure:Illuminate\\Pipeline\\Pipeline::carry():184}:185}(Object(Illuminate\\Http\\Request))
#14 /Users/lkmdigital/monbeaupays.com/backend/vendor/laravel/framework/src/Illuminate/Pipeline/Pipeline.php(209): Illuminate\\Auth\\Middleware\\Authenticate->handle(Object(Illuminate\\Http\\Request), Object(Closure), 'sanctum')
#15 /Users/lkmdigital/monbeaupays.com/backend/vendor/laravel/framework/src/Illuminate/Pipeline/Pipeline.php(127): Illuminate\\Pipeline\\Pipeline->{closure:{closure:Illuminate\\Pipeline\\Pipeline::carry():184}:185}(Object(Illuminate\\Http\\Request))
#16 /Users/lkmdigital/monbeaupays.com/backend/vendor/laravel/framework/src/Illuminate/Routing/Router.php(807): Illuminate\\Pipeline\\Pipeline->then(Object(Closure))
#17 /Users/lkmdigital/monbeaupays.com/backend/vendor/laravel/framework/src/Illuminate/Routing/Router.php(786): Illuminate\\Routing\\Router->runRouteWithinStack(Object(Illuminate\\Routing\\Route), Object(Illuminate\\Http\\Request))
#18 /Users/lkmdigital/monbeaupays.com/backend/vendor/laravel/framework/src/Illuminate/Routing/Router.php(750): Illuminate\\Routing\\Router->runRoute(Object(Illuminate\\Http\\Request), Object(Illuminate\\Routing\\Route))
#19 /Users/lkmdigital/monbeaupays.com/backend/vendor/laravel/framework/src/Illuminate/Routing/Router.php(739): Illuminate\\Routing\\Router->dispatchToRoute(Object(Illuminate\\Http\\Request))
#20 /Users/lkmdigital/monbeaupays.com/backend/vendor/laravel/framework/src/Illuminate/Foundation/Http/Kernel.php(201): Illuminate\\Routing\\Router->dispatch(Object(Illuminate\\Http\\Request))
#21 /Users/lkmdigital/monbeaupays.com/backend/vendor/laravel/framework/src/Illuminate/Pipeline/Pipeline.php(170): Illuminate\\Foundation\\Http\\Kernel->{closure:Illuminate\\Foundation\\Http\\Kernel::dispatchToRouter():198}(Object(Illuminate\\Http\\Request))
#22 /Users/lkmdigital/monbeaupays.com/backend/vendor/laravel/framework/src/Illuminate/Foundation/Http/Middleware/TransformsRequest.php(21): Illuminate\\Pipeline\\Pipeline->{closure:Illuminate\\Pipeline\\Pipeline::prepareDestination():168}(Object(Illuminate\\Http\\Request))
#23 /Users/lkmdigital/monbeaupays.com/backend/vendor/laravel/framework/src/Illuminate/Foundation/Http/Middleware/ConvertEmptyStringsToNull.php(31): Illuminate\\Foundation\\Http\\Middleware\\TransformsRequest->handle(Object(Illuminate\\Http\\Request), Object(Closure))
#24 /Users/lkmdigital/monbeaupays.com/backend/vendor/laravel/framework/src/Illuminate/Pipeline/Pipeline.php(209): Illuminate\\Foundation\\Http\\Middleware\\ConvertEmptyStringsToNull->handle(Object(Illuminate\\Http\\Request), Object(Closure))
#25 /Users/lkmdigital/monbeaupays.com/backend/vendor/laravel/framework/src/Illuminate/Foundation/Http/Middleware/TransformsRequest.php(21): Illuminate\\Pipeline\\Pipeline->{closure:{closure:Illuminate\\Pipeline\\Pipeline::carry():184}:185}(Object(Illuminate\\Http\\Request))
#26 /Users/lkmdigital/monbeaupays.com/backend/vendor/laravel/framework/src/Illuminate/Foundation/Http/Middleware/TrimStrings.php(51): Illuminate\\Foundation\\Http\\Middleware\\TransformsRequest->handle(Object(Illuminate\\Http\\Request), Object(Closure))
#27 /Users/lkmdigital/monbeaupays.com/backend/vendor/laravel/framework/src/Illuminate/Pipeline/Pipeline.php(209): Illuminate\\Foundation\\Http\\Middleware\\TrimStrings->handle(Object(Illuminate\\Http\\Request), Object(Closure))
#28 /Users/lkmdigital/monbeaupays.com/backend/vendor/laravel/framework/src/Illuminate/Http/Middleware/ValidatePostSize.php(27): Illuminate\\Pipeline\\Pipeline->{closure:{closure:Illuminate\\Pipeline\\Pipeline::carry():184}:185}(Object(Illuminate\\Http\\Request))
#29 /Users/lkmdigital/monbeaupays.com/backend/vendor/laravel/framework/src/Illuminate/Pipeline/Pipeline.php(209): Illuminate\\Http\\Middleware\\ValidatePostSize->handle(Object(Illuminate\\Http\\Request), Object(Closure))
#30 /Users/lkmdigital/monbeaupays.com/backend/vendor/laravel/framework/src/Illuminate/Foundation/Http/Middleware/PreventRequestsDuringMaintenance.php(110): Illuminate\\Pipeline\\Pipeline->{closure:{closure:Illuminate\\Pipeline\\Pipeline::carry():184}:185}(Object(Illuminate\\Http\\Request))
#31 /Users/lkmdigital/monbeaupays.com/backend/vendor/laravel/framework/src/Illuminate/Pipeline/Pipeline.php(209): Illuminate\\Foundation\\Http\\Middleware\\PreventRequestsDuringMaintenance->handle(Object(Illuminate\\Http\\Request), Object(Closure))
#32 /Users/lkmdigital/monbeaupays.com/backend/vendor/laravel/framework/src/Illuminate/Http/Middleware/HandleCors.php(62): Illuminate\\Pipeline\\Pipeline->{closure:{closure:Illuminate\\Pipeline\\Pipeline::carry():184}:185}(Object(Illuminate\\Http\\Request))
#33 /Users/lkmdigital/monbeaupays.com/backend/vendor/laravel/framework/src/Illuminate/Pipeline/Pipeline.php(209): Illuminate\\Http\\Middleware\\HandleCors->handle(Object(Illuminate\\Http\\Request), Object(Closure))
#34 /Users/lkmdigital/monbeaupays.com/backend/vendor/laravel/framework/src/Illuminate/Http/Middleware/TrustProxies.php(58): Illuminate\\Pipeline\\Pipeline->{closure:{closure:Illuminate\\Pipeline\\Pipeline::carry():184}:185}(Object(Illuminate\\Http\\Request))
#35 /Users/lkmdigital/monbeaupays.com/backend/vendor/laravel/framework/src/Illuminate/Pipeline/Pipeline.php(209): Illuminate\\Http\\Middleware\\TrustProxies->handle(Object(Illuminate\\Http\\Request), Object(Closure))
#36 /Users/lkmdigital/monbeaupays.com/backend/vendor/laravel/framework/src/Illuminate/Foundation/Http/Middleware/InvokeDeferredCallbacks.php(22): Illuminate\\Pipeline\\Pipeline->{closure:{closure:Illuminate\\Pipeline\\Pipeline::carry():184}:185}(Object(Illuminate\\Http\\Request))
#37 /Users/lkmdigital/monbeaupays.com/backend/vendor/laravel/framework/src/Illuminate/Pipeline/Pipeline.php(209): Illuminate\\Foundation\\Http\\Middleware\\InvokeDeferredCallbacks->handle(Object(Illuminate\\Http\\Request), Object(Closure))
#38 /Users/lkmdigital/monbeaupays.com/backend/vendor/laravel/framework/src/Illuminate/Pipeline/Pipeline.php(127): Illuminate\\Pipeline\\Pipeline->{closure:{closure:Illuminate\\Pipeline\\Pipeline::carry():184}:185}(Object(Illuminate\\Http\\Request))
#39 /Users/lkmdigital/monbeaupays.com/backend/vendor/laravel/framework/src/Illuminate/Foundation/Http/Kernel.php(176): Illuminate\\Pipeline\\Pipeline->then(Object(Closure))
#40 /Users/lkmdigital/monbeaupays.com/backend/vendor/laravel/framework/src/Illuminate/Foundation/Http/Kernel.php(145): Illuminate\\Foundation\\Http\\Kernel->sendRequestThroughRouter(Object(Illuminate\\Http\\Request))
#41 /Users/lkmdigital/monbeaupays.com/backend/public/index.php(17): Illuminate\\Foundation\\Http\\Kernel->handle(Object(Illuminate\\Http\\Request))
#42 /Users/lkmdigital/monbeaupays.com/backend/vendor/laravel/framework/src/Illuminate/Foundation/resources/server.php(23): require_once('/Users/lkmdigit...')
#43 {main}
"} 
[2025-11-10 16:17:56] local.ERROR: Call to undefined method App\Http\Controllers\RoomController::middleware() {"userId":4,"exception":"[object] (Error(code: 0): Call to undefined method App\\Http\\Controllers\\RoomController::middleware() at /Users/lkmdigital/monbeaupays.com/backend/app/Http/Controllers/RoomController.php:14)
[stacktrace]
#0 [internal function]: App\\Http\\Controllers\\RoomController->__construct()
#1 /Users/lkmdigital/monbeaupays.com/backend/vendor/laravel/framework/src/Illuminate/Container/Container.php(1004): ReflectionClass->newInstanceArgs(Array)
#2 /Users/lkmdigital/monbeaupays.com/backend/vendor/laravel/framework/src/Illuminate/Container/Container.php(832): Illuminate\\Container\\Container->build('App\\\\Http\\\\Contro...')
#3 /Users/lkmdigital/monbeaupays.com/backend/vendor/laravel/framework/src/Illuminate/Foundation/Application.php(1078): Illuminate\\Container\\Container->resolve('App\\\\Http\\\\Contro...', Array, true)
#4 /Users/lkmdigital/monbeaupays.com/backend/vendor/laravel/framework/src/Illuminate/Container/Container.php(763): Illuminate\\Foundation\\Application->resolve('App\\\\Http\\\\Contro...', Array)
#5 /Users/lkmdigital/monbeaupays.com/backend/vendor/laravel/framework/src/Illuminate/Foundation/Application.php(1058): Illuminate\\Container\\Container->make('App\\\\Http\\\\Contro...', Array)
#6 /Users/lkmdigital/monbeaupays.com/backend/vendor/laravel/framework/src/Illuminate/Routing/Route.php(285): Illuminate\\Foundation\\Application->make('App\\\\Http\\\\Contro...')
#7 /Users/lkmdigital/monbeaupays.com/backend/vendor/laravel/framework/src/Illuminate/Routing/Route.php(267): Illuminate\\Routing\\Route->getController()
#8 /Users/lkmdigital/monbeaupays.com/backend/vendor/laravel/framework/src/Illuminate/Routing/Route.php(212): Illuminate\\Routing\\Route->runController()
#9 /Users/lkmdigital/monbeaupays.com/backend/vendor/laravel/framework/src/Illuminate/Routing/Router.php(808): Illuminate\\Routing\\Route->run()
#10 /Users/lkmdigital/monbeaupays.com/backend/vendor/laravel/framework/src/Illuminate/Pipeline/Pipeline.php(170): Illuminate\\Routing\\Router->{closure:Illuminate\\Routing\\Router::runRouteWithinStack():807}(Object(Illuminate\\Http\\Request))
#11 /Users/lkmdigital/monbeaupays.com/backend/vendor/laravel/framework/src/Illuminate/Routing/Middleware/SubstituteBindings.php(51): Illuminate\\Pipeline\\Pipeline->{closure:Illuminate\\Pipeline\\Pipeline::prepareDestination():168}(Object(Illuminate\\Http\\Request))
#12 /Users/lkmdigital/monbeaupays.com/backend/vendor/laravel/framework/src/Illuminate/Pipeline/Pipeline.php(209): Illuminate\\Routing\\Middleware\\SubstituteBindings->handle(Object(Illuminate\\Http\\Request), Object(Closure))
#13 /Users/lkmdigital/monbeaupays.com/backend/vendor/laravel/framework/src/Illuminate/Auth/Middleware/Authenticate.php(64): Illuminate\\Pipeline\\Pipeline->{closure:{closure:Illuminate\\Pipeline\\Pipeline::carry():184}:185}(Object(Illuminate\\Http\\Request))
#14 /Users/lkmdigital/monbeaupays.com/backend/vendor/laravel/framework/src/Illuminate/Pipeline/Pipeline.php(209): Illuminate\\Auth\\Middleware\\Authenticate->handle(Object(Illuminate\\Http\\Request), Object(Closure), 'sanctum')
#15 /Users/lkmdigital/monbeaupays.com/backend/vendor/laravel/framework/src/Illuminate/Pipeline/Pipeline.php(127): Illuminate\\Pipeline\\Pipeline->{closure:{closure:Illuminate\\Pipeline\\Pipeline::carry():184}:185}(Object(Illuminate\\Http\\Request))
#16 /Users/lkmdigital/monbeaupays.com/backend/vendor/laravel/framework/src/Illuminate/Routing/Router.php(807): Illuminate\\Pipeline\\Pipeline->then(Object(Closure))
#17 /Users/lkmdigital/monbeaupays.com/backend/vendor/laravel/framework/src/Illuminate/Routing/Router.php(786): Illuminate\\Routing\\Router->runRouteWithinStack(Object(Illuminate\\Routing\\Route), Object(Illuminate\\Http\\Request))
#18 /Users/lkmdigital/monbeaupays.com/backend/vendor/laravel/framework/src/Illuminate/Routing/Router.php(750): Illuminate\\Routing\\Router->runRoute(Object(Illuminate\\Http\\Request), Object(Illuminate\\Routing\\Route))
#19 /Users/lkmdigital/monbeaupays.com/backend/vendor/laravel/framework/src/Illuminate/Routing/Router.php(739): Illuminate\\Routing\\Router->dispatchToRoute(Object(Illuminate\\Http\\Request))
#20 /Users/lkmdigital/monbeaupays.com/backend/vendor/laravel/framework/src/Illuminate/Foundation/Http/Kernel.php(201): Illuminate\\Routing\\Router->dispatch(Object(Illuminate\\Http\\Request))
#21 /Users/lkmdigital/monbeaupays.com/backend/vendor/laravel/framework/src/Illuminate/Pipeline/Pipeline.php(170): Illuminate\\Foundation\\Http\\Kernel->{closure:Illuminate\\Foundation\\Http\\Kernel::dispatchToRouter():198}(Object(Illuminate\\Http\\Request))
#22 /Users/lkmdigital/monbeaupays.com/backend/vendor/laravel/framework/src/Illuminate/Foundation/Http/Middleware/TransformsRequest.php(21): Illuminate\\Pipeline\\Pipeline->{closure:Illuminate\\Pipeline\\Pipeline::prepareDestination():168}(Object(Illuminate\\Http\\Request))
#23 /Users/lkmdigital/monbeaupays.com/backend/vendor/laravel/framework/src/Illuminate/Foundation/Http/Middleware/ConvertEmptyStringsToNull.php(31): Illuminate\\Foundation\\Http\\Middleware\\TransformsRequest->handle(Object(Illuminate\\Http\\Request), Object(Closure))
#24 /Users/lkmdigital/monbeaupays.com/backend/vendor/laravel/framework/src/Illuminate/Pipeline/Pipeline.php(209): Illuminate\\Foundation\\Http\\Middleware\\ConvertEmptyStringsToNull->handle(Object(Illuminate\\Http\\Request), Object(Closure))
#25 /Users/lkmdigital/monbeaupays.com/backend/vendor/laravel/framework/src/Illuminate/Foundation/Http/Middleware/TransformsRequest.php(21): Illuminate\\Pipeline\\Pipeline->{closure:{closure:Illuminate\\Pipeline\\Pipeline::carry():184}:185}(Object(Illuminate\\Http\\Request))
#26 /Users/lkmdigital/monbeaupays.com/backend/vendor/laravel/framework/src/Illuminate/Foundation/Http/Middleware/TrimStrings.php(51): Illuminate\\Foundation\\Http\\Middleware\\TransformsRequest->handle(Object(Illuminate\\Http\\Request), Object(Closure))
#27 /Users/lkmdigital/monbeaupays.com/backend/vendor/laravel/framework/src/Illuminate/Pipeline/Pipeline.php(209): Illuminate\\Foundation\\Http\\Middleware\\TrimStrings->handle(Object(Illuminate\\Http\\Request), Object(Closure))
#28 /Users/lkmdigital/monbeaupays.com/backend/vendor/laravel/framework/src/Illuminate/Http/Middleware/ValidatePostSize.php(27): Illuminate\\Pipeline\\Pipeline->{closure:{closure:Illuminate\\Pipeline\\Pipeline::carry():184}:185}(Object(Illuminate\\Http\\Request))
#29 /Users/lkmdigital/monbeaupays.com/backend/vendor/laravel/framework/src/Illuminate/Pipeline/Pipeline.php(209): Illuminate\\Http\\Middleware\\ValidatePostSize->handle(Object(Illuminate\\Http\\Request), Object(Closure))
#30 /Users/lkmdigital/monbeaupays.com/backend/vendor/laravel/framework/src/Illuminate/Foundation/Http/Middleware/PreventRequestsDuringMaintenance.php(110): Illuminate\\Pipeline\\Pipeline->{closure:{closure:Illuminate\\Pipeline\\Pipeline::carry():184}:185}(Object(Illuminate\\Http\\Request))
#31 /Users/lkmdigital/monbeaupays.com/backend/vendor/laravel/framework/src/Illuminate/Pipeline/Pipeline.php(209): Illuminate\\Foundation\\Http\\Middleware\\PreventRequestsDuringMaintenance->handle(Object(Illuminate\\Http\\Request), Object(Closure))
#32 /Users/lkmdigital/monbeaupays.com/backend/vendor/laravel/framework/src/Illuminate/Http/Middleware/HandleCors.php(62): Illuminate\\Pipeline\\Pipeline->{closure:{closure:Illuminate\\Pipeline\\Pipeline::carry():184}:185}(Object(Illuminate\\Http\\Request))
#33 /Users/lkmdigital/monbeaupays.com/backend/vendor/laravel/framework/src/Illuminate/Pipeline/Pipeline.php(209): Illuminate\\Http\\Middleware\\HandleCors->handle(Object(Illuminate\\Http\\Request), Object(Closure))
#34 /Users/lkmdigital/monbeaupays.com/backend/vendor/laravel/framework/src/Illuminate/Http/Middleware/TrustProxies.php(58): Illuminate\\Pipeline\\Pipeline->{closure:{closure:Illuminate\\Pipeline\\Pipeline::carry():184}:185}(Object(Illuminate\\Http\\Request))
#35 /Users/lkmdigital/monbeaupays.com/backend/vendor/laravel/framework/src/Illuminate/Pipeline/Pipeline.php(209): Illuminate\\Http\\Middleware\\TrustProxies->handle(Object(Illuminate\\Http\\Request), Object(Closure))
#36 /Users/lkmdigital/monbeaupays.com/backend/vendor/laravel/framework/src/Illuminate/Foundation/Http/Middleware/InvokeDeferredCallbacks.php(22): Illuminate\\Pipeline\\Pipeline->{closure:{closure:Illuminate\\Pipeline\\Pipeline::carry():184}:185}(Object(Illuminate\\Http\\Request))
#37 /Users/lkmdigital/monbeaupays.com/backend/vendor/laravel/framework/src/Illuminate/Pipeline/Pipeline.php(209): Illuminate\\Foundation\\Http\\Middleware\\InvokeDeferredCallbacks->handle(Object(Illuminate\\Http\\Request), Object(Closure))
#38 /Users/lkmdigital/monbeaupays.com/backend/vendor/laravel/framework/src/Illuminate/Pipeline/Pipeline.php(127): Illuminate\\Pipeline\\Pipeline->{closure:{closure:Illuminate\\Pipeline\\Pipeline::carry():184}:185}(Object(Illuminate\\Http\\Request))
#39 /Users/lkmdigital/monbeaupays.com/backend/vendor/laravel/framework/src/Illuminate/Foundation/Http/Kernel.php(176): Illuminate\\Pipeline\\Pipeline->then(Object(Closure))
#40 /Users/lkmdigital/monbeaupays.com/backend/vendor/laravel/framework/src/Illuminate/Foundation/Http/Kernel.php(145): Illuminate\\Foundation\\Http\\Kernel->sendRequestThroughRouter(Object(Illuminate\\Http\\Request))
#41 /Users/lkmdigital/monbeaupays.com/backend/public/index.php(17): Illuminate\\Foundation\\Http\\Kernel->handle(Object(Illuminate\\Http\\Request))
#42 /Users/lkmdigital/monbeaupays.com/backend/vendor/laravel/framework/src/Illuminate/Foundation/resources/server.php(23): require_once('/Users/lkmdigit...')
#43 {main}
"} 
[2025-11-10 16:26:37] local.ERROR: Call to undefined method App\Http\Controllers\AnalyticsController::middleware() {"userId":4,"exception":"[object] (Error(code: 0): Call to undefined method App\\Http\\Controllers\\AnalyticsController::middleware() at /Users/lkmdigital/monbeaupays.com/backend/app/Http/Controllers/AnalyticsController.php:17)
[stacktrace]
#0 [internal function]: App\\Http\\Controllers\\AnalyticsController->__construct()
#1 /Users/lkmdigital/monbeaupays.com/backend/vendor/laravel/framework/src/Illuminate/Container/Container.php(1004): ReflectionClass->newInstanceArgs(Array)
#2 /Users/lkmdigital/monbeaupays.com/backend/vendor/laravel/framework/src/Illuminate/Container/Container.php(832): Illuminate\\Container\\Container->build('App\\\\Http\\\\Contro...')
#3 /Users/lkmdigital/monbeaupays.com/backend/vendor/laravel/framework/src/Illuminate/Foundation/Application.php(1078): Illuminate\\Container\\Container->resolve('App\\\\Http\\\\Contro...', Array, true)
#4 /Users/lkmdigital/monbeaupays.com/backend/vendor/laravel/framework/src/Illuminate/Container/Container.php(763): Illuminate\\Foundation\\Application->resolve('App\\\\Http\\\\Contro...', Array)
#5 /Users/lkmdigital/monbeaupays.com/backend/vendor/laravel/framework/src/Illuminate/Foundation/Application.php(1058): Illuminate\\Container\\Container->make('App\\\\Http\\\\Contro...', Array)
#6 /Users/lkmdigital/monbeaupays.com/backend/vendor/laravel/framework/src/Illuminate/Routing/Route.php(285): Illuminate\\Foundation\\Application->make('App\\\\Http\\\\Contro...')
#7 /Users/lkmdigital/monbeaupays.com/backend/vendor/laravel/framework/src/Illuminate/Routing/Route.php(267): Illuminate\\Routing\\Route->getController()
#8 /Users/lkmdigital/monbeaupays.com/backend/vendor/laravel/framework/src/Illuminate/Routing/Route.php(212): Illuminate\\Routing\\Route->runController()
#9 /Users/lkmdigital/monbeaupays.com/backend/vendor/laravel/framework/src/Illuminate/Routing/Router.php(808): Illuminate\\Routing\\Route->run()
#10 /Users/lkmdigital/monbeaupays.com/backend/vendor/laravel/framework/src/Illuminate/Pipeline/Pipeline.php(170): Illuminate\\Routing\\Router->{closure:Illuminate\\Routing\\Router::runRouteWithinStack():807}(Object(Illuminate\\Http\\Request))
#11 /Users/lkmdigital/monbeaupays.com/backend/app/Http/Middleware/RoleMiddleware.php(27): Illuminate\\Pipeline\\Pipeline->{closure:Illuminate\\Pipeline\\Pipeline::prepareDestination():168}(Object(Illuminate\\Http\\Request))
#12 /Users/lkmdigital/monbeaupays.com/backend/vendor/laravel/framework/src/Illuminate/Pipeline/Pipeline.php(209): App\\Http\\Middleware\\RoleMiddleware->handle(Object(Illuminate\\Http\\Request), Object(Closure), 'user')
#13 /Users/lkmdigital/monbeaupays.com/backend/vendor/laravel/framework/src/Illuminate/Routing/Middleware/SubstituteBindings.php(51): Illuminate\\Pipeline\\Pipeline->{closure:{closure:Illuminate\\Pipeline\\Pipeline::carry():184}:185}(Object(Illuminate\\Http\\Request))
#14 /Users/lkmdigital/monbeaupays.com/backend/vendor/laravel/framework/src/Illuminate/Pipeline/Pipeline.php(209): Illuminate\\Routing\\Middleware\\SubstituteBindings->handle(Object(Illuminate\\Http\\Request), Object(Closure))
#15 /Users/lkmdigital/monbeaupays.com/backend/vendor/laravel/framework/src/Illuminate/Auth/Middleware/Authenticate.php(64): Illuminate\\Pipeline\\Pipeline->{closure:{closure:Illuminate\\Pipeline\\Pipeline::carry():184}:185}(Object(Illuminate\\Http\\Request))
#16 /Users/lkmdigital/monbeaupays.com/backend/vendor/laravel/framework/src/Illuminate/Pipeline/Pipeline.php(209): Illuminate\\Auth\\Middleware\\Authenticate->handle(Object(Illuminate\\Http\\Request), Object(Closure), 'sanctum')
#17 /Users/lkmdigital/monbeaupays.com/backend/vendor/laravel/framework/src/Illuminate/Pipeline/Pipeline.php(127): Illuminate\\Pipeline\\Pipeline->{closure:{closure:Illuminate\\Pipeline\\Pipeline::carry():184}:185}(Object(Illuminate\\Http\\Request))
#18 /Users/lkmdigital/monbeaupays.com/backend/vendor/laravel/framework/src/Illuminate/Routing/Router.php(807): Illuminate\\Pipeline\\Pipeline->then(Object(Closure))
#19 /Users/lkmdigital/monbeaupays.com/backend/vendor/laravel/framework/src/Illuminate/Routing/Router.php(786): Illuminate\\Routing\\Router->runRouteWithinStack(Object(Illuminate\\Routing\\Route), Object(Illuminate\\Http\\Request))
#20 /Users/lkmdigital/monbeaupays.com/backend/vendor/laravel/framework/src/Illuminate/Routing/Router.php(750): Illuminate\\Routing\\Router->runRoute(Object(Illuminate\\Http\\Request), Object(Illuminate\\Routing\\Route))
#21 /Users/lkmdigital/monbeaupays.com/backend/vendor/laravel/framework/src/Illuminate/Routing/Router.php(739): Illuminate\\Routing\\Router->dispatchToRoute(Object(Illuminate\\Http\\Request))
#22 /Users/lkmdigital/monbeaupays.com/backend/vendor/laravel/framework/src/Illuminate/Foundation/Http/Kernel.php(201): Illuminate\\Routing\\Router->dispatch(Object(Illuminate\\Http\\Request))
#23 /Users/lkmdigital/monbeaupays.com/backend/vendor/laravel/framework/src/Illuminate/Pipeline/Pipeline.php(170): Illuminate\\Foundation\\Http\\Kernel->{closure:Illuminate\\Foundation\\Http\\Kernel::dispatchToRouter():198}(Object(Illuminate\\Http\\Request))
#24 /Users/lkmdigital/monbeaupays.com/backend/vendor/laravel/framework/src/Illuminate/Foundation/Http/Middleware/TransformsRequest.php(21): Illuminate\\Pipeline\\Pipeline->{closure:Illuminate\\Pipeline\\Pipeline::prepareDestination():168}(Object(Illuminate\\Http\\Request))
#25 /Users/lkmdigital/monbeaupays.com/backend/vendor/laravel/framework/src/Illuminate/Foundation/Http/Middleware/ConvertEmptyStringsToNull.php(31): Illuminate\\Foundation\\Http\\Middleware\\TransformsRequest->handle(Object(Illuminate\\Http\\Request), Object(Closure))
#26 /Users/lkmdigital/monbeaupays.com/backend/vendor/laravel/framework/src/Illuminate/Pipeline/Pipeline.php(209): Illuminate\\Foundation\\Http\\Middleware\\ConvertEmptyStringsToNull->handle(Object(Illuminate\\Http\\Request), Object(Closure))
#27 /Users/lkmdigital/monbeaupays.com/backend/vendor/laravel/framework/src/Illuminate/Foundation/Http/Middleware/TransformsRequest.php(21): Illuminate\\Pipeline\\Pipeline->{closure:{closure:Illuminate\\Pipeline\\Pipeline::carry():184}:185}(Object(Illuminate\\Http\\Request))
#28 /Users/lkmdigital/monbeaupays.com/backend/vendor/laravel/framework/src/Illuminate/Foundation/Http/Middleware/TrimStrings.php(51): Illuminate\\Foundation\\Http\\Middleware\\TransformsRequest->handle(Object(Illuminate\\Http\\Request), Object(Closure))
#29 /Users/lkmdigital/monbeaupays.com/backend/vendor/laravel/framework/src/Illuminate/Pipeline/Pipeline.php(209): Illuminate\\Foundation\\Http\\Middleware\\TrimStrings->handle(Object(Illuminate\\Http\\Request), Object(Closure))
#30 /Users/lkmdigital/monbeaupays.com/backend/vendor/laravel/framework/src/Illuminate/Http/Middleware/ValidatePostSize.php(27): Illuminate\\Pipeline\\Pipeline->{closure:{closure:Illuminate\\Pipeline\\Pipeline::carry():184}:185}(Object(Illuminate\\Http\\Request))
#31 /Users/lkmdigital/monbeaupays.com/backend/vendor/laravel/framework/src/Illuminate/Pipeline/Pipeline.php(209): Illuminate\\Http\\Middleware\\ValidatePostSize->handle(Object(Illuminate\\Http\\Request), Object(Closure))
#32 /Users/lkmdigital/monbeaupays.com/backend/vendor/laravel/framework/src/Illuminate/Foundation/Http/Middleware/PreventRequestsDuringMaintenance.php(110): Illuminate\\Pipeline\\Pipeline->{closure:{closure:Illuminate\\Pipeline\\Pipeline::carry():184}:185}(Object(Illuminate\\Http\\Request))
#33 /Users/lkmdigital/monbeaupays.com/backend/vendor/laravel/framework/src/Illuminate/Pipeline/Pipeline.php(209): Illuminate\\Foundation\\Http\\Middleware\\PreventRequestsDuringMaintenance->handle(Object(Illuminate\\Http\\Request), Object(Closure))
#34 /Users/lkmdigital/monbeaupays.com/backend/vendor/laravel/framework/src/Illuminate/Http/Middleware/HandleCors.php(62): Illuminate\\Pipeline\\Pipeline->{closure:{closure:Illuminate\\Pipeline\\Pipeline::carry():184}:185}(Object(Illuminate\\Http\\Request))
#35 /Users/lkmdigital/monbeaupays.com/backend/vendor/laravel/framework/src/Illuminate/Pipeline/Pipeline.php(209): Illuminate\\Http\\Middleware\\HandleCors->handle(Object(Illuminate\\Http\\Request), Object(Closure))
#36 /Users/lkmdigital/monbeaupays.com/backend/vendor/laravel/framework/src/Illuminate/Http/Middleware/TrustProxies.php(58): Illuminate\\Pipeline\\Pipeline->{closure:{closure:Illuminate\\Pipeline\\Pipeline::carry():184}:185}(Object(Illuminate\\Http\\Request))
#37 /Users/lkmdigital/monbeaupays.com/backend/vendor/laravel/framework/src/Illuminate/Pipeline/Pipeline.php(209): Illuminate\\Http\\Middleware\\TrustProxies->handle(Object(Illuminate\\Http\\Request), Object(Closure))
#38 /Users/lkmdigital/monbeaupays.com/backend/vendor/laravel/framework/src/Illuminate/Foundation/Http/Middleware/InvokeDeferredCallbacks.php(22): Illuminate\\Pipeline\\Pipeline->{closure:{closure:Illuminate\\Pipeline\\Pipeline::carry():184}:185}(Object(Illuminate\\Http\\Request))
#39 /Users/lkmdigital/monbeaupays.com/backend/vendor/laravel/framework/src/Illuminate/Pipeline/Pipeline.php(209): Illuminate\\Foundation\\Http\\Middleware\\InvokeDeferredCallbacks->handle(Object(Illuminate\\Http\\Request), Object(Closure))
#40 /Users/lkmdigital/monbeaupays.com/backend/vendor/laravel/framework/src/Illuminate/Pipeline/Pipeline.php(127): Illuminate\\Pipeline\\Pipeline->{closure:{closure:Illuminate\\Pipeline\\Pipeline::carry():184}:185}(Object(Illuminate\\Http\\Request))
#41 /Users/lkmdigital/monbeaupays.com/backend/vendor/laravel/framework/src/Illuminate/Foundation/Http/Kernel.php(176): Illuminate\\Pipeline\\Pipeline->then(Object(Closure))
#42 /Users/lkmdigital/monbeaupays.com/backend/vendor/laravel/framework/src/Illuminate/Foundation/Http/Kernel.php(145): Illuminate\\Foundation\\Http\\Kernel->sendRequestThroughRouter(Object(Illuminate\\Http\\Request))
#43 /Users/lkmdigital/monbeaupays.com/backend/public/index.php(17): Illuminate\\Foundation\\Http\\Kernel->handle(Object(Illuminate\\Http\\Request))
#44 /Users/lkmdigital/monbeaupays.com/backend/vendor/laravel/framework/src/Illuminate/Foundation/resources/server.php(23): require_once('/Users/lkmdigit...')
#45 {main}
"} 
[2025-11-10 16:26:37] local.ERROR: Call to undefined method App\Http\Controllers\AnalyticsController::middleware() {"userId":4,"exception":"[object] (Error(code: 0): Call to undefined method App\\Http\\Controllers\\AnalyticsController::middleware() at /Users/lkmdigital/monbeaupays.com/backend/app/Http/Controllers/AnalyticsController.php:17)
[stacktrace]
#0 [internal function]: App\\Http\\Controllers\\AnalyticsController->__construct()
#1 /Users/lkmdigital/monbeaupays.com/backend/vendor/laravel/framework/src/Illuminate/Container/Container.php(1004): ReflectionClass->newInstanceArgs(Array)
#2 /Users/lkmdigital/monbeaupays.com/backend/vendor/laravel/framework/src/Illuminate/Container/Container.php(832): Illuminate\\Container\\Container->build('App\\\\Http\\\\Contro...')
#3 /Users/lkmdigital/monbeaupays.com/backend/vendor/laravel/framework/src/Illuminate/Foundation/Application.php(1078): Illuminate\\Container\\Container->resolve('App\\\\Http\\\\Contro...', Array, true)
#4 /Users/lkmdigital/monbeaupays.com/backend/vendor/laravel/framework/src/Illuminate/Container/Container.php(763): Illuminate\\Foundation\\Application->resolve('App\\\\Http\\\\Contro...', Array)
#5 /Users/lkmdigital/monbeaupays.com/backend/vendor/laravel/framework/src/Illuminate/Foundation/Application.php(1058): Illuminate\\Container\\Container->make('App\\\\Http\\\\Contro...', Array)
#6 /Users/lkmdigital/monbeaupays.com/backend/vendor/laravel/framework/src/Illuminate/Routing/Route.php(285): Illuminate\\Foundation\\Application->make('App\\\\Http\\\\Contro...')
#7 /Users/lkmdigital/monbeaupays.com/backend/vendor/laravel/framework/src/Illuminate/Routing/Route.php(267): Illuminate\\Routing\\Route->getController()
#8 /Users/lkmdigital/monbeaupays.com/backend/vendor/laravel/framework/src/Illuminate/Routing/Route.php(212): Illuminate\\Routing\\Route->runController()
#9 /Users/lkmdigital/monbeaupays.com/backend/vendor/laravel/framework/src/Illuminate/Routing/Router.php(808): Illuminate\\Routing\\Route->run()
#10 /Users/lkmdigital/monbeaupays.com/backend/vendor/laravel/framework/src/Illuminate/Pipeline/Pipeline.php(170): Illuminate\\Routing\\Router->{closure:Illuminate\\Routing\\Router::runRouteWithinStack():807}(Object(Illuminate\\Http\\Request))
#11 /Users/lkmdigital/monbeaupays.com/backend/app/Http/Middleware/RoleMiddleware.php(27): Illuminate\\Pipeline\\Pipeline->{closure:Illuminate\\Pipeline\\Pipeline::prepareDestination():168}(Object(Illuminate\\Http\\Request))
#12 /Users/lkmdigital/monbeaupays.com/backend/vendor/laravel/framework/src/Illuminate/Pipeline/Pipeline.php(209): App\\Http\\Middleware\\RoleMiddleware->handle(Object(Illuminate\\Http\\Request), Object(Closure), 'user')
#13 /Users/lkmdigital/monbeaupays.com/backend/vendor/laravel/framework/src/Illuminate/Routing/Middleware/SubstituteBindings.php(51): Illuminate\\Pipeline\\Pipeline->{closure:{closure:Illuminate\\Pipeline\\Pipeline::carry():184}:185}(Object(Illuminate\\Http\\Request))
#14 /Users/lkmdigital/monbeaupays.com/backend/vendor/laravel/framework/src/Illuminate/Pipeline/Pipeline.php(209): Illuminate\\Routing\\Middleware\\SubstituteBindings->handle(Object(Illuminate\\Http\\Request), Object(Closure))
#15 /Users/lkmdigital/monbeaupays.com/backend/vendor/laravel/framework/src/Illuminate/Auth/Middleware/Authenticate.php(64): Illuminate\\Pipeline\\Pipeline->{closure:{closure:Illuminate\\Pipeline\\Pipeline::carry():184}:185}(Object(Illuminate\\Http\\Request))
#16 /Users/lkmdigital/monbeaupays.com/backend/vendor/laravel/framework/src/Illuminate/Pipeline/Pipeline.php(209): Illuminate\\Auth\\Middleware\\Authenticate->handle(Object(Illuminate\\Http\\Request), Object(Closure), 'sanctum')
#17 /Users/lkmdigital/monbeaupays.com/backend/vendor/laravel/framework/src/Illuminate/Pipeline/Pipeline.php(127): Illuminate\\Pipeline\\Pipeline->{closure:{closure:Illuminate\\Pipeline\\Pipeline::carry():184}:185}(Object(Illuminate\\Http\\Request))
#18 /Users/lkmdigital/monbeaupays.com/backend/vendor/laravel/framework/src/Illuminate/Routing/Router.php(807): Illuminate\\Pipeline\\Pipeline->then(Object(Closure))
#19 /Users/lkmdigital/monbeaupays.com/backend/vendor/laravel/framework/src/Illuminate/Routing/Router.php(786): Illuminate\\Routing\\Router->runRouteWithinStack(Object(Illuminate\\Routing\\Route), Object(Illuminate\\Http\\Request))
#20 /Users/lkmdigital/monbeaupays.com/backend/vendor/laravel/framework/src/Illuminate/Routing/Router.php(750): Illuminate\\Routing\\Router->runRoute(Object(Illuminate\\Http\\Request), Object(Illuminate\\Routing\\Route))
#21 /Users/lkmdigital/monbeaupays.com/backend/vendor/laravel/framework/src/Illuminate/Routing/Router.php(739): Illuminate\\Routing\\Router->dispatchToRoute(Object(Illuminate\\Http\\Request))
#22 /Users/lkmdigital/monbeaupays.com/backend/vendor/laravel/framework/src/Illuminate/Foundation/Http/Kernel.php(201): Illuminate\\Routing\\Router->dispatch(Object(Illuminate\\Http\\Request))
#23 /Users/lkmdigital/monbeaupays.com/backend/vendor/laravel/framework/src/Illuminate/Pipeline/Pipeline.php(170): Illuminate\\Foundation\\Http\\Kernel->{closure:Illuminate\\Foundation\\Http\\Kernel::dispatchToRouter():198}(Object(Illuminate\\Http\\Request))
#24 /Users/lkmdigital/monbeaupays.com/backend/vendor/laravel/framework/src/Illuminate/Foundation/Http/Middleware/TransformsRequest.php(21): Illuminate\\Pipeline\\Pipeline->{closure:Illuminate\\Pipeline\\Pipeline::prepareDestination():168}(Object(Illuminate\\Http\\Request))
#25 /Users/lkmdigital/monbeaupays.com/backend/vendor/laravel/framework/src/Illuminate/Foundation/Http/Middleware/ConvertEmptyStringsToNull.php(31): Illuminate\\Foundation\\Http\\Middleware\\TransformsRequest->handle(Object(Illuminate\\Http\\Request), Object(Closure))
#26 /Users/lkmdigital/monbeaupays.com/backend/vendor/laravel/framework/src/Illuminate/Pipeline/Pipeline.php(209): Illuminate\\Foundation\\Http\\Middleware\\ConvertEmptyStringsToNull->handle(Object(Illuminate\\Http\\Request), Object(Closure))
#27 /Users/lkmdigital/monbeaupays.com/backend/vendor/laravel/framework/src/Illuminate/Foundation/Http/Middleware/TransformsRequest.php(21): Illuminate\\Pipeline\\Pipeline->{closure:{closure:Illuminate\\Pipeline\\Pipeline::carry():184}:185}(Object(Illuminate\\Http\\Request))
#28 /Users/lkmdigital/monbeaupays.com/backend/vendor/laravel/framework/src/Illuminate/Foundation/Http/Middleware/TrimStrings.php(51): Illuminate\\Foundation\\Http\\Middleware\\TransformsRequest->handle(Object(Illuminate\\Http\\Request), Object(Closure))
#29 /Users/lkmdigital/monbeaupays.com/backend/vendor/laravel/framework/src/Illuminate/Pipeline/Pipeline.php(209): Illuminate\\Foundation\\Http\\Middleware\\TrimStrings->handle(Object(Illuminate\\Http\\Request), Object(Closure))
#30 /Users/lkmdigital/monbeaupays.com/backend/vendor/laravel/framework/src/Illuminate/Http/Middleware/ValidatePostSize.php(27): Illuminate\\Pipeline\\Pipeline->{closure:{closure:Illuminate\\Pipeline\\Pipeline::carry():184}:185}(Object(Illuminate\\Http\\Request))
#31 /Users/lkmdigital/monbeaupays.com/backend/vendor/laravel/framework/src/Illuminate/Pipeline/Pipeline.php(209): Illuminate\\Http\\Middleware\\ValidatePostSize->handle(Object(Illuminate\\Http\\Request), Object(Closure))
#32 /Users/lkmdigital/monbeaupays.com/backend/vendor/laravel/framework/src/Illuminate/Foundation/Http/Middleware/PreventRequestsDuringMaintenance.php(110): Illuminate\\Pipeline\\Pipeline->{closure:{closure:Illuminate\\Pipeline\\Pipeline::carry():184}:185}(Object(Illuminate\\Http\\Request))
#33 /Users/lkmdigital/monbeaupays.com/backend/vendor/laravel/framework/src/Illuminate/Pipeline/Pipeline.php(209): Illuminate\\Foundation\\Http\\Middleware\\PreventRequestsDuringMaintenance->handle(Object(Illuminate\\Http\\Request), Object(Closure))
#34 /Users/lkmdigital/monbeaupays.com/backend/vendor/laravel/framework/src/Illuminate/Http/Middleware/HandleCors.php(62): Illuminate\\Pipeline\\Pipeline->{closure:{closure:Illuminate\\Pipeline\\Pipeline::carry():184}:185}(Object(Illuminate\\Http\\Request))
#35 /Users/lkmdigital/monbeaupays.com/backend/vendor/laravel/framework/src/Illuminate/Pipeline/Pipeline.php(209): Illuminate\\Http\\Middleware\\HandleCors->handle(Object(Illuminate\\Http\\Request), Object(Closure))
#36 /Users/lkmdigital/monbeaupays.com/backend/vendor/laravel/framework/src/Illuminate/Http/Middleware/TrustProxies.php(58): Illuminate\\Pipeline\\Pipeline->{closure:{closure:Illuminate\\Pipeline\\Pipeline::carry():184}:185}(Object(Illuminate\\Http\\Request))
#37 /Users/lkmdigital/monbeaupays.com/backend/vendor/laravel/framework/src/Illuminate/Pipeline/Pipeline.php(209): Illuminate\\Http\\Middleware\\TrustProxies->handle(Object(Illuminate\\Http\\Request), Object(Closure))
#38 /Users/lkmdigital/monbeaupays.com/backend/vendor/laravel/framework/src/Illuminate/Foundation/Http/Middleware/InvokeDeferredCallbacks.php(22): Illuminate\\Pipeline\\Pipeline->{closure:{closure:Illuminate\\Pipeline\\Pipeline::carry():184}:185}(Object(Illuminate\\Http\\Request))
#39 /Users/lkmdigital/monbeaupays.com/backend/vendor/laravel/framework/src/Illuminate/Pipeline/Pipeline.php(209): Illuminate\\Foundation\\Http\\Middleware\\InvokeDeferredCallbacks->handle(Object(Illuminate\\Http\\Request), Object(Closure))
#40 /Users/lkmdigital/monbeaupays.com/backend/vendor/laravel/framework/src/Illuminate/Pipeline/Pipeline.php(127): Illuminate\\Pipeline\\Pipeline->{closure:{closure:Illuminate\\Pipeline\\Pipeline::carry():184}:185}(Object(Illuminate\\Http\\Request))
#41 /Users/lkmdigital/monbeaupays.com/backend/vendor/laravel/framework/src/Illuminate/Foundation/Http/Kernel.php(176): Illuminate\\Pipeline\\Pipeline->then(Object(Closure))
#42 /Users/lkmdigital/monbeaupays.com/backend/vendor/laravel/framework/src/Illuminate/Foundation/Http/Kernel.php(145): Illuminate\\Foundation\\Http\\Kernel->sendRequestThroughRouter(Object(Illuminate\\Http\\Request))
#43 /Users/lkmdigital/monbeaupays.com/backend/public/index.php(17): Illuminate\\Foundation\\Http\\Kernel->handle(Object(Illuminate\\Http\\Request))
#44 /Users/lkmdigital/monbeaupays.com/backend/vendor/laravel/framework/src/Illuminate/Foundation/resources/server.php(23): require_once('/Users/lkmdigit...')
#45 {main}
"} 
[2025-11-10 16:26:47] local.ERROR: Call to undefined method App\Http\Controllers\AnalyticsController::middleware() {"userId":4,"exception":"[object] (Error(code: 0): Call to undefined method App\\Http\\Controllers\\AnalyticsController::middleware() at /Users/lkmdigital/monbeaupays.com/backend/app/Http/Controllers/AnalyticsController.php:17)
[stacktrace]
#0 [internal function]: App\\Http\\Controllers\\AnalyticsController->__construct()
#1 /Users/lkmdigital/monbeaupays.com/backend/vendor/laravel/framework/src/Illuminate/Container/Container.php(1004): ReflectionClass->newInstanceArgs(Array)
#2 /Users/lkmdigital/monbeaupays.com/backend/vendor/laravel/framework/src/Illuminate/Container/Container.php(832): Illuminate\\Container\\Container->build('App\\\\Http\\\\Contro...')
#3 /Users/lkmdigital/monbeaupays.com/backend/vendor/laravel/framework/src/Illuminate/Foundation/Application.php(1078): Illuminate\\Container\\Container->resolve('App\\\\Http\\\\Contro...', Array, true)
#4 /Users/lkmdigital/monbeaupays.com/backend/vendor/laravel/framework/src/Illuminate/Container/Container.php(763): Illuminate\\Foundation\\Application->resolve('App\\\\Http\\\\Contro...', Array)
#5 /Users/lkmdigital/monbeaupays.com/backend/vendor/laravel/framework/src/Illuminate/Foundation/Application.php(1058): Illuminate\\Container\\Container->make('App\\\\Http\\\\Contro...', Array)
#6 /Users/lkmdigital/monbeaupays.com/backend/vendor/laravel/framework/src/Illuminate/Routing/Route.php(285): Illuminate\\Foundation\\Application->make('App\\\\Http\\\\Contro...')
#7 /Users/lkmdigital/monbeaupays.com/backend/vendor/laravel/framework/src/Illuminate/Routing/Route.php(267): Illuminate\\Routing\\Route->getController()
#8 /Users/lkmdigital/monbeaupays.com/backend/vendor/laravel/framework/src/Illuminate/Routing/Route.php(212): Illuminate\\Routing\\Route->runController()
#9 /Users/lkmdigital/monbeaupays.com/backend/vendor/laravel/framework/src/Illuminate/Routing/Router.php(808): Illuminate\\Routing\\Route->run()
#10 /Users/lkmdigital/monbeaupays.com/backend/vendor/laravel/framework/src/Illuminate/Pipeline/Pipeline.php(170): Illuminate\\Routing\\Router->{closure:Illuminate\\Routing\\Router::runRouteWithinStack():807}(Object(Illuminate\\Http\\Request))
#11 /Users/lkmdigital/monbeaupays.com/backend/app/Http/Middleware/RoleMiddleware.php(27): Illuminate\\Pipeline\\Pipeline->{closure:Illuminate\\Pipeline\\Pipeline::prepareDestination():168}(Object(Illuminate\\Http\\Request))
#12 /Users/lkmdigital/monbeaupays.com/backend/vendor/laravel/framework/src/Illuminate/Pipeline/Pipeline.php(209): App\\Http\\Middleware\\RoleMiddleware->handle(Object(Illuminate\\Http\\Request), Object(Closure), 'user')
#13 /Users/lkmdigital/monbeaupays.com/backend/vendor/laravel/framework/src/Illuminate/Routing/Middleware/SubstituteBindings.php(51): Illuminate\\Pipeline\\Pipeline->{closure:{closure:Illuminate\\Pipeline\\Pipeline::carry():184}:185}(Object(Illuminate\\Http\\Request))
#14 /Users/lkmdigital/monbeaupays.com/backend/vendor/laravel/framework/src/Illuminate/Pipeline/Pipeline.php(209): Illuminate\\Routing\\Middleware\\SubstituteBindings->handle(Object(Illuminate\\Http\\Request), Object(Closure))
#15 /Users/lkmdigital/monbeaupays.com/backend/vendor/laravel/framework/src/Illuminate/Auth/Middleware/Authenticate.php(64): Illuminate\\Pipeline\\Pipeline->{closure:{closure:Illuminate\\Pipeline\\Pipeline::carry():184}:185}(Object(Illuminate\\Http\\Request))
#16 /Users/lkmdigital/monbeaupays.com/backend/vendor/laravel/framework/src/Illuminate/Pipeline/Pipeline.php(209): Illuminate\\Auth\\Middleware\\Authenticate->handle(Object(Illuminate\\Http\\Request), Object(Closure), 'sanctum')
#17 /Users/lkmdigital/monbeaupays.com/backend/vendor/laravel/framework/src/Illuminate/Pipeline/Pipeline.php(127): Illuminate\\Pipeline\\Pipeline->{closure:{closure:Illuminate\\Pipeline\\Pipeline::carry():184}:185}(Object(Illuminate\\Http\\Request))
#18 /Users/lkmdigital/monbeaupays.com/backend/vendor/laravel/framework/src/Illuminate/Routing/Router.php(807): Illuminate\\Pipeline\\Pipeline->then(Object(Closure))
#19 /Users/lkmdigital/monbeaupays.com/backend/vendor/laravel/framework/src/Illuminate/Routing/Router.php(786): Illuminate\\Routing\\Router->runRouteWithinStack(Object(Illuminate\\Routing\\Route), Object(Illuminate\\Http\\Request))
#20 /Users/lkmdigital/monbeaupays.com/backend/vendor/laravel/framework/src/Illuminate/Routing/Router.php(750): Illuminate\\Routing\\Router->runRoute(Object(Illuminate\\Http\\Request), Object(Illuminate\\Routing\\Route))
#21 /Users/lkmdigital/monbeaupays.com/backend/vendor/laravel/framework/src/Illuminate/Routing/Router.php(739): Illuminate\\Routing\\Router->dispatchToRoute(Object(Illuminate\\Http\\Request))
#22 /Users/lkmdigital/monbeaupays.com/backend/vendor/laravel/framework/src/Illuminate/Foundation/Http/Kernel.php(201): Illuminate\\Routing\\Router->dispatch(Object(Illuminate\\Http\\Request))
#23 /Users/lkmdigital/monbeaupays.com/backend/vendor/laravel/framework/src/Illuminate/Pipeline/Pipeline.php(170): Illuminate\\Foundation\\Http\\Kernel->{closure:Illuminate\\Foundation\\Http\\Kernel::dispatchToRouter():198}(Object(Illuminate\\Http\\Request))
#24 /Users/lkmdigital/monbeaupays.com/backend/vendor/laravel/framework/src/Illuminate/Foundation/Http/Middleware/TransformsRequest.php(21): Illuminate\\Pipeline\\Pipeline->{closure:Illuminate\\Pipeline\\Pipeline::prepareDestination():168}(Object(Illuminate\\Http\\Request))
#25 /Users/lkmdigital/monbeaupays.com/backend/vendor/laravel/framework/src/Illuminate/Foundation/Http/Middleware/ConvertEmptyStringsToNull.php(31): Illuminate\\Foundation\\Http\\Middleware\\TransformsRequest->handle(Object(Illuminate\\Http\\Request), Object(Closure))
#26 /Users/lkmdigital/monbeaupays.com/backend/vendor/laravel/framework/src/Illuminate/Pipeline/Pipeline.php(209): Illuminate\\Foundation\\Http\\Middleware\\ConvertEmptyStringsToNull->handle(Object(Illuminate\\Http\\Request), Object(Closure))
#27 /Users/lkmdigital/monbeaupays.com/backend/vendor/laravel/framework/src/Illuminate/Foundation/Http/Middleware/TransformsRequest.php(21): Illuminate\\Pipeline\\Pipeline->{closure:{closure:Illuminate\\Pipeline\\Pipeline::carry():184}:185}(Object(Illuminate\\Http\\Request))
#28 /Users/lkmdigital/monbeaupays.com/backend/vendor/laravel/framework/src/Illuminate/Foundation/Http/Middleware/TrimStrings.php(51): Illuminate\\Foundation\\Http\\Middleware\\TransformsRequest->handle(Object(Illuminate\\Http\\Request), Object(Closure))
#29 /Users/lkmdigital/monbeaupays.com/backend/vendor/laravel/framework/src/Illuminate/Pipeline/Pipeline.php(209): Illuminate\\Foundation\\Http\\Middleware\\TrimStrings->handle(Object(Illuminate\\Http\\Request), Object(Closure))
#30 /Users/lkmdigital/monbeaupays.com/backend/vendor/laravel/framework/src/Illuminate/Http/Middleware/ValidatePostSize.php(27): Illuminate\\Pipeline\\Pipeline->{closure:{closure:Illuminate\\Pipeline\\Pipeline::carry():184}:185}(Object(Illuminate\\Http\\Request))
#31 /Users/lkmdigital/monbeaupays.com/backend/vendor/laravel/framework/src/Illuminate/Pipeline/Pipeline.php(209): Illuminate\\Http\\Middleware\\ValidatePostSize->handle(Object(Illuminate\\Http\\Request), Object(Closure))
#32 /Users/lkmdigital/monbeaupays.com/backend/vendor/laravel/framework/src/Illuminate/Foundation/Http/Middleware/PreventRequestsDuringMaintenance.php(110): Illuminate\\Pipeline\\Pipeline->{closure:{closure:Illuminate\\Pipeline\\Pipeline::carry():184}:185}(Object(Illuminate\\Http\\Request))
#33 /Users/lkmdigital/monbeaupays.com/backend/vendor/laravel/framework/src/Illuminate/Pipeline/Pipeline.php(209): Illuminate\\Foundation\\Http\\Middleware\\PreventRequestsDuringMaintenance->handle(Object(Illuminate\\Http\\Request), Object(Closure))
#34 /Users/lkmdigital/monbeaupays.com/backend/vendor/laravel/framework/src/Illuminate/Http/Middleware/HandleCors.php(62): Illuminate\\Pipeline\\Pipeline->{closure:{closure:Illuminate\\Pipeline\\Pipeline::carry():184}:185}(Object(Illuminate\\Http\\Request))
#35 /Users/lkmdigital/monbeaupays.com/backend/vendor/laravel/framework/src/Illuminate/Pipeline/Pipeline.php(209): Illuminate\\Http\\Middleware\\HandleCors->handle(Object(Illuminate\\Http\\Request), Object(Closure))
#36 /Users/lkmdigital/monbeaupays.com/backend/vendor/laravel/framework/src/Illuminate/Http/Middleware/TrustProxies.php(58): Illuminate\\Pipeline\\Pipeline->{closure:{closure:Illuminate\\Pipeline\\Pipeline::carry():184}:185}(Object(Illuminate\\Http\\Request))
#37 /Users/lkmdigital/monbeaupays.com/backend/vendor/laravel/framework/src/Illuminate/Pipeline/Pipeline.php(209): Illuminate\\Http\\Middleware\\TrustProxies->handle(Object(Illuminate\\Http\\Request), Object(Closure))
#38 /Users/lkmdigital/monbeaupays.com/backend/vendor/laravel/framework/src/Illuminate/Foundation/Http/Middleware/InvokeDeferredCallbacks.php(22): Illuminate\\Pipeline\\Pipeline->{closure:{closure:Illuminate\\Pipeline\\Pipeline::carry():184}:185}(Object(Illuminate\\Http\\Request))
#39 /Users/lkmdigital/monbeaupays.com/backend/vendor/laravel/framework/src/Illuminate/Pipeline/Pipeline.php(209): Illuminate\\Foundation\\Http\\Middleware\\InvokeDeferredCallbacks->handle(Object(Illuminate\\Http\\Request), Object(Closure))
#40 /Users/lkmdigital/monbeaupays.com/backend/vendor/laravel/framework/src/Illuminate/Pipeline/Pipeline.php(127): Illuminate\\Pipeline\\Pipeline->{closure:{closure:Illuminate\\Pipeline\\Pipeline::carry():184}:185}(Object(Illuminate\\Http\\Request))
#41 /Users/lkmdigital/monbeaupays.com/backend/vendor/laravel/framework/src/Illuminate/Foundation/Http/Kernel.php(176): Illuminate\\Pipeline\\Pipeline->then(Object(Closure))
#42 /Users/lkmdigital/monbeaupays.com/backend/vendor/laravel/framework/src/Illuminate/Foundation/Http/Kernel.php(145): Illuminate\\Foundation\\Http\\Kernel->sendRequestThroughRouter(Object(Illuminate\\Http\\Request))
#43 /Users/lkmdigital/monbeaupays.com/backend/public/index.php(17): Illuminate\\Foundation\\Http\\Kernel->handle(Object(Illuminate\\Http\\Request))
#44 /Users/lkmdigital/monbeaupays.com/backend/vendor/laravel/framework/src/Illuminate/Foundation/resources/server.php(23): require_once('/Users/lkmdigit...')
#45 {main}
"} 
[2025-11-10 16:26:47] local.ERROR: Call to undefined method App\Http\Controllers\AnalyticsController::middleware() {"userId":4,"exception":"[object] (Error(code: 0): Call to undefined method App\\Http\\Controllers\\AnalyticsController::middleware() at /Users/lkmdigital/monbeaupays.com/backend/app/Http/Controllers/AnalyticsController.php:17)
[stacktrace]
#0 [internal function]: App\\Http\\Controllers\\AnalyticsController->__construct()
#1 /Users/lkmdigital/monbeaupays.com/backend/vendor/laravel/framework/src/Illuminate/Container/Container.php(1004): ReflectionClass->newInstanceArgs(Array)
#2 /Users/lkmdigital/monbeaupays.com/backend/vendor/laravel/framework/src/Illuminate/Container/Container.php(832): Illuminate\\Container\\Container->build('App\\\\Http\\\\Contro...')
#3 /Users/lkmdigital/monbeaupays.com/backend/vendor/laravel/framework/src/Illuminate/Foundation/Application.php(1078): Illuminate\\Container\\Container->resolve('App\\\\Http\\\\Contro...', Array, true)
#4 /Users/lkmdigital/monbeaupays.com/backend/vendor/laravel/framework/src/Illuminate/Container/Container.php(763): Illuminate\\Foundation\\Application->resolve('App\\\\Http\\\\Contro...', Array)
#5 /Users/lkmdigital/monbeaupays.com/backend/vendor/laravel/framework/src/Illuminate/Foundation/Application.php(1058): Illuminate\\Container\\Container->make('App\\\\Http\\\\Contro...', Array)
#6 /Users/lkmdigital/monbeaupays.com/backend/vendor/laravel/framework/src/Illuminate/Routing/Route.php(285): Illuminate\\Foundation\\Application->make('App\\\\Http\\\\Contro...')
#7 /Users/lkmdigital/monbeaupays.com/backend/vendor/laravel/framework/src/Illuminate/Routing/Route.php(267): Illuminate\\Routing\\Route->getController()
#8 /Users/lkmdigital/monbeaupays.com/backend/vendor/laravel/framework/src/Illuminate/Routing/Route.php(212): Illuminate\\Routing\\Route->runController()
#9 /Users/lkmdigital/monbeaupays.com/backend/vendor/laravel/framework/src/Illuminate/Routing/Router.php(808): Illuminate\\Routing\\Route->run()
#10 /Users/lkmdigital/monbeaupays.com/backend/vendor/laravel/framework/src/Illuminate/Pipeline/Pipeline.php(170): Illuminate\\Routing\\Router->{closure:Illuminate\\Routing\\Router::runRouteWithinStack():807}(Object(Illuminate\\Http\\Request))
#11 /Users/lkmdigital/monbeaupays.com/backend/app/Http/Middleware/RoleMiddleware.php(27): Illuminate\\Pipeline\\Pipeline->{closure:Illuminate\\Pipeline\\Pipeline::prepareDestination():168}(Object(Illuminate\\Http\\Request))
#12 /Users/lkmdigital/monbeaupays.com/backend/vendor/laravel/framework/src/Illuminate/Pipeline/Pipeline.php(209): App\\Http\\Middleware\\RoleMiddleware->handle(Object(Illuminate\\Http\\Request), Object(Closure), 'user')
#13 /Users/lkmdigital/monbeaupays.com/backend/vendor/laravel/framework/src/Illuminate/Routing/Middleware/SubstituteBindings.php(51): Illuminate\\Pipeline\\Pipeline->{closure:{closure:Illuminate\\Pipeline\\Pipeline::carry():184}:185}(Object(Illuminate\\Http\\Request))
#14 /Users/lkmdigital/monbeaupays.com/backend/vendor/laravel/framework/src/Illuminate/Pipeline/Pipeline.php(209): Illuminate\\Routing\\Middleware\\SubstituteBindings->handle(Object(Illuminate\\Http\\Request), Object(Closure))
#15 /Users/lkmdigital/monbeaupays.com/backend/vendor/laravel/framework/src/Illuminate/Auth/Middleware/Authenticate.php(64): Illuminate\\Pipeline\\Pipeline->{closure:{closure:Illuminate\\Pipeline\\Pipeline::carry():184}:185}(Object(Illuminate\\Http\\Request))
#16 /Users/lkmdigital/monbeaupays.com/backend/vendor/laravel/framework/src/Illuminate/Pipeline/Pipeline.php(209): Illuminate\\Auth\\Middleware\\Authenticate->handle(Object(Illuminate\\Http\\Request), Object(Closure), 'sanctum')
#17 /Users/lkmdigital/monbeaupays.com/backend/vendor/laravel/framework/src/Illuminate/Pipeline/Pipeline.php(127): Illuminate\\Pipeline\\Pipeline->{closure:{closure:Illuminate\\Pipeline\\Pipeline::carry():184}:185}(Object(Illuminate\\Http\\Request))
#18 /Users/lkmdigital/monbeaupays.com/backend/vendor/laravel/framework/src/Illuminate/Routing/Router.php(807): Illuminate\\Pipeline\\Pipeline->then(Object(Closure))
#19 /Users/lkmdigital/monbeaupays.com/backend/vendor/laravel/framework/src/Illuminate/Routing/Router.php(786): Illuminate\\Routing\\Router->runRouteWithinStack(Object(Illuminate\\Routing\\Route), Object(Illuminate\\Http\\Request))
#20 /Users/lkmdigital/monbeaupays.com/backend/vendor/laravel/framework/src/Illuminate/Routing/Router.php(750): Illuminate\\Routing\\Router->runRoute(Object(Illuminate\\Http\\Request), Object(Illuminate\\Routing\\Route))
#21 /Users/lkmdigital/monbeaupays.com/backend/vendor/laravel/framework/src/Illuminate/Routing/Router.php(739): Illuminate\\Routing\\Router->dispatchToRoute(Object(Illuminate\\Http\\Request))
#22 /Users/lkmdigital/monbeaupays.com/backend/vendor/laravel/framework/src/Illuminate/Foundation/Http/Kernel.php(201): Illuminate\\Routing\\Router->dispatch(Object(Illuminate\\Http\\Request))
#23 /Users/lkmdigital/monbeaupays.com/backend/vendor/laravel/framework/src/Illuminate/Pipeline/Pipeline.php(170): Illuminate\\Foundation\\Http\\Kernel->{closure:Illuminate\\Foundation\\Http\\Kernel::dispatchToRouter():198}(Object(Illuminate\\Http\\Request))
#24 /Users/lkmdigital/monbeaupays.com/backend/vendor/laravel/framework/src/Illuminate/Foundation/Http/Middleware/TransformsRequest.php(21): Illuminate\\Pipeline\\Pipeline->{closure:Illuminate\\Pipeline\\Pipeline::prepareDestination():168}(Object(Illuminate\\Http\\Request))
#25 /Users/lkmdigital/monbeaupays.com/backend/vendor/laravel/framework/src/Illuminate/Foundation/Http/Middleware/ConvertEmptyStringsToNull.php(31): Illuminate\\Foundation\\Http\\Middleware\\TransformsRequest->handle(Object(Illuminate\\Http\\Request), Object(Closure))
#26 /Users/lkmdigital/monbeaupays.com/backend/vendor/laravel/framework/src/Illuminate/Pipeline/Pipeline.php(209): Illuminate\\Foundation\\Http\\Middleware\\ConvertEmptyStringsToNull->handle(Object(Illuminate\\Http\\Request), Object(Closure))
#27 /Users/lkmdigital/monbeaupays.com/backend/vendor/laravel/framework/src/Illuminate/Foundation/Http/Middleware/TransformsRequest.php(21): Illuminate\\Pipeline\\Pipeline->{closure:{closure:Illuminate\\Pipeline\\Pipeline::carry():184}:185}(Object(Illuminate\\Http\\Request))
#28 /Users/lkmdigital/monbeaupays.com/backend/vendor/laravel/framework/src/Illuminate/Foundation/Http/Middleware/TrimStrings.php(51): Illuminate\\Foundation\\Http\\Middleware\\TransformsRequest->handle(Object(Illuminate\\Http\\Request), Object(Closure))
#29 /Users/lkmdigital/monbeaupays.com/backend/vendor/laravel/framework/src/Illuminate/Pipeline/Pipeline.php(209): Illuminate\\Foundation\\Http\\Middleware\\TrimStrings->handle(Object(Illuminate\\Http\\Request), Object(Closure))
#30 /Users/lkmdigital/monbeaupays.com/backend/vendor/laravel/framework/src/Illuminate/Http/Middleware/ValidatePostSize.php(27): Illuminate\\Pipeline\\Pipeline->{closure:{closure:Illuminate\\Pipeline\\Pipeline::carry():184}:185}(Object(Illuminate\\Http\\Request))
#31 /Users/lkmdigital/monbeaupays.com/backend/vendor/laravel/framework/src/Illuminate/Pipeline/Pipeline.php(209): Illuminate\\Http\\Middleware\\ValidatePostSize->handle(Object(Illuminate\\Http\\Request), Object(Closure))
#32 /Users/lkmdigital/monbeaupays.com/backend/vendor/laravel/framework/src/Illuminate/Foundation/Http/Middleware/PreventRequestsDuringMaintenance.php(110): Illuminate\\Pipeline\\Pipeline->{closure:{closure:Illuminate\\Pipeline\\Pipeline::carry():184}:185}(Object(Illuminate\\Http\\Request))
#33 /Users/lkmdigital/monbeaupays.com/backend/vendor/laravel/framework/src/Illuminate/Pipeline/Pipeline.php(209): Illuminate\\Foundation\\Http\\Middleware\\PreventRequestsDuringMaintenance->handle(Object(Illuminate\\Http\\Request), Object(Closure))
#34 /Users/lkmdigital/monbeaupays.com/backend/vendor/laravel/framework/src/Illuminate/Http/Middleware/HandleCors.php(62): Illuminate\\Pipeline\\Pipeline->{closure:{closure:Illuminate\\Pipeline\\Pipeline::carry():184}:185}(Object(Illuminate\\Http\\Request))
#35 /Users/lkmdigital/monbeaupays.com/backend/vendor/laravel/framework/src/Illuminate/Pipeline/Pipeline.php(209): Illuminate\\Http\\Middleware\\HandleCors->handle(Object(Illuminate\\Http\\Request), Object(Closure))
#36 /Users/lkmdigital/monbeaupays.com/backend/vendor/laravel/framework/src/Illuminate/Http/Middleware/TrustProxies.php(58): Illuminate\\Pipeline\\Pipeline->{closure:{closure:Illuminate\\Pipeline\\Pipeline::carry():184}:185}(Object(Illuminate\\Http\\Request))
#37 /Users/lkmdigital/monbeaupays.com/backend/vendor/laravel/framework/src/Illuminate/Pipeline/Pipeline.php(209): Illuminate\\Http\\Middleware\\TrustProxies->handle(Object(Illuminate\\Http\\Request), Object(Closure))
#38 /Users/lkmdigital/monbeaupays.com/backend/vendor/laravel/framework/src/Illuminate/Foundation/Http/Middleware/InvokeDeferredCallbacks.php(22): Illuminate\\Pipeline\\Pipeline->{closure:{closure:Illuminate\\Pipeline\\Pipeline::carry():184}:185}(Object(Illuminate\\Http\\Request))
#39 /Users/lkmdigital/monbeaupays.com/backend/vendor/laravel/framework/src/Illuminate/Pipeline/Pipeline.php(209): Illuminate\\Foundation\\Http\\Middleware\\InvokeDeferredCallbacks->handle(Object(Illuminate\\Http\\Request), Object(Closure))
#40 /Users/lkmdigital/monbeaupays.com/backend/vendor/laravel/framework/src/Illuminate/Pipeline/Pipeline.php(127): Illuminate\\Pipeline\\Pipeline->{closure:{closure:Illuminate\\Pipeline\\Pipeline::carry():184}:185}(Object(Illuminate\\Http\\Request))
#41 /Users/lkmdigital/monbeaupays.com/backend/vendor/laravel/framework/src/Illuminate/Foundation/Http/Kernel.php(176): Illuminate\\Pipeline\\Pipeline->then(Object(Closure))
#42 /Users/lkmdigital/monbeaupays.com/backend/vendor/laravel/framework/src/Illuminate/Foundation/Http/Kernel.php(145): Illuminate\\Foundation\\Http\\Kernel->sendRequestThroughRouter(Object(Illuminate\\Http\\Request))
#43 /Users/lkmdigital/monbeaupays.com/backend/public/index.php(17): Illuminate\\Foundation\\Http\\Kernel->handle(Object(Illuminate\\Http\\Request))
#44 /Users/lkmdigital/monbeaupays.com/backend/vendor/laravel/framework/src/Illuminate/Foundation/resources/server.php(23): require_once('/Users/lkmdigit...')
#45 {main}
"} 
[2025-11-10 16:31:27] local.ERROR: Call to undefined method App\Http\Controllers\AnalyticsController::middleware() {"userId":4,"exception":"[object] (Error(code: 0): Call to undefined method App\\Http\\Controllers\\AnalyticsController::middleware() at /Users/lkmdigital/monbeaupays.com/backend/app/Http/Controllers/AnalyticsController.php:17)
[stacktrace]
#0 [internal function]: App\\Http\\Controllers\\AnalyticsController->__construct()
#1 /Users/lkmdigital/monbeaupays.com/backend/vendor/laravel/framework/src/Illuminate/Container/Container.php(1004): ReflectionClass->newInstanceArgs(Array)
#2 /Users/lkmdigital/monbeaupays.com/backend/vendor/laravel/framework/src/Illuminate/Container/Container.php(832): Illuminate\\Container\\Container->build('App\\\\Http\\\\Contro...')
#3 /Users/lkmdigital/monbeaupays.com/backend/vendor/laravel/framework/src/Illuminate/Foundation/Application.php(1078): Illuminate\\Container\\Container->resolve('App\\\\Http\\\\Contro...', Array, true)
#4 /Users/lkmdigital/monbeaupays.com/backend/vendor/laravel/framework/src/Illuminate/Container/Container.php(763): Illuminate\\Foundation\\Application->resolve('App\\\\Http\\\\Contro...', Array)
#5 /Users/lkmdigital/monbeaupays.com/backend/vendor/laravel/framework/src/Illuminate/Foundation/Application.php(1058): Illuminate\\Container\\Container->make('App\\\\Http\\\\Contro...', Array)
#6 /Users/lkmdigital/monbeaupays.com/backend/vendor/laravel/framework/src/Illuminate/Routing/Route.php(285): Illuminate\\Foundation\\Application->make('App\\\\Http\\\\Contro...')
#7 /Users/lkmdigital/monbeaupays.com/backend/vendor/laravel/framework/src/Illuminate/Routing/Route.php(267): Illuminate\\Routing\\Route->getController()
#8 /Users/lkmdigital/monbeaupays.com/backend/vendor/laravel/framework/src/Illuminate/Routing/Route.php(212): Illuminate\\Routing\\Route->runController()
#9 /Users/lkmdigital/monbeaupays.com/backend/vendor/laravel/framework/src/Illuminate/Routing/Router.php(808): Illuminate\\Routing\\Route->run()
#10 /Users/lkmdigital/monbeaupays.com/backend/vendor/laravel/framework/src/Illuminate/Pipeline/Pipeline.php(170): Illuminate\\Routing\\Router->{closure:Illuminate\\Routing\\Router::runRouteWithinStack():807}(Object(Illuminate\\Http\\Request))
#11 /Users/lkmdigital/monbeaupays.com/backend/app/Http/Middleware/RoleMiddleware.php(27): Illuminate\\Pipeline\\Pipeline->{closure:Illuminate\\Pipeline\\Pipeline::prepareDestination():168}(Object(Illuminate\\Http\\Request))
#12 /Users/lkmdigital/monbeaupays.com/backend/vendor/laravel/framework/src/Illuminate/Pipeline/Pipeline.php(209): App\\Http\\Middleware\\RoleMiddleware->handle(Object(Illuminate\\Http\\Request), Object(Closure), 'user')
#13 /Users/lkmdigital/monbeaupays.com/backend/vendor/laravel/framework/src/Illuminate/Routing/Middleware/SubstituteBindings.php(51): Illuminate\\Pipeline\\Pipeline->{closure:{closure:Illuminate\\Pipeline\\Pipeline::carry():184}:185}(Object(Illuminate\\Http\\Request))
#14 /Users/lkmdigital/monbeaupays.com/backend/vendor/laravel/framework/src/Illuminate/Pipeline/Pipeline.php(209): Illuminate\\Routing\\Middleware\\SubstituteBindings->handle(Object(Illuminate\\Http\\Request), Object(Closure))
#15 /Users/lkmdigital/monbeaupays.com/backend/vendor/laravel/framework/src/Illuminate/Auth/Middleware/Authenticate.php(64): Illuminate\\Pipeline\\Pipeline->{closure:{closure:Illuminate\\Pipeline\\Pipeline::carry():184}:185}(Object(Illuminate\\Http\\Request))
#16 /Users/lkmdigital/monbeaupays.com/backend/vendor/laravel/framework/src/Illuminate/Pipeline/Pipeline.php(209): Illuminate\\Auth\\Middleware\\Authenticate->handle(Object(Illuminate\\Http\\Request), Object(Closure), 'sanctum')
#17 /Users/lkmdigital/monbeaupays.com/backend/vendor/laravel/framework/src/Illuminate/Pipeline/Pipeline.php(127): Illuminate\\Pipeline\\Pipeline->{closure:{closure:Illuminate\\Pipeline\\Pipeline::carry():184}:185}(Object(Illuminate\\Http\\Request))
#18 /Users/lkmdigital/monbeaupays.com/backend/vendor/laravel/framework/src/Illuminate/Routing/Router.php(807): Illuminate\\Pipeline\\Pipeline->then(Object(Closure))
#19 /Users/lkmdigital/monbeaupays.com/backend/vendor/laravel/framework/src/Illuminate/Routing/Router.php(786): Illuminate\\Routing\\Router->runRouteWithinStack(Object(Illuminate\\Routing\\Route), Object(Illuminate\\Http\\Request))
#20 /Users/lkmdigital/monbeaupays.com/backend/vendor/laravel/framework/src/Illuminate/Routing/Router.php(750): Illuminate\\Routing\\Router->runRoute(Object(Illuminate\\Http\\Request), Object(Illuminate\\Routing\\Route))
#21 /Users/lkmdigital/monbeaupays.com/backend/vendor/laravel/framework/src/Illuminate/Routing/Router.php(739): Illuminate\\Routing\\Router->dispatchToRoute(Object(Illuminate\\Http\\Request))
#22 /Users/lkmdigital/monbeaupays.com/backend/vendor/laravel/framework/src/Illuminate/Foundation/Http/Kernel.php(201): Illuminate\\Routing\\Router->dispatch(Object(Illuminate\\Http\\Request))
#23 /Users/lkmdigital/monbeaupays.com/backend/vendor/laravel/framework/src/Illuminate/Pipeline/Pipeline.php(170): Illuminate\\Foundation\\Http\\Kernel->{closure:Illuminate\\Foundation\\Http\\Kernel::dispatchToRouter():198}(Object(Illuminate\\Http\\Request))
#24 /Users/lkmdigital/monbeaupays.com/backend/vendor/laravel/framework/src/Illuminate/Foundation/Http/Middleware/TransformsRequest.php(21): Illuminate\\Pipeline\\Pipeline->{closure:Illuminate\\Pipeline\\Pipeline::prepareDestination():168}(Object(Illuminate\\Http\\Request))
#25 /Users/lkmdigital/monbeaupays.com/backend/vendor/laravel/framework/src/Illuminate/Foundation/Http/Middleware/ConvertEmptyStringsToNull.php(31): Illuminate\\Foundation\\Http\\Middleware\\TransformsRequest->handle(Object(Illuminate\\Http\\Request), Object(Closure))
#26 /Users/lkmdigital/monbeaupays.com/backend/vendor/laravel/framework/src/Illuminate/Pipeline/Pipeline.php(209): Illuminate\\Foundation\\Http\\Middleware\\ConvertEmptyStringsToNull->handle(Object(Illuminate\\Http\\Request), Object(Closure))
#27 /Users/lkmdigital/monbeaupays.com/backend/vendor/laravel/framework/src/Illuminate/Foundation/Http/Middleware/TransformsRequest.php(21): Illuminate\\Pipeline\\Pipeline->{closure:{closure:Illuminate\\Pipeline\\Pipeline::carry():184}:185}(Object(Illuminate\\Http\\Request))
#28 /Users/lkmdigital/monbeaupays.com/backend/vendor/laravel/framework/src/Illuminate/Foundation/Http/Middleware/TrimStrings.php(51): Illuminate\\Foundation\\Http\\Middleware\\TransformsRequest->handle(Object(Illuminate\\Http\\Request), Object(Closure))
#29 /Users/lkmdigital/monbeaupays.com/backend/vendor/laravel/framework/src/Illuminate/Pipeline/Pipeline.php(209): Illuminate\\Foundation\\Http\\Middleware\\TrimStrings->handle(Object(Illuminate\\Http\\Request), Object(Closure))
#30 /Users/lkmdigital/monbeaupays.com/backend/vendor/laravel/framework/src/Illuminate/Http/Middleware/ValidatePostSize.php(27): Illuminate\\Pipeline\\Pipeline->{closure:{closure:Illuminate\\Pipeline\\Pipeline::carry():184}:185}(Object(Illuminate\\Http\\Request))
#31 /Users/lkmdigital/monbeaupays.com/backend/vendor/laravel/framework/src/Illuminate/Pipeline/Pipeline.php(209): Illuminate\\Http\\Middleware\\ValidatePostSize->handle(Object(Illuminate\\Http\\Request), Object(Closure))
#32 /Users/lkmdigital/monbeaupays.com/backend/vendor/laravel/framework/src/Illuminate/Foundation/Http/Middleware/PreventRequestsDuringMaintenance.php(110): Illuminate\\Pipeline\\Pipeline->{closure:{closure:Illuminate\\Pipeline\\Pipeline::carry():184}:185}(Object(Illuminate\\Http\\Request))
#33 /Users/lkmdigital/monbeaupays.com/backend/vendor/laravel/framework/src/Illuminate/Pipeline/Pipeline.php(209): Illuminate\\Foundation\\Http\\Middleware\\PreventRequestsDuringMaintenance->handle(Object(Illuminate\\Http\\Request), Object(Closure))
#34 /Users/lkmdigital/monbeaupays.com/backend/vendor/laravel/framework/src/Illuminate/Http/Middleware/HandleCors.php(62): Illuminate\\Pipeline\\Pipeline->{closure:{closure:Illuminate\\Pipeline\\Pipeline::carry():184}:185}(Object(Illuminate\\Http\\Request))
#35 /Users/lkmdigital/monbeaupays.com/backend/vendor/laravel/framework/src/Illuminate/Pipeline/Pipeline.php(209): Illuminate\\Http\\Middleware\\HandleCors->handle(Object(Illuminate\\Http\\Request), Object(Closure))
#36 /Users/lkmdigital/monbeaupays.com/backend/vendor/laravel/framework/src/Illuminate/Http/Middleware/TrustProxies.php(58): Illuminate\\Pipeline\\Pipeline->{closure:{closure:Illuminate\\Pipeline\\Pipeline::carry():184}:185}(Object(Illuminate\\Http\\Request))
#37 /Users/lkmdigital/monbeaupays.com/backend/vendor/laravel/framework/src/Illuminate/Pipeline/Pipeline.php(209): Illuminate\\Http\\Middleware\\TrustProxies->handle(Object(Illuminate\\Http\\Request), Object(Closure))
#38 /Users/lkmdigital/monbeaupays.com/backend/vendor/laravel/framework/src/Illuminate/Foundation/Http/Middleware/InvokeDeferredCallbacks.php(22): Illuminate\\Pipeline\\Pipeline->{closure:{closure:Illuminate\\Pipeline\\Pipeline::carry():184}:185}(Object(Illuminate\\Http\\Request))
#39 /Users/lkmdigital/monbeaupays.com/backend/vendor/laravel/framework/src/Illuminate/Pipeline/Pipeline.php(209): Illuminate\\Foundation\\Http\\Middleware\\InvokeDeferredCallbacks->handle(Object(Illuminate\\Http\\Request), Object(Closure))
#40 /Users/lkmdigital/monbeaupays.com/backend/vendor/laravel/framework/src/Illuminate/Pipeline/Pipeline.php(127): Illuminate\\Pipeline\\Pipeline->{closure:{closure:Illuminate\\Pipeline\\Pipeline::carry():184}:185}(Object(Illuminate\\Http\\Request))
#41 /Users/lkmdigital/monbeaupays.com/backend/vendor/laravel/framework/src/Illuminate/Foundation/Http/Kernel.php(176): Illuminate\\Pipeline\\Pipeline->then(Object(Closure))
#42 /Users/lkmdigital/monbeaupays.com/backend/vendor/laravel/framework/src/Illuminate/Foundation/Http/Kernel.php(145): Illuminate\\Foundation\\Http\\Kernel->sendRequestThroughRouter(Object(Illuminate\\Http\\Request))
#43 /Users/lkmdigital/monbeaupays.com/backend/public/index.php(17): Illuminate\\Foundation\\Http\\Kernel->handle(Object(Illuminate\\Http\\Request))
#44 /Users/lkmdigital/monbeaupays.com/backend/vendor/laravel/framework/src/Illuminate/Foundation/resources/server.php(23): require_once('/Users/lkmdigit...')
#45 {main}
"} 
[2025-11-10 16:31:27] local.ERROR: Call to undefined method App\Http\Controllers\AnalyticsController::middleware() {"userId":4,"exception":"[object] (Error(code: 0): Call to undefined method App\\Http\\Controllers\\AnalyticsController::middleware() at /Users/lkmdigital/monbeaupays.com/backend/app/Http/Controllers/AnalyticsController.php:17)
[stacktrace]
#0 [internal function]: App\\Http\\Controllers\\AnalyticsController->__construct()
#1 /Users/lkmdigital/monbeaupays.com/backend/vendor/laravel/framework/src/Illuminate/Container/Container.php(1004): ReflectionClass->newInstanceArgs(Array)
#2 /Users/lkmdigital/monbeaupays.com/backend/vendor/laravel/framework/src/Illuminate/Container/Container.php(832): Illuminate\\Container\\Container->build('App\\\\Http\\\\Contro...')
#3 /Users/lkmdigital/monbeaupays.com/backend/vendor/laravel/framework/src/Illuminate/Foundation/Application.php(1078): Illuminate\\Container\\Container->resolve('App\\\\Http\\\\Contro...', Array, true)
#4 /Users/lkmdigital/monbeaupays.com/backend/vendor/laravel/framework/src/Illuminate/Container/Container.php(763): Illuminate\\Foundation\\Application->resolve('App\\\\Http\\\\Contro...', Array)
#5 /Users/lkmdigital/monbeaupays.com/backend/vendor/laravel/framework/src/Illuminate/Foundation/Application.php(1058): Illuminate\\Container\\Container->make('App\\\\Http\\\\Contro...', Array)
#6 /Users/lkmdigital/monbeaupays.com/backend/vendor/laravel/framework/src/Illuminate/Routing/Route.php(285): Illuminate\\Foundation\\Application->make('App\\\\Http\\\\Contro...')
#7 /Users/lkmdigital/monbeaupays.com/backend/vendor/laravel/framework/src/Illuminate/Routing/Route.php(267): Illuminate\\Routing\\Route->getController()
#8 /Users/lkmdigital/monbeaupays.com/backend/vendor/laravel/framework/src/Illuminate/Routing/Route.php(212): Illuminate\\Routing\\Route->runController()
#9 /Users/lkmdigital/monbeaupays.com/backend/vendor/laravel/framework/src/Illuminate/Routing/Router.php(808): Illuminate\\Routing\\Route->run()
#10 /Users/lkmdigital/monbeaupays.com/backend/vendor/laravel/framework/src/Illuminate/Pipeline/Pipeline.php(170): Illuminate\\Routing\\Router->{closure:Illuminate\\Routing\\Router::runRouteWithinStack():807}(Object(Illuminate\\Http\\Request))
#11 /Users/lkmdigital/monbeaupays.com/backend/app/Http/Middleware/RoleMiddleware.php(27): Illuminate\\Pipeline\\Pipeline->{closure:Illuminate\\Pipeline\\Pipeline::prepareDestination():168}(Object(Illuminate\\Http\\Request))
#12 /Users/lkmdigital/monbeaupays.com/backend/vendor/laravel/framework/src/Illuminate/Pipeline/Pipeline.php(209): App\\Http\\Middleware\\RoleMiddleware->handle(Object(Illuminate\\Http\\Request), Object(Closure), 'user')
#13 /Users/lkmdigital/monbeaupays.com/backend/vendor/laravel/framework/src/Illuminate/Routing/Middleware/SubstituteBindings.php(51): Illuminate\\Pipeline\\Pipeline->{closure:{closure:Illuminate\\Pipeline\\Pipeline::carry():184}:185}(Object(Illuminate\\Http\\Request))
#14 /Users/lkmdigital/monbeaupays.com/backend/vendor/laravel/framework/src/Illuminate/Pipeline/Pipeline.php(209): Illuminate\\Routing\\Middleware\\SubstituteBindings->handle(Object(Illuminate\\Http\\Request), Object(Closure))
#15 /Users/lkmdigital/monbeaupays.com/backend/vendor/laravel/framework/src/Illuminate/Auth/Middleware/Authenticate.php(64): Illuminate\\Pipeline\\Pipeline->{closure:{closure:Illuminate\\Pipeline\\Pipeline::carry():184}:185}(Object(Illuminate\\Http\\Request))
#16 /Users/lkmdigital/monbeaupays.com/backend/vendor/laravel/framework/src/Illuminate/Pipeline/Pipeline.php(209): Illuminate\\Auth\\Middleware\\Authenticate->handle(Object(Illuminate\\Http\\Request), Object(Closure), 'sanctum')
#17 /Users/lkmdigital/monbeaupays.com/backend/vendor/laravel/framework/src/Illuminate/Pipeline/Pipeline.php(127): Illuminate\\Pipeline\\Pipeline->{closure:{closure:Illuminate\\Pipeline\\Pipeline::carry():184}:185}(Object(Illuminate\\Http\\Request))
#18 /Users/lkmdigital/monbeaupays.com/backend/vendor/laravel/framework/src/Illuminate/Routing/Router.php(807): Illuminate\\Pipeline\\Pipeline->then(Object(Closure))
#19 /Users/lkmdigital/monbeaupays.com/backend/vendor/laravel/framework/src/Illuminate/Routing/Router.php(786): Illuminate\\Routing\\Router->runRouteWithinStack(Object(Illuminate\\Routing\\Route), Object(Illuminate\\Http\\Request))
#20 /Users/lkmdigital/monbeaupays.com/backend/vendor/laravel/framework/src/Illuminate/Routing/Router.php(750): Illuminate\\Routing\\Router->runRoute(Object(Illuminate\\Http\\Request), Object(Illuminate\\Routing\\Route))
#21 /Users/lkmdigital/monbeaupays.com/backend/vendor/laravel/framework/src/Illuminate/Routing/Router.php(739): Illuminate\\Routing\\Router->dispatchToRoute(Object(Illuminate\\Http\\Request))
#22 /Users/lkmdigital/monbeaupays.com/backend/vendor/laravel/framework/src/Illuminate/Foundation/Http/Kernel.php(201): Illuminate\\Routing\\Router->dispatch(Object(Illuminate\\Http\\Request))
#23 /Users/lkmdigital/monbeaupays.com/backend/vendor/laravel/framework/src/Illuminate/Pipeline/Pipeline.php(170): Illuminate\\Foundation\\Http\\Kernel->{closure:Illuminate\\Foundation\\Http\\Kernel::dispatchToRouter():198}(Object(Illuminate\\Http\\Request))
#24 /Users/lkmdigital/monbeaupays.com/backend/vendor/laravel/framework/src/Illuminate/Foundation/Http/Middleware/TransformsRequest.php(21): Illuminate\\Pipeline\\Pipeline->{closure:Illuminate\\Pipeline\\Pipeline::prepareDestination():168}(Object(Illuminate\\Http\\Request))
#25 /Users/lkmdigital/monbeaupays.com/backend/vendor/laravel/framework/src/Illuminate/Foundation/Http/Middleware/ConvertEmptyStringsToNull.php(31): Illuminate\\Foundation\\Http\\Middleware\\TransformsRequest->handle(Object(Illuminate\\Http\\Request), Object(Closure))
#26 /Users/lkmdigital/monbeaupays.com/backend/vendor/laravel/framework/src/Illuminate/Pipeline/Pipeline.php(209): Illuminate\\Foundation\\Http\\Middleware\\ConvertEmptyStringsToNull->handle(Object(Illuminate\\Http\\Request), Object(Closure))
#27 /Users/lkmdigital/monbeaupays.com/backend/vendor/laravel/framework/src/Illuminate/Foundation/Http/Middleware/TransformsRequest.php(21): Illuminate\\Pipeline\\Pipeline->{closure:{closure:Illuminate\\Pipeline\\Pipeline::carry():184}:185}(Object(Illuminate\\Http\\Request))
#28 /Users/lkmdigital/monbeaupays.com/backend/vendor/laravel/framework/src/Illuminate/Foundation/Http/Middleware/TrimStrings.php(51): Illuminate\\Foundation\\Http\\Middleware\\TransformsRequest->handle(Object(Illuminate\\Http\\Request), Object(Closure))
#29 /Users/lkmdigital/monbeaupays.com/backend/vendor/laravel/framework/src/Illuminate/Pipeline/Pipeline.php(209): Illuminate\\Foundation\\Http\\Middleware\\TrimStrings->handle(Object(Illuminate\\Http\\Request), Object(Closure))
#30 /Users/lkmdigital/monbeaupays.com/backend/vendor/laravel/framework/src/Illuminate/Http/Middleware/ValidatePostSize.php(27): Illuminate\\Pipeline\\Pipeline->{closure:{closure:Illuminate\\Pipeline\\Pipeline::carry():184}:185}(Object(Illuminate\\Http\\Request))
#31 /Users/lkmdigital/monbeaupays.com/backend/vendor/laravel/framework/src/Illuminate/Pipeline/Pipeline.php(209): Illuminate\\Http\\Middleware\\ValidatePostSize->handle(Object(Illuminate\\Http\\Request), Object(Closure))
#32 /Users/lkmdigital/monbeaupays.com/backend/vendor/laravel/framework/src/Illuminate/Foundation/Http/Middleware/PreventRequestsDuringMaintenance.php(110): Illuminate\\Pipeline\\Pipeline->{closure:{closure:Illuminate\\Pipeline\\Pipeline::carry():184}:185}(Object(Illuminate\\Http\\Request))
#33 /Users/lkmdigital/monbeaupays.com/backend/vendor/laravel/framework/src/Illuminate/Pipeline/Pipeline.php(209): Illuminate\\Foundation\\Http\\Middleware\\PreventRequestsDuringMaintenance->handle(Object(Illuminate\\Http\\Request), Object(Closure))
#34 /Users/lkmdigital/monbeaupays.com/backend/vendor/laravel/framework/src/Illuminate/Http/Middleware/HandleCors.php(62): Illuminate\\Pipeline\\Pipeline->{closure:{closure:Illuminate\\Pipeline\\Pipeline::carry():184}:185}(Object(Illuminate\\Http\\Request))
#35 /Users/lkmdigital/monbeaupays.com/backend/vendor/laravel/framework/src/Illuminate/Pipeline/Pipeline.php(209): Illuminate\\Http\\Middleware\\HandleCors->handle(Object(Illuminate\\Http\\Request), Object(Closure))
#36 /Users/lkmdigital/monbeaupays.com/backend/vendor/laravel/framework/src/Illuminate/Http/Middleware/TrustProxies.php(58): Illuminate\\Pipeline\\Pipeline->{closure:{closure:Illuminate\\Pipeline\\Pipeline::carry():184}:185}(Object(Illuminate\\Http\\Request))
#37 /Users/lkmdigital/monbeaupays.com/backend/vendor/laravel/framework/src/Illuminate/Pipeline/Pipeline.php(209): Illuminate\\Http\\Middleware\\TrustProxies->handle(Object(Illuminate\\Http\\Request), Object(Closure))
#38 /Users/lkmdigital/monbeaupays.com/backend/vendor/laravel/framework/src/Illuminate/Foundation/Http/Middleware/InvokeDeferredCallbacks.php(22): Illuminate\\Pipeline\\Pipeline->{closure:{closure:Illuminate\\Pipeline\\Pipeline::carry():184}:185}(Object(Illuminate\\Http\\Request))
#39 /Users/lkmdigital/monbeaupays.com/backend/vendor/laravel/framework/src/Illuminate/Pipeline/Pipeline.php(209): Illuminate\\Foundation\\Http\\Middleware\\InvokeDeferredCallbacks->handle(Object(Illuminate\\Http\\Request), Object(Closure))
#40 /Users/lkmdigital/monbeaupays.com/backend/vendor/laravel/framework/src/Illuminate/Pipeline/Pipeline.php(127): Illuminate\\Pipeline\\Pipeline->{closure:{closure:Illuminate\\Pipeline\\Pipeline::carry():184}:185}(Object(Illuminate\\Http\\Request))
#41 /Users/lkmdigital/monbeaupays.com/backend/vendor/laravel/framework/src/Illuminate/Foundation/Http/Kernel.php(176): Illuminate\\Pipeline\\Pipeline->then(Object(Closure))
#42 /Users/lkmdigital/monbeaupays.com/backend/vendor/laravel/framework/src/Illuminate/Foundation/Http/Kernel.php(145): Illuminate\\Foundation\\Http\\Kernel->sendRequestThroughRouter(Object(Illuminate\\Http\\Request))
#43 /Users/lkmdigital/monbeaupays.com/backend/public/index.php(17): Illuminate\\Foundation\\Http\\Kernel->handle(Object(Illuminate\\Http\\Request))
#44 /Users/lkmdigital/monbeaupays.com/backend/vendor/laravel/framework/src/Illuminate/Foundation/resources/server.php(23): require_once('/Users/lkmdigit...')
#45 {main}
"} 
[2025-11-10 16:45:00] local.ERROR: Call to undefined method App\Http\Controllers\AnalyticsController::middleware() {"userId":2,"exception":"[object] (Error(code: 0): Call to undefined method App\\Http\\Controllers\\AnalyticsController::middleware() at /Users/lkmdigital/monbeaupays.com/backend/app/Http/Controllers/AnalyticsController.php:17)
[stacktrace]
#0 [internal function]: App\\Http\\Controllers\\AnalyticsController->__construct()
#1 /Users/lkmdigital/monbeaupays.com/backend/vendor/laravel/framework/src/Illuminate/Container/Container.php(1004): ReflectionClass->newInstanceArgs(Array)
#2 /Users/lkmdigital/monbeaupays.com/backend/vendor/laravel/framework/src/Illuminate/Container/Container.php(832): Illuminate\\Container\\Container->build('App\\\\Http\\\\Contro...')
#3 /Users/lkmdigital/monbeaupays.com/backend/vendor/laravel/framework/src/Illuminate/Foundation/Application.php(1078): Illuminate\\Container\\Container->resolve('App\\\\Http\\\\Contro...', Array, true)
#4 /Users/lkmdigital/monbeaupays.com/backend/vendor/laravel/framework/src/Illuminate/Container/Container.php(763): Illuminate\\Foundation\\Application->resolve('App\\\\Http\\\\Contro...', Array)
#5 /Users/lkmdigital/monbeaupays.com/backend/vendor/laravel/framework/src/Illuminate/Foundation/Application.php(1058): Illuminate\\Container\\Container->make('App\\\\Http\\\\Contro...', Array)
#6 /Users/lkmdigital/monbeaupays.com/backend/vendor/laravel/framework/src/Illuminate/Routing/Route.php(285): Illuminate\\Foundation\\Application->make('App\\\\Http\\\\Contro...')
#7 /Users/lkmdigital/monbeaupays.com/backend/vendor/laravel/framework/src/Illuminate/Routing/Route.php(267): Illuminate\\Routing\\Route->getController()
#8 /Users/lkmdigital/monbeaupays.com/backend/vendor/laravel/framework/src/Illuminate/Routing/Route.php(212): Illuminate\\Routing\\Route->runController()
#9 /Users/lkmdigital/monbeaupays.com/backend/vendor/laravel/framework/src/Illuminate/Routing/Router.php(808): Illuminate\\Routing\\Route->run()
#10 /Users/lkmdigital/monbeaupays.com/backend/vendor/laravel/framework/src/Illuminate/Pipeline/Pipeline.php(170): Illuminate\\Routing\\Router->{closure:Illuminate\\Routing\\Router::runRouteWithinStack():807}(Object(Illuminate\\Http\\Request))
#11 /Users/lkmdigital/monbeaupays.com/backend/app/Http/Middleware/RoleMiddleware.php(27): Illuminate\\Pipeline\\Pipeline->{closure:Illuminate\\Pipeline\\Pipeline::prepareDestination():168}(Object(Illuminate\\Http\\Request))
#12 /Users/lkmdigital/monbeaupays.com/backend/vendor/laravel/framework/src/Illuminate/Pipeline/Pipeline.php(209): App\\Http\\Middleware\\RoleMiddleware->handle(Object(Illuminate\\Http\\Request), Object(Closure), 'host')
#13 /Users/lkmdigital/monbeaupays.com/backend/vendor/laravel/framework/src/Illuminate/Routing/Middleware/SubstituteBindings.php(51): Illuminate\\Pipeline\\Pipeline->{closure:{closure:Illuminate\\Pipeline\\Pipeline::carry():184}:185}(Object(Illuminate\\Http\\Request))
#14 /Users/lkmdigital/monbeaupays.com/backend/vendor/laravel/framework/src/Illuminate/Pipeline/Pipeline.php(209): Illuminate\\Routing\\Middleware\\SubstituteBindings->handle(Object(Illuminate\\Http\\Request), Object(Closure))
#15 /Users/lkmdigital/monbeaupays.com/backend/vendor/laravel/framework/src/Illuminate/Auth/Middleware/Authenticate.php(64): Illuminate\\Pipeline\\Pipeline->{closure:{closure:Illuminate\\Pipeline\\Pipeline::carry():184}:185}(Object(Illuminate\\Http\\Request))
#16 /Users/lkmdigital/monbeaupays.com/backend/vendor/laravel/framework/src/Illuminate/Pipeline/Pipeline.php(209): Illuminate\\Auth\\Middleware\\Authenticate->handle(Object(Illuminate\\Http\\Request), Object(Closure), 'sanctum')
#17 /Users/lkmdigital/monbeaupays.com/backend/vendor/laravel/framework/src/Illuminate/Pipeline/Pipeline.php(127): Illuminate\\Pipeline\\Pipeline->{closure:{closure:Illuminate\\Pipeline\\Pipeline::carry():184}:185}(Object(Illuminate\\Http\\Request))
#18 /Users/lkmdigital/monbeaupays.com/backend/vendor/laravel/framework/src/Illuminate/Routing/Router.php(807): Illuminate\\Pipeline\\Pipeline->then(Object(Closure))
#19 /Users/lkmdigital/monbeaupays.com/backend/vendor/laravel/framework/src/Illuminate/Routing/Router.php(786): Illuminate\\Routing\\Router->runRouteWithinStack(Object(Illuminate\\Routing\\Route), Object(Illuminate\\Http\\Request))
#20 /Users/lkmdigital/monbeaupays.com/backend/vendor/laravel/framework/src/Illuminate/Routing/Router.php(750): Illuminate\\Routing\\Router->runRoute(Object(Illuminate\\Http\\Request), Object(Illuminate\\Routing\\Route))
#21 /Users/lkmdigital/monbeaupays.com/backend/vendor/laravel/framework/src/Illuminate/Routing/Router.php(739): Illuminate\\Routing\\Router->dispatchToRoute(Object(Illuminate\\Http\\Request))
#22 /Users/lkmdigital/monbeaupays.com/backend/vendor/laravel/framework/src/Illuminate/Foundation/Http/Kernel.php(201): Illuminate\\Routing\\Router->dispatch(Object(Illuminate\\Http\\Request))
#23 /Users/lkmdigital/monbeaupays.com/backend/vendor/laravel/framework/src/Illuminate/Pipeline/Pipeline.php(170): Illuminate\\Foundation\\Http\\Kernel->{closure:Illuminate\\Foundation\\Http\\Kernel::dispatchToRouter():198}(Object(Illuminate\\Http\\Request))
#24 /Users/lkmdigital/monbeaupays.com/backend/vendor/laravel/framework/src/Illuminate/Foundation/Http/Middleware/TransformsRequest.php(21): Illuminate\\Pipeline\\Pipeline->{closure:Illuminate\\Pipeline\\Pipeline::prepareDestination():168}(Object(Illuminate\\Http\\Request))
#25 /Users/lkmdigital/monbeaupays.com/backend/vendor/laravel/framework/src/Illuminate/Foundation/Http/Middleware/ConvertEmptyStringsToNull.php(31): Illuminate\\Foundation\\Http\\Middleware\\TransformsRequest->handle(Object(Illuminate\\Http\\Request), Object(Closure))
#26 /Users/lkmdigital/monbeaupays.com/backend/vendor/laravel/framework/src/Illuminate/Pipeline/Pipeline.php(209): Illuminate\\Foundation\\Http\\Middleware\\ConvertEmptyStringsToNull->handle(Object(Illuminate\\Http\\Request), Object(Closure))
#27 /Users/lkmdigital/monbeaupays.com/backend/vendor/laravel/framework/src/Illuminate/Foundation/Http/Middleware/TransformsRequest.php(21): Illuminate\\Pipeline\\Pipeline->{closure:{closure:Illuminate\\Pipeline\\Pipeline::carry():184}:185}(Object(Illuminate\\Http\\Request))
#28 /Users/lkmdigital/monbeaupays.com/backend/vendor/laravel/framework/src/Illuminate/Foundation/Http/Middleware/TrimStrings.php(51): Illuminate\\Foundation\\Http\\Middleware\\TransformsRequest->handle(Object(Illuminate\\Http\\Request), Object(Closure))
#29 /Users/lkmdigital/monbeaupays.com/backend/vendor/laravel/framework/src/Illuminate/Pipeline/Pipeline.php(209): Illuminate\\Foundation\\Http\\Middleware\\TrimStrings->handle(Object(Illuminate\\Http\\Request), Object(Closure))
#30 /Users/lkmdigital/monbeaupays.com/backend/vendor/laravel/framework/src/Illuminate/Http/Middleware/ValidatePostSize.php(27): Illuminate\\Pipeline\\Pipeline->{closure:{closure:Illuminate\\Pipeline\\Pipeline::carry():184}:185}(Object(Illuminate\\Http\\Request))
#31 /Users/lkmdigital/monbeaupays.com/backend/vendor/laravel/framework/src/Illuminate/Pipeline/Pipeline.php(209): Illuminate\\Http\\Middleware\\ValidatePostSize->handle(Object(Illuminate\\Http\\Request), Object(Closure))
#32 /Users/lkmdigital/monbeaupays.com/backend/vendor/laravel/framework/src/Illuminate/Foundation/Http/Middleware/PreventRequestsDuringMaintenance.php(110): Illuminate\\Pipeline\\Pipeline->{closure:{closure:Illuminate\\Pipeline\\Pipeline::carry():184}:185}(Object(Illuminate\\Http\\Request))
#33 /Users/lkmdigital/monbeaupays.com/backend/vendor/laravel/framework/src/Illuminate/Pipeline/Pipeline.php(209): Illuminate\\Foundation\\Http\\Middleware\\PreventRequestsDuringMaintenance->handle(Object(Illuminate\\Http\\Request), Object(Closure))
#34 /Users/lkmdigital/monbeaupays.com/backend/vendor/laravel/framework/src/Illuminate/Http/Middleware/HandleCors.php(62): Illuminate\\Pipeline\\Pipeline->{closure:{closure:Illuminate\\Pipeline\\Pipeline::carry():184}:185}(Object(Illuminate\\Http\\Request))
#35 /Users/lkmdigital/monbeaupays.com/backend/vendor/laravel/framework/src/Illuminate/Pipeline/Pipeline.php(209): Illuminate\\Http\\Middleware\\HandleCors->handle(Object(Illuminate\\Http\\Request), Object(Closure))
#36 /Users/lkmdigital/monbeaupays.com/backend/vendor/laravel/framework/src/Illuminate/Http/Middleware/TrustProxies.php(58): Illuminate\\Pipeline\\Pipeline->{closure:{closure:Illuminate\\Pipeline\\Pipeline::carry():184}:185}(Object(Illuminate\\Http\\Request))
#37 /Users/lkmdigital/monbeaupays.com/backend/vendor/laravel/framework/src/Illuminate/Pipeline/Pipeline.php(209): Illuminate\\Http\\Middleware\\TrustProxies->handle(Object(Illuminate\\Http\\Request), Object(Closure))
#38 /Users/lkmdigital/monbeaupays.com/backend/vendor/laravel/framework/src/Illuminate/Foundation/Http/Middleware/InvokeDeferredCallbacks.php(22): Illuminate\\Pipeline\\Pipeline->{closure:{closure:Illuminate\\Pipeline\\Pipeline::carry():184}:185}(Object(Illuminate\\Http\\Request))
#39 /Users/lkmdigital/monbeaupays.com/backend/vendor/laravel/framework/src/Illuminate/Pipeline/Pipeline.php(209): Illuminate\\Foundation\\Http\\Middleware\\InvokeDeferredCallbacks->handle(Object(Illuminate\\Http\\Request), Object(Closure))
#40 /Users/lkmdigital/monbeaupays.com/backend/vendor/laravel/framework/src/Illuminate/Pipeline/Pipeline.php(127): Illuminate\\Pipeline\\Pipeline->{closure:{closure:Illuminate\\Pipeline\\Pipeline::carry():184}:185}(Object(Illuminate\\Http\\Request))
#41 /Users/lkmdigital/monbeaupays.com/backend/vendor/laravel/framework/src/Illuminate/Foundation/Http/Kernel.php(176): Illuminate\\Pipeline\\Pipeline->then(Object(Closure))
#42 /Users/lkmdigital/monbeaupays.com/backend/vendor/laravel/framework/src/Illuminate/Foundation/Http/Kernel.php(145): Illuminate\\Foundation\\Http\\Kernel->sendRequestThroughRouter(Object(Illuminate\\Http\\Request))
#43 /Users/lkmdigital/monbeaupays.com/backend/public/index.php(17): Illuminate\\Foundation\\Http\\Kernel->handle(Object(Illuminate\\Http\\Request))
#44 /Users/lkmdigital/monbeaupays.com/backend/vendor/laravel/framework/src/Illuminate/Foundation/resources/server.php(23): require_once('/Users/lkmdigit...')
#45 {main}
"} 
[2025-11-10 16:45:00] local.ERROR: Call to undefined method App\Http\Controllers\AnalyticsController::middleware() {"userId":2,"exception":"[object] (Error(code: 0): Call to undefined method App\\Http\\Controllers\\AnalyticsController::middleware() at /Users/lkmdigital/monbeaupays.com/backend/app/Http/Controllers/AnalyticsController.php:17)
[stacktrace]
#0 [internal function]: App\\Http\\Controllers\\AnalyticsController->__construct()
#1 /Users/lkmdigital/monbeaupays.com/backend/vendor/laravel/framework/src/Illuminate/Container/Container.php(1004): ReflectionClass->newInstanceArgs(Array)
#2 /Users/lkmdigital/monbeaupays.com/backend/vendor/laravel/framework/src/Illuminate/Container/Container.php(832): Illuminate\\Container\\Container->build('App\\\\Http\\\\Contro...')
#3 /Users/lkmdigital/monbeaupays.com/backend/vendor/laravel/framework/src/Illuminate/Foundation/Application.php(1078): Illuminate\\Container\\Container->resolve('App\\\\Http\\\\Contro...', Array, true)
#4 /Users/lkmdigital/monbeaupays.com/backend/vendor/laravel/framework/src/Illuminate/Container/Container.php(763): Illuminate\\Foundation\\Application->resolve('App\\\\Http\\\\Contro...', Array)
#5 /Users/lkmdigital/monbeaupays.com/backend/vendor/laravel/framework/src/Illuminate/Foundation/Application.php(1058): Illuminate\\Container\\Container->make('App\\\\Http\\\\Contro...', Array)
#6 /Users/lkmdigital/monbeaupays.com/backend/vendor/laravel/framework/src/Illuminate/Routing/Route.php(285): Illuminate\\Foundation\\Application->make('App\\\\Http\\\\Contro...')
#7 /Users/lkmdigital/monbeaupays.com/backend/vendor/laravel/framework/src/Illuminate/Routing/Route.php(267): Illuminate\\Routing\\Route->getController()
#8 /Users/lkmdigital/monbeaupays.com/backend/vendor/laravel/framework/src/Illuminate/Routing/Route.php(212): Illuminate\\Routing\\Route->runController()
#9 /Users/lkmdigital/monbeaupays.com/backend/vendor/laravel/framework/src/Illuminate/Routing/Router.php(808): Illuminate\\Routing\\Route->run()
#10 /Users/lkmdigital/monbeaupays.com/backend/vendor/laravel/framework/src/Illuminate/Pipeline/Pipeline.php(170): Illuminate\\Routing\\Router->{closure:Illuminate\\Routing\\Router::runRouteWithinStack():807}(Object(Illuminate\\Http\\Request))
#11 /Users/lkmdigital/monbeaupays.com/backend/app/Http/Middleware/RoleMiddleware.php(27): Illuminate\\Pipeline\\Pipeline->{closure:Illuminate\\Pipeline\\Pipeline::prepareDestination():168}(Object(Illuminate\\Http\\Request))
#12 /Users/lkmdigital/monbeaupays.com/backend/vendor/laravel/framework/src/Illuminate/Pipeline/Pipeline.php(209): App\\Http\\Middleware\\RoleMiddleware->handle(Object(Illuminate\\Http\\Request), Object(Closure), 'host')
#13 /Users/lkmdigital/monbeaupays.com/backend/vendor/laravel/framework/src/Illuminate/Routing/Middleware/SubstituteBindings.php(51): Illuminate\\Pipeline\\Pipeline->{closure:{closure:Illuminate\\Pipeline\\Pipeline::carry():184}:185}(Object(Illuminate\\Http\\Request))
#14 /Users/lkmdigital/monbeaupays.com/backend/vendor/laravel/framework/src/Illuminate/Pipeline/Pipeline.php(209): Illuminate\\Routing\\Middleware\\SubstituteBindings->handle(Object(Illuminate\\Http\\Request), Object(Closure))
#15 /Users/lkmdigital/monbeaupays.com/backend/vendor/laravel/framework/src/Illuminate/Auth/Middleware/Authenticate.php(64): Illuminate\\Pipeline\\Pipeline->{closure:{closure:Illuminate\\Pipeline\\Pipeline::carry():184}:185}(Object(Illuminate\\Http\\Request))
#16 /Users/lkmdigital/monbeaupays.com/backend/vendor/laravel/framework/src/Illuminate/Pipeline/Pipeline.php(209): Illuminate\\Auth\\Middleware\\Authenticate->handle(Object(Illuminate\\Http\\Request), Object(Closure), 'sanctum')
#17 /Users/lkmdigital/monbeaupays.com/backend/vendor/laravel/framework/src/Illuminate/Pipeline/Pipeline.php(127): Illuminate\\Pipeline\\Pipeline->{closure:{closure:Illuminate\\Pipeline\\Pipeline::carry():184}:185}(Object(Illuminate\\Http\\Request))
#18 /Users/lkmdigital/monbeaupays.com/backend/vendor/laravel/framework/src/Illuminate/Routing/Router.php(807): Illuminate\\Pipeline\\Pipeline->then(Object(Closure))
#19 /Users/lkmdigital/monbeaupays.com/backend/vendor/laravel/framework/src/Illuminate/Routing/Router.php(786): Illuminate\\Routing\\Router->runRouteWithinStack(Object(Illuminate\\Routing\\Route), Object(Illuminate\\Http\\Request))
#20 /Users/lkmdigital/monbeaupays.com/backend/vendor/laravel/framework/src/Illuminate/Routing/Router.php(750): Illuminate\\Routing\\Router->runRoute(Object(Illuminate\\Http\\Request), Object(Illuminate\\Routing\\Route))
#21 /Users/lkmdigital/monbeaupays.com/backend/vendor/laravel/framework/src/Illuminate/Routing/Router.php(739): Illuminate\\Routing\\Router->dispatchToRoute(Object(Illuminate\\Http\\Request))
#22 /Users/lkmdigital/monbeaupays.com/backend/vendor/laravel/framework/src/Illuminate/Foundation/Http/Kernel.php(201): Illuminate\\Routing\\Router->dispatch(Object(Illuminate\\Http\\Request))
#23 /Users/lkmdigital/monbeaupays.com/backend/vendor/laravel/framework/src/Illuminate/Pipeline/Pipeline.php(170): Illuminate\\Foundation\\Http\\Kernel->{closure:Illuminate\\Foundation\\Http\\Kernel::dispatchToRouter():198}(Object(Illuminate\\Http\\Request))
#24 /Users/lkmdigital/monbeaupays.com/backend/vendor/laravel/framework/src/Illuminate/Foundation/Http/Middleware/TransformsRequest.php(21): Illuminate\\Pipeline\\Pipeline->{closure:Illuminate\\Pipeline\\Pipeline::prepareDestination():168}(Object(Illuminate\\Http\\Request))
#25 /Users/lkmdigital/monbeaupays.com/backend/vendor/laravel/framework/src/Illuminate/Foundation/Http/Middleware/ConvertEmptyStringsToNull.php(31): Illuminate\\Foundation\\Http\\Middleware\\TransformsRequest->handle(Object(Illuminate\\Http\\Request), Object(Closure))
#26 /Users/lkmdigital/monbeaupays.com/backend/vendor/laravel/framework/src/Illuminate/Pipeline/Pipeline.php(209): Illuminate\\Foundation\\Http\\Middleware\\ConvertEmptyStringsToNull->handle(Object(Illuminate\\Http\\Request), Object(Closure))
#27 /Users/lkmdigital/monbeaupays.com/backend/vendor/laravel/framework/src/Illuminate/Foundation/Http/Middleware/TransformsRequest.php(21): Illuminate\\Pipeline\\Pipeline->{closure:{closure:Illuminate\\Pipeline\\Pipeline::carry():184}:185}(Object(Illuminate\\Http\\Request))
#28 /Users/lkmdigital/monbeaupays.com/backend/vendor/laravel/framework/src/Illuminate/Foundation/Http/Middleware/TrimStrings.php(51): Illuminate\\Foundation\\Http\\Middleware\\TransformsRequest->handle(Object(Illuminate\\Http\\Request), Object(Closure))
#29 /Users/lkmdigital/monbeaupays.com/backend/vendor/laravel/framework/src/Illuminate/Pipeline/Pipeline.php(209): Illuminate\\Foundation\\Http\\Middleware\\TrimStrings->handle(Object(Illuminate\\Http\\Request), Object(Closure))
#30 /Users/lkmdigital/monbeaupays.com/backend/vendor/laravel/framework/src/Illuminate/Http/Middleware/ValidatePostSize.php(27): Illuminate\\Pipeline\\Pipeline->{closure:{closure:Illuminate\\Pipeline\\Pipeline::carry():184}:185}(Object(Illuminate\\Http\\Request))
#31 /Users/lkmdigital/monbeaupays.com/backend/vendor/laravel/framework/src/Illuminate/Pipeline/Pipeline.php(209): Illuminate\\Http\\Middleware\\ValidatePostSize->handle(Object(Illuminate\\Http\\Request), Object(Closure))
#32 /Users/lkmdigital/monbeaupays.com/backend/vendor/laravel/framework/src/Illuminate/Foundation/Http/Middleware/PreventRequestsDuringMaintenance.php(110): Illuminate\\Pipeline\\Pipeline->{closure:{closure:Illuminate\\Pipeline\\Pipeline::carry():184}:185}(Object(Illuminate\\Http\\Request))
#33 /Users/lkmdigital/monbeaupays.com/backend/vendor/laravel/framework/src/Illuminate/Pipeline/Pipeline.php(209): Illuminate\\Foundation\\Http\\Middleware\\PreventRequestsDuringMaintenance->handle(Object(Illuminate\\Http\\Request), Object(Closure))
#34 /Users/lkmdigital/monbeaupays.com/backend/vendor/laravel/framework/src/Illuminate/Http/Middleware/HandleCors.php(62): Illuminate\\Pipeline\\Pipeline->{closure:{closure:Illuminate\\Pipeline\\Pipeline::carry():184}:185}(Object(Illuminate\\Http\\Request))
#35 /Users/lkmdigital/monbeaupays.com/backend/vendor/laravel/framework/src/Illuminate/Pipeline/Pipeline.php(209): Illuminate\\Http\\Middleware\\HandleCors->handle(Object(Illuminate\\Http\\Request), Object(Closure))
#36 /Users/lkmdigital/monbeaupays.com/backend/vendor/laravel/framework/src/Illuminate/Http/Middleware/TrustProxies.php(58): Illuminate\\Pipeline\\Pipeline->{closure:{closure:Illuminate\\Pipeline\\Pipeline::carry():184}:185}(Object(Illuminate\\Http\\Request))
#37 /Users/lkmdigital/monbeaupays.com/backend/vendor/laravel/framework/src/Illuminate/Pipeline/Pipeline.php(209): Illuminate\\Http\\Middleware\\TrustProxies->handle(Object(Illuminate\\Http\\Request), Object(Closure))
#38 /Users/lkmdigital/monbeaupays.com/backend/vendor/laravel/framework/src/Illuminate/Foundation/Http/Middleware/InvokeDeferredCallbacks.php(22): Illuminate\\Pipeline\\Pipeline->{closure:{closure:Illuminate\\Pipeline\\Pipeline::carry():184}:185}(Object(Illuminate\\Http\\Request))
#39 /Users/lkmdigital/monbeaupays.com/backend/vendor/laravel/framework/src/Illuminate/Pipeline/Pipeline.php(209): Illuminate\\Foundation\\Http\\Middleware\\InvokeDeferredCallbacks->handle(Object(Illuminate\\Http\\Request), Object(Closure))
#40 /Users/lkmdigital/monbeaupays.com/backend/vendor/laravel/framework/src/Illuminate/Pipeline/Pipeline.php(127): Illuminate\\Pipeline\\Pipeline->{closure:{closure:Illuminate\\Pipeline\\Pipeline::carry():184}:185}(Object(Illuminate\\Http\\Request))
#41 /Users/lkmdigital/monbeaupays.com/backend/vendor/laravel/framework/src/Illuminate/Foundation/Http/Kernel.php(176): Illuminate\\Pipeline\\Pipeline->then(Object(Closure))
#42 /Users/lkmdigital/monbeaupays.com/backend/vendor/laravel/framework/src/Illuminate/Foundation/Http/Kernel.php(145): Illuminate\\Foundation\\Http\\Kernel->sendRequestThroughRouter(Object(Illuminate\\Http\\Request))
#43 /Users/lkmdigital/monbeaupays.com/backend/public/index.php(17): Illuminate\\Foundation\\Http\\Kernel->handle(Object(Illuminate\\Http\\Request))
#44 /Users/lkmdigital/monbeaupays.com/backend/vendor/laravel/framework/src/Illuminate/Foundation/resources/server.php(23): require_once('/Users/lkmdigit...')
#45 {main}
"} 
[2025-11-10 16:45:36] local.ERROR: Call to undefined method App\Http\Controllers\AnalyticsController::middleware() {"userId":2,"exception":"[object] (Error(code: 0): Call to undefined method App\\Http\\Controllers\\AnalyticsController::middleware() at /Users/lkmdigital/monbeaupays.com/backend/app/Http/Controllers/AnalyticsController.php:17)
[stacktrace]
#0 [internal function]: App\\Http\\Controllers\\AnalyticsController->__construct()
#1 /Users/lkmdigital/monbeaupays.com/backend/vendor/laravel/framework/src/Illuminate/Container/Container.php(1004): ReflectionClass->newInstanceArgs(Array)
#2 /Users/lkmdigital/monbeaupays.com/backend/vendor/laravel/framework/src/Illuminate/Container/Container.php(832): Illuminate\\Container\\Container->build('App\\\\Http\\\\Contro...')
#3 /Users/lkmdigital/monbeaupays.com/backend/vendor/laravel/framework/src/Illuminate/Foundation/Application.php(1078): Illuminate\\Container\\Container->resolve('App\\\\Http\\\\Contro...', Array, true)
#4 /Users/lkmdigital/monbeaupays.com/backend/vendor/laravel/framework/src/Illuminate/Container/Container.php(763): Illuminate\\Foundation\\Application->resolve('App\\\\Http\\\\Contro...', Array)
#5 /Users/lkmdigital/monbeaupays.com/backend/vendor/laravel/framework/src/Illuminate/Foundation/Application.php(1058): Illuminate\\Container\\Container->make('App\\\\Http\\\\Contro...', Array)
#6 /Users/lkmdigital/monbeaupays.com/backend/vendor/laravel/framework/src/Illuminate/Routing/Route.php(285): Illuminate\\Foundation\\Application->make('App\\\\Http\\\\Contro...')
#7 /Users/lkmdigital/monbeaupays.com/backend/vendor/laravel/framework/src/Illuminate/Routing/Route.php(267): Illuminate\\Routing\\Route->getController()
#8 /Users/lkmdigital/monbeaupays.com/backend/vendor/laravel/framework/src/Illuminate/Routing/Route.php(212): Illuminate\\Routing\\Route->runController()
#9 /Users/lkmdigital/monbeaupays.com/backend/vendor/laravel/framework/src/Illuminate/Routing/Router.php(808): Illuminate\\Routing\\Route->run()
#10 /Users/lkmdigital/monbeaupays.com/backend/vendor/laravel/framework/src/Illuminate/Pipeline/Pipeline.php(170): Illuminate\\Routing\\Router->{closure:Illuminate\\Routing\\Router::runRouteWithinStack():807}(Object(Illuminate\\Http\\Request))
#11 /Users/lkmdigital/monbeaupays.com/backend/app/Http/Middleware/RoleMiddleware.php(27): Illuminate\\Pipeline\\Pipeline->{closure:Illuminate\\Pipeline\\Pipeline::prepareDestination():168}(Object(Illuminate\\Http\\Request))
#12 /Users/lkmdigital/monbeaupays.com/backend/vendor/laravel/framework/src/Illuminate/Pipeline/Pipeline.php(209): App\\Http\\Middleware\\RoleMiddleware->handle(Object(Illuminate\\Http\\Request), Object(Closure), 'host')
#13 /Users/lkmdigital/monbeaupays.com/backend/vendor/laravel/framework/src/Illuminate/Routing/Middleware/SubstituteBindings.php(51): Illuminate\\Pipeline\\Pipeline->{closure:{closure:Illuminate\\Pipeline\\Pipeline::carry():184}:185}(Object(Illuminate\\Http\\Request))
#14 /Users/lkmdigital/monbeaupays.com/backend/vendor/laravel/framework/src/Illuminate/Pipeline/Pipeline.php(209): Illuminate\\Routing\\Middleware\\SubstituteBindings->handle(Object(Illuminate\\Http\\Request), Object(Closure))
#15 /Users/lkmdigital/monbeaupays.com/backend/vendor/laravel/framework/src/Illuminate/Auth/Middleware/Authenticate.php(64): Illuminate\\Pipeline\\Pipeline->{closure:{closure:Illuminate\\Pipeline\\Pipeline::carry():184}:185}(Object(Illuminate\\Http\\Request))
#16 /Users/lkmdigital/monbeaupays.com/backend/vendor/laravel/framework/src/Illuminate/Pipeline/Pipeline.php(209): Illuminate\\Auth\\Middleware\\Authenticate->handle(Object(Illuminate\\Http\\Request), Object(Closure), 'sanctum')
#17 /Users/lkmdigital/monbeaupays.com/backend/vendor/laravel/framework/src/Illuminate/Pipeline/Pipeline.php(127): Illuminate\\Pipeline\\Pipeline->{closure:{closure:Illuminate\\Pipeline\\Pipeline::carry():184}:185}(Object(Illuminate\\Http\\Request))
#18 /Users/lkmdigital/monbeaupays.com/backend/vendor/laravel/framework/src/Illuminate/Routing/Router.php(807): Illuminate\\Pipeline\\Pipeline->then(Object(Closure))
#19 /Users/lkmdigital/monbeaupays.com/backend/vendor/laravel/framework/src/Illuminate/Routing/Router.php(786): Illuminate\\Routing\\Router->runRouteWithinStack(Object(Illuminate\\Routing\\Route), Object(Illuminate\\Http\\Request))
#20 /Users/lkmdigital/monbeaupays.com/backend/vendor/laravel/framework/src/Illuminate/Routing/Router.php(750): Illuminate\\Routing\\Router->runRoute(Object(Illuminate\\Http\\Request), Object(Illuminate\\Routing\\Route))
#21 /Users/lkmdigital/monbeaupays.com/backend/vendor/laravel/framework/src/Illuminate/Routing/Router.php(739): Illuminate\\Routing\\Router->dispatchToRoute(Object(Illuminate\\Http\\Request))
#22 /Users/lkmdigital/monbeaupays.com/backend/vendor/laravel/framework/src/Illuminate/Foundation/Http/Kernel.php(201): Illuminate\\Routing\\Router->dispatch(Object(Illuminate\\Http\\Request))
#23 /Users/lkmdigital/monbeaupays.com/backend/vendor/laravel/framework/src/Illuminate/Pipeline/Pipeline.php(170): Illuminate\\Foundation\\Http\\Kernel->{closure:Illuminate\\Foundation\\Http\\Kernel::dispatchToRouter():198}(Object(Illuminate\\Http\\Request))
#24 /Users/lkmdigital/monbeaupays.com/backend/vendor/laravel/framework/src/Illuminate/Foundation/Http/Middleware/TransformsRequest.php(21): Illuminate\\Pipeline\\Pipeline->{closure:Illuminate\\Pipeline\\Pipeline::prepareDestination():168}(Object(Illuminate\\Http\\Request))
#25 /Users/lkmdigital/monbeaupays.com/backend/vendor/laravel/framework/src/Illuminate/Foundation/Http/Middleware/ConvertEmptyStringsToNull.php(31): Illuminate\\Foundation\\Http\\Middleware\\TransformsRequest->handle(Object(Illuminate\\Http\\Request), Object(Closure))
#26 /Users/lkmdigital/monbeaupays.com/backend/vendor/laravel/framework/src/Illuminate/Pipeline/Pipeline.php(209): Illuminate\\Foundation\\Http\\Middleware\\ConvertEmptyStringsToNull->handle(Object(Illuminate\\Http\\Request), Object(Closure))
#27 /Users/lkmdigital/monbeaupays.com/backend/vendor/laravel/framework/src/Illuminate/Foundation/Http/Middleware/TransformsRequest.php(21): Illuminate\\Pipeline\\Pipeline->{closure:{closure:Illuminate\\Pipeline\\Pipeline::carry():184}:185}(Object(Illuminate\\Http\\Request))
#28 /Users/lkmdigital/monbeaupays.com/backend/vendor/laravel/framework/src/Illuminate/Foundation/Http/Middleware/TrimStrings.php(51): Illuminate\\Foundation\\Http\\Middleware\\TransformsRequest->handle(Object(Illuminate\\Http\\Request), Object(Closure))
#29 /Users/lkmdigital/monbeaupays.com/backend/vendor/laravel/framework/src/Illuminate/Pipeline/Pipeline.php(209): Illuminate\\Foundation\\Http\\Middleware\\TrimStrings->handle(Object(Illuminate\\Http\\Request), Object(Closure))
#30 /Users/lkmdigital/monbeaupays.com/backend/vendor/laravel/framework/src/Illuminate/Http/Middleware/ValidatePostSize.php(27): Illuminate\\Pipeline\\Pipeline->{closure:{closure:Illuminate\\Pipeline\\Pipeline::carry():184}:185}(Object(Illuminate\\Http\\Request))
#31 /Users/lkmdigital/monbeaupays.com/backend/vendor/laravel/framework/src/Illuminate/Pipeline/Pipeline.php(209): Illuminate\\Http\\Middleware\\ValidatePostSize->handle(Object(Illuminate\\Http\\Request), Object(Closure))
#32 /Users/lkmdigital/monbeaupays.com/backend/vendor/laravel/framework/src/Illuminate/Foundation/Http/Middleware/PreventRequestsDuringMaintenance.php(110): Illuminate\\Pipeline\\Pipeline->{closure:{closure:Illuminate\\Pipeline\\Pipeline::carry():184}:185}(Object(Illuminate\\Http\\Request))
#33 /Users/lkmdigital/monbeaupays.com/backend/vendor/laravel/framework/src/Illuminate/Pipeline/Pipeline.php(209): Illuminate\\Foundation\\Http\\Middleware\\PreventRequestsDuringMaintenance->handle(Object(Illuminate\\Http\\Request), Object(Closure))
#34 /Users/lkmdigital/monbeaupays.com/backend/vendor/laravel/framework/src/Illuminate/Http/Middleware/HandleCors.php(62): Illuminate\\Pipeline\\Pipeline->{closure:{closure:Illuminate\\Pipeline\\Pipeline::carry():184}:185}(Object(Illuminate\\Http\\Request))
#35 /Users/lkmdigital/monbeaupays.com/backend/vendor/laravel/framework/src/Illuminate/Pipeline/Pipeline.php(209): Illuminate\\Http\\Middleware\\HandleCors->handle(Object(Illuminate\\Http\\Request), Object(Closure))
#36 /Users/lkmdigital/monbeaupays.com/backend/vendor/laravel/framework/src/Illuminate/Http/Middleware/TrustProxies.php(58): Illuminate\\Pipeline\\Pipeline->{closure:{closure:Illuminate\\Pipeline\\Pipeline::carry():184}:185}(Object(Illuminate\\Http\\Request))
#37 /Users/lkmdigital/monbeaupays.com/backend/vendor/laravel/framework/src/Illuminate/Pipeline/Pipeline.php(209): Illuminate\\Http\\Middleware\\TrustProxies->handle(Object(Illuminate\\Http\\Request), Object(Closure))
#38 /Users/lkmdigital/monbeaupays.com/backend/vendor/laravel/framework/src/Illuminate/Foundation/Http/Middleware/InvokeDeferredCallbacks.php(22): Illuminate\\Pipeline\\Pipeline->{closure:{closure:Illuminate\\Pipeline\\Pipeline::carry():184}:185}(Object(Illuminate\\Http\\Request))
#39 /Users/lkmdigital/monbeaupays.com/backend/vendor/laravel/framework/src/Illuminate/Pipeline/Pipeline.php(209): Illuminate\\Foundation\\Http\\Middleware\\InvokeDeferredCallbacks->handle(Object(Illuminate\\Http\\Request), Object(Closure))
#40 /Users/lkmdigital/monbeaupays.com/backend/vendor/laravel/framework/src/Illuminate/Pipeline/Pipeline.php(127): Illuminate\\Pipeline\\Pipeline->{closure:{closure:Illuminate\\Pipeline\\Pipeline::carry():184}:185}(Object(Illuminate\\Http\\Request))
#41 /Users/lkmdigital/monbeaupays.com/backend/vendor/laravel/framework/src/Illuminate/Foundation/Http/Kernel.php(176): Illuminate\\Pipeline\\Pipeline->then(Object(Closure))
#42 /Users/lkmdigital/monbeaupays.com/backend/vendor/laravel/framework/src/Illuminate/Foundation/Http/Kernel.php(145): Illuminate\\Foundation\\Http\\Kernel->sendRequestThroughRouter(Object(Illuminate\\Http\\Request))
#43 /Users/lkmdigital/monbeaupays.com/backend/public/index.php(17): Illuminate\\Foundation\\Http\\Kernel->handle(Object(Illuminate\\Http\\Request))
#44 /Users/lkmdigital/monbeaupays.com/backend/vendor/laravel/framework/src/Illuminate/Foundation/resources/server.php(23): require_once('/Users/lkmdigit...')
#45 {main}
"} 
[2025-11-10 16:45:36] local.ERROR: Call to undefined method App\Http\Controllers\AnalyticsController::middleware() {"userId":2,"exception":"[object] (Error(code: 0): Call to undefined method App\\Http\\Controllers\\AnalyticsController::middleware() at /Users/lkmdigital/monbeaupays.com/backend/app/Http/Controllers/AnalyticsController.php:17)
[stacktrace]
#0 [internal function]: App\\Http\\Controllers\\AnalyticsController->__construct()
#1 /Users/lkmdigital/monbeaupays.com/backend/vendor/laravel/framework/src/Illuminate/Container/Container.php(1004): ReflectionClass->newInstanceArgs(Array)
#2 /Users/lkmdigital/monbeaupays.com/backend/vendor/laravel/framework/src/Illuminate/Container/Container.php(832): Illuminate\\Container\\Container->build('App\\\\Http\\\\Contro...')
#3 /Users/lkmdigital/monbeaupays.com/backend/vendor/laravel/framework/src/Illuminate/Foundation/Application.php(1078): Illuminate\\Container\\Container->resolve('App\\\\Http\\\\Contro...', Array, true)
#4 /Users/lkmdigital/monbeaupays.com/backend/vendor/laravel/framework/src/Illuminate/Container/Container.php(763): Illuminate\\Foundation\\Application->resolve('App\\\\Http\\\\Contro...', Array)
#5 /Users/lkmdigital/monbeaupays.com/backend/vendor/laravel/framework/src/Illuminate/Foundation/Application.php(1058): Illuminate\\Container\\Container->make('App\\\\Http\\\\Contro...', Array)
#6 /Users/lkmdigital/monbeaupays.com/backend/vendor/laravel/framework/src/Illuminate/Routing/Route.php(285): Illuminate\\Foundation\\Application->make('App\\\\Http\\\\Contro...')
#7 /Users/lkmdigital/monbeaupays.com/backend/vendor/laravel/framework/src/Illuminate/Routing/Route.php(267): Illuminate\\Routing\\Route->getController()
#8 /Users/lkmdigital/monbeaupays.com/backend/vendor/laravel/framework/src/Illuminate/Routing/Route.php(212): Illuminate\\Routing\\Route->runController()
#9 /Users/lkmdigital/monbeaupays.com/backend/vendor/laravel/framework/src/Illuminate/Routing/Router.php(808): Illuminate\\Routing\\Route->run()
#10 /Users/lkmdigital/monbeaupays.com/backend/vendor/laravel/framework/src/Illuminate/Pipeline/Pipeline.php(170): Illuminate\\Routing\\Router->{closure:Illuminate\\Routing\\Router::runRouteWithinStack():807}(Object(Illuminate\\Http\\Request))
#11 /Users/lkmdigital/monbeaupays.com/backend/app/Http/Middleware/RoleMiddleware.php(27): Illuminate\\Pipeline\\Pipeline->{closure:Illuminate\\Pipeline\\Pipeline::prepareDestination():168}(Object(Illuminate\\Http\\Request))
#12 /Users/lkmdigital/monbeaupays.com/backend/vendor/laravel/framework/src/Illuminate/Pipeline/Pipeline.php(209): App\\Http\\Middleware\\RoleMiddleware->handle(Object(Illuminate\\Http\\Request), Object(Closure), 'host')
#13 /Users/lkmdigital/monbeaupays.com/backend/vendor/laravel/framework/src/Illuminate/Routing/Middleware/SubstituteBindings.php(51): Illuminate\\Pipeline\\Pipeline->{closure:{closure:Illuminate\\Pipeline\\Pipeline::carry():184}:185}(Object(Illuminate\\Http\\Request))
#14 /Users/lkmdigital/monbeaupays.com/backend/vendor/laravel/framework/src/Illuminate/Pipeline/Pipeline.php(209): Illuminate\\Routing\\Middleware\\SubstituteBindings->handle(Object(Illuminate\\Http\\Request), Object(Closure))
#15 /Users/lkmdigital/monbeaupays.com/backend/vendor/laravel/framework/src/Illuminate/Auth/Middleware/Authenticate.php(64): Illuminate\\Pipeline\\Pipeline->{closure:{closure:Illuminate\\Pipeline\\Pipeline::carry():184}:185}(Object(Illuminate\\Http\\Request))
#16 /Users/lkmdigital/monbeaupays.com/backend/vendor/laravel/framework/src/Illuminate/Pipeline/Pipeline.php(209): Illuminate\\Auth\\Middleware\\Authenticate->handle(Object(Illuminate\\Http\\Request), Object(Closure), 'sanctum')
#17 /Users/lkmdigital/monbeaupays.com/backend/vendor/laravel/framework/src/Illuminate/Pipeline/Pipeline.php(127): Illuminate\\Pipeline\\Pipeline->{closure:{closure:Illuminate\\Pipeline\\Pipeline::carry():184}:185}(Object(Illuminate\\Http\\Request))
#18 /Users/lkmdigital/monbeaupays.com/backend/vendor/laravel/framework/src/Illuminate/Routing/Router.php(807): Illuminate\\Pipeline\\Pipeline->then(Object(Closure))
#19 /Users/lkmdigital/monbeaupays.com/backend/vendor/laravel/framework/src/Illuminate/Routing/Router.php(786): Illuminate\\Routing\\Router->runRouteWithinStack(Object(Illuminate\\Routing\\Route), Object(Illuminate\\Http\\Request))
#20 /Users/lkmdigital/monbeaupays.com/backend/vendor/laravel/framework/src/Illuminate/Routing/Router.php(750): Illuminate\\Routing\\Router->runRoute(Object(Illuminate\\Http\\Request), Object(Illuminate\\Routing\\Route))
#21 /Users/lkmdigital/monbeaupays.com/backend/vendor/laravel/framework/src/Illuminate/Routing/Router.php(739): Illuminate\\Routing\\Router->dispatchToRoute(Object(Illuminate\\Http\\Request))
#22 /Users/lkmdigital/monbeaupays.com/backend/vendor/laravel/framework/src/Illuminate/Foundation/Http/Kernel.php(201): Illuminate\\Routing\\Router->dispatch(Object(Illuminate\\Http\\Request))
#23 /Users/lkmdigital/monbeaupays.com/backend/vendor/laravel/framework/src/Illuminate/Pipeline/Pipeline.php(170): Illuminate\\Foundation\\Http\\Kernel->{closure:Illuminate\\Foundation\\Http\\Kernel::dispatchToRouter():198}(Object(Illuminate\\Http\\Request))
#24 /Users/lkmdigital/monbeaupays.com/backend/vendor/laravel/framework/src/Illuminate/Foundation/Http/Middleware/TransformsRequest.php(21): Illuminate\\Pipeline\\Pipeline->{closure:Illuminate\\Pipeline\\Pipeline::prepareDestination():168}(Object(Illuminate\\Http\\Request))
#25 /Users/lkmdigital/monbeaupays.com/backend/vendor/laravel/framework/src/Illuminate/Foundation/Http/Middleware/ConvertEmptyStringsToNull.php(31): Illuminate\\Foundation\\Http\\Middleware\\TransformsRequest->handle(Object(Illuminate\\Http\\Request), Object(Closure))
#26 /Users/lkmdigital/monbeaupays.com/backend/vendor/laravel/framework/src/Illuminate/Pipeline/Pipeline.php(209): Illuminate\\Foundation\\Http\\Middleware\\ConvertEmptyStringsToNull->handle(Object(Illuminate\\Http\\Request), Object(Closure))
#27 /Users/lkmdigital/monbeaupays.com/backend/vendor/laravel/framework/src/Illuminate/Foundation/Http/Middleware/TransformsRequest.php(21): Illuminate\\Pipeline\\Pipeline->{closure:{closure:Illuminate\\Pipeline\\Pipeline::carry():184}:185}(Object(Illuminate\\Http\\Request))
#28 /Users/lkmdigital/monbeaupays.com/backend/vendor/laravel/framework/src/Illuminate/Foundation/Http/Middleware/TrimStrings.php(51): Illuminate\\Foundation\\Http\\Middleware\\TransformsRequest->handle(Object(Illuminate\\Http\\Request), Object(Closure))
#29 /Users/lkmdigital/monbeaupays.com/backend/vendor/laravel/framework/src/Illuminate/Pipeline/Pipeline.php(209): Illuminate\\Foundation\\Http\\Middleware\\TrimStrings->handle(Object(Illuminate\\Http\\Request), Object(Closure))
#30 /Users/lkmdigital/monbeaupays.com/backend/vendor/laravel/framework/src/Illuminate/Http/Middleware/ValidatePostSize.php(27): Illuminate\\Pipeline\\Pipeline->{closure:{closure:Illuminate\\Pipeline\\Pipeline::carry():184}:185}(Object(Illuminate\\Http\\Request))
#31 /Users/lkmdigital/monbeaupays.com/backend/vendor/laravel/framework/src/Illuminate/Pipeline/Pipeline.php(209): Illuminate\\Http\\Middleware\\ValidatePostSize->handle(Object(Illuminate\\Http\\Request), Object(Closure))
#32 /Users/lkmdigital/monbeaupays.com/backend/vendor/laravel/framework/src/Illuminate/Foundation/Http/Middleware/PreventRequestsDuringMaintenance.php(110): Illuminate\\Pipeline\\Pipeline->{closure:{closure:Illuminate\\Pipeline\\Pipeline::carry():184}:185}(Object(Illuminate\\Http\\Request))
#33 /Users/lkmdigital/monbeaupays.com/backend/vendor/laravel/framework/src/Illuminate/Pipeline/Pipeline.php(209): Illuminate\\Foundation\\Http\\Middleware\\PreventRequestsDuringMaintenance->handle(Object(Illuminate\\Http\\Request), Object(Closure))
#34 /Users/lkmdigital/monbeaupays.com/backend/vendor/laravel/framework/src/Illuminate/Http/Middleware/HandleCors.php(62): Illuminate\\Pipeline\\Pipeline->{closure:{closure:Illuminate\\Pipeline\\Pipeline::carry():184}:185}(Object(Illuminate\\Http\\Request))
#35 /Users/lkmdigital/monbeaupays.com/backend/vendor/laravel/framework/src/Illuminate/Pipeline/Pipeline.php(209): Illuminate\\Http\\Middleware\\HandleCors->handle(Object(Illuminate\\Http\\Request), Object(Closure))
#36 /Users/lkmdigital/monbeaupays.com/backend/vendor/laravel/framework/src/Illuminate/Http/Middleware/TrustProxies.php(58): Illuminate\\Pipeline\\Pipeline->{closure:{closure:Illuminate\\Pipeline\\Pipeline::carry():184}:185}(Object(Illuminate\\Http\\Request))
#37 /Users/lkmdigital/monbeaupays.com/backend/vendor/laravel/framework/src/Illuminate/Pipeline/Pipeline.php(209): Illuminate\\Http\\Middleware\\TrustProxies->handle(Object(Illuminate\\Http\\Request), Object(Closure))
#38 /Users/lkmdigital/monbeaupays.com/backend/vendor/laravel/framework/src/Illuminate/Foundation/Http/Middleware/InvokeDeferredCallbacks.php(22): Illuminate\\Pipeline\\Pipeline->{closure:{closure:Illuminate\\Pipeline\\Pipeline::carry():184}:185}(Object(Illuminate\\Http\\Request))
#39 /Users/lkmdigital/monbeaupays.com/backend/vendor/laravel/framework/src/Illuminate/Pipeline/Pipeline.php(209): Illuminate\\Foundation\\Http\\Middleware\\InvokeDeferredCallbacks->handle(Object(Illuminate\\Http\\Request), Object(Closure))
#40 /Users/lkmdigital/monbeaupays.com/backend/vendor/laravel/framework/src/Illuminate/Pipeline/Pipeline.php(127): Illuminate\\Pipeline\\Pipeline->{closure:{closure:Illuminate\\Pipeline\\Pipeline::carry():184}:185}(Object(Illuminate\\Http\\Request))
#41 /Users/lkmdigital/monbeaupays.com/backend/vendor/laravel/framework/src/Illuminate/Foundation/Http/Kernel.php(176): Illuminate\\Pipeline\\Pipeline->then(Object(Closure))
#42 /Users/lkmdigital/monbeaupays.com/backend/vendor/laravel/framework/src/Illuminate/Foundation/Http/Kernel.php(145): Illuminate\\Foundation\\Http\\Kernel->sendRequestThroughRouter(Object(Illuminate\\Http\\Request))
#43 /Users/lkmdigital/monbeaupays.com/backend/public/index.php(17): Illuminate\\Foundation\\Http\\Kernel->handle(Object(Illuminate\\Http\\Request))
#44 /Users/lkmdigital/monbeaupays.com/backend/vendor/laravel/framework/src/Illuminate/Foundation/resources/server.php(23): require_once('/Users/lkmdigit...')
#45 {main}
"} 
[2025-11-10 16:45:43] local.ERROR: Call to undefined method App\Http\Controllers\AnalyticsController::middleware() {"userId":2,"exception":"[object] (Error(code: 0): Call to undefined method App\\Http\\Controllers\\AnalyticsController::middleware() at /Users/lkmdigital/monbeaupays.com/backend/app/Http/Controllers/AnalyticsController.php:17)
[stacktrace]
#0 [internal function]: App\\Http\\Controllers\\AnalyticsController->__construct()
#1 /Users/lkmdigital/monbeaupays.com/backend/vendor/laravel/framework/src/Illuminate/Container/Container.php(1004): ReflectionClass->newInstanceArgs(Array)
#2 /Users/lkmdigital/monbeaupays.com/backend/vendor/laravel/framework/src/Illuminate/Container/Container.php(832): Illuminate\\Container\\Container->build('App\\\\Http\\\\Contro...')
#3 /Users/lkmdigital/monbeaupays.com/backend/vendor/laravel/framework/src/Illuminate/Foundation/Application.php(1078): Illuminate\\Container\\Container->resolve('App\\\\Http\\\\Contro...', Array, true)
#4 /Users/lkmdigital/monbeaupays.com/backend/vendor/laravel/framework/src/Illuminate/Container/Container.php(763): Illuminate\\Foundation\\Application->resolve('App\\\\Http\\\\Contro...', Array)
#5 /Users/lkmdigital/monbeaupays.com/backend/vendor/laravel/framework/src/Illuminate/Foundation/Application.php(1058): Illuminate\\Container\\Container->make('App\\\\Http\\\\Contro...', Array)
#6 /Users/lkmdigital/monbeaupays.com/backend/vendor/laravel/framework/src/Illuminate/Routing/Route.php(285): Illuminate\\Foundation\\Application->make('App\\\\Http\\\\Contro...')
#7 /Users/lkmdigital/monbeaupays.com/backend/vendor/laravel/framework/src/Illuminate/Routing/Route.php(267): Illuminate\\Routing\\Route->getController()
#8 /Users/lkmdigital/monbeaupays.com/backend/vendor/laravel/framework/src/Illuminate/Routing/Route.php(212): Illuminate\\Routing\\Route->runController()
#9 /Users/lkmdigital/monbeaupays.com/backend/vendor/laravel/framework/src/Illuminate/Routing/Router.php(808): Illuminate\\Routing\\Route->run()
#10 /Users/lkmdigital/monbeaupays.com/backend/vendor/laravel/framework/src/Illuminate/Pipeline/Pipeline.php(170): Illuminate\\Routing\\Router->{closure:Illuminate\\Routing\\Router::runRouteWithinStack():807}(Object(Illuminate\\Http\\Request))
#11 /Users/lkmdigital/monbeaupays.com/backend/app/Http/Middleware/RoleMiddleware.php(27): Illuminate\\Pipeline\\Pipeline->{closure:Illuminate\\Pipeline\\Pipeline::prepareDestination():168}(Object(Illuminate\\Http\\Request))
#12 /Users/lkmdigital/monbeaupays.com/backend/vendor/laravel/framework/src/Illuminate/Pipeline/Pipeline.php(209): App\\Http\\Middleware\\RoleMiddleware->handle(Object(Illuminate\\Http\\Request), Object(Closure), 'host')
#13 /Users/lkmdigital/monbeaupays.com/backend/vendor/laravel/framework/src/Illuminate/Routing/Middleware/SubstituteBindings.php(51): Illuminate\\Pipeline\\Pipeline->{closure:{closure:Illuminate\\Pipeline\\Pipeline::carry():184}:185}(Object(Illuminate\\Http\\Request))
#14 /Users/lkmdigital/monbeaupays.com/backend/vendor/laravel/framework/src/Illuminate/Pipeline/Pipeline.php(209): Illuminate\\Routing\\Middleware\\SubstituteBindings->handle(Object(Illuminate\\Http\\Request), Object(Closure))
#15 /Users/lkmdigital/monbeaupays.com/backend/vendor/laravel/framework/src/Illuminate/Auth/Middleware/Authenticate.php(64): Illuminate\\Pipeline\\Pipeline->{closure:{closure:Illuminate\\Pipeline\\Pipeline::carry():184}:185}(Object(Illuminate\\Http\\Request))
#16 /Users/lkmdigital/monbeaupays.com/backend/vendor/laravel/framework/src/Illuminate/Pipeline/Pipeline.php(209): Illuminate\\Auth\\Middleware\\Authenticate->handle(Object(Illuminate\\Http\\Request), Object(Closure), 'sanctum')
#17 /Users/lkmdigital/monbeaupays.com/backend/vendor/laravel/framework/src/Illuminate/Pipeline/Pipeline.php(127): Illuminate\\Pipeline\\Pipeline->{closure:{closure:Illuminate\\Pipeline\\Pipeline::carry():184}:185}(Object(Illuminate\\Http\\Request))
#18 /Users/lkmdigital/monbeaupays.com/backend/vendor/laravel/framework/src/Illuminate/Routing/Router.php(807): Illuminate\\Pipeline\\Pipeline->then(Object(Closure))
#19 /Users/lkmdigital/monbeaupays.com/backend/vendor/laravel/framework/src/Illuminate/Routing/Router.php(786): Illuminate\\Routing\\Router->runRouteWithinStack(Object(Illuminate\\Routing\\Route), Object(Illuminate\\Http\\Request))
#20 /Users/lkmdigital/monbeaupays.com/backend/vendor/laravel/framework/src/Illuminate/Routing/Router.php(750): Illuminate\\Routing\\Router->runRoute(Object(Illuminate\\Http\\Request), Object(Illuminate\\Routing\\Route))
#21 /Users/lkmdigital/monbeaupays.com/backend/vendor/laravel/framework/src/Illuminate/Routing/Router.php(739): Illuminate\\Routing\\Router->dispatchToRoute(Object(Illuminate\\Http\\Request))
#22 /Users/lkmdigital/monbeaupays.com/backend/vendor/laravel/framework/src/Illuminate/Foundation/Http/Kernel.php(201): Illuminate\\Routing\\Router->dispatch(Object(Illuminate\\Http\\Request))
#23 /Users/lkmdigital/monbeaupays.com/backend/vendor/laravel/framework/src/Illuminate/Pipeline/Pipeline.php(170): Illuminate\\Foundation\\Http\\Kernel->{closure:Illuminate\\Foundation\\Http\\Kernel::dispatchToRouter():198}(Object(Illuminate\\Http\\Request))
#24 /Users/lkmdigital/monbeaupays.com/backend/vendor/laravel/framework/src/Illuminate/Foundation/Http/Middleware/TransformsRequest.php(21): Illuminate\\Pipeline\\Pipeline->{closure:Illuminate\\Pipeline\\Pipeline::prepareDestination():168}(Object(Illuminate\\Http\\Request))
#25 /Users/lkmdigital/monbeaupays.com/backend/vendor/laravel/framework/src/Illuminate/Foundation/Http/Middleware/ConvertEmptyStringsToNull.php(31): Illuminate\\Foundation\\Http\\Middleware\\TransformsRequest->handle(Object(Illuminate\\Http\\Request), Object(Closure))
#26 /Users/lkmdigital/monbeaupays.com/backend/vendor/laravel/framework/src/Illuminate/Pipeline/Pipeline.php(209): Illuminate\\Foundation\\Http\\Middleware\\ConvertEmptyStringsToNull->handle(Object(Illuminate\\Http\\Request), Object(Closure))
#27 /Users/lkmdigital/monbeaupays.com/backend/vendor/laravel/framework/src/Illuminate/Foundation/Http/Middleware/TransformsRequest.php(21): Illuminate\\Pipeline\\Pipeline->{closure:{closure:Illuminate\\Pipeline\\Pipeline::carry():184}:185}(Object(Illuminate\\Http\\Request))
#28 /Users/lkmdigital/monbeaupays.com/backend/vendor/laravel/framework/src/Illuminate/Foundation/Http/Middleware/TrimStrings.php(51): Illuminate\\Foundation\\Http\\Middleware\\TransformsRequest->handle(Object(Illuminate\\Http\\Request), Object(Closure))
#29 /Users/lkmdigital/monbeaupays.com/backend/vendor/laravel/framework/src/Illuminate/Pipeline/Pipeline.php(209): Illuminate\\Foundation\\Http\\Middleware\\TrimStrings->handle(Object(Illuminate\\Http\\Request), Object(Closure))
#30 /Users/lkmdigital/monbeaupays.com/backend/vendor/laravel/framework/src/Illuminate/Http/Middleware/ValidatePostSize.php(27): Illuminate\\Pipeline\\Pipeline->{closure:{closure:Illuminate\\Pipeline\\Pipeline::carry():184}:185}(Object(Illuminate\\Http\\Request))
#31 /Users/lkmdigital/monbeaupays.com/backend/vendor/laravel/framework/src/Illuminate/Pipeline/Pipeline.php(209): Illuminate\\Http\\Middleware\\ValidatePostSize->handle(Object(Illuminate\\Http\\Request), Object(Closure))
#32 /Users/lkmdigital/monbeaupays.com/backend/vendor/laravel/framework/src/Illuminate/Foundation/Http/Middleware/PreventRequestsDuringMaintenance.php(110): Illuminate\\Pipeline\\Pipeline->{closure:{closure:Illuminate\\Pipeline\\Pipeline::carry():184}:185}(Object(Illuminate\\Http\\Request))
#33 /Users/lkmdigital/monbeaupays.com/backend/vendor/laravel/framework/src/Illuminate/Pipeline/Pipeline.php(209): Illuminate\\Foundation\\Http\\Middleware\\PreventRequestsDuringMaintenance->handle(Object(Illuminate\\Http\\Request), Object(Closure))
#34 /Users/lkmdigital/monbeaupays.com/backend/vendor/laravel/framework/src/Illuminate/Http/Middleware/HandleCors.php(62): Illuminate\\Pipeline\\Pipeline->{closure:{closure:Illuminate\\Pipeline\\Pipeline::carry():184}:185}(Object(Illuminate\\Http\\Request))
#35 /Users/lkmdigital/monbeaupays.com/backend/vendor/laravel/framework/src/Illuminate/Pipeline/Pipeline.php(209): Illuminate\\Http\\Middleware\\HandleCors->handle(Object(Illuminate\\Http\\Request), Object(Closure))
#36 /Users/lkmdigital/monbeaupays.com/backend/vendor/laravel/framework/src/Illuminate/Http/Middleware/TrustProxies.php(58): Illuminate\\Pipeline\\Pipeline->{closure:{closure:Illuminate\\Pipeline\\Pipeline::carry():184}:185}(Object(Illuminate\\Http\\Request))
#37 /Users/lkmdigital/monbeaupays.com/backend/vendor/laravel/framework/src/Illuminate/Pipeline/Pipeline.php(209): Illuminate\\Http\\Middleware\\TrustProxies->handle(Object(Illuminate\\Http\\Request), Object(Closure))
#38 /Users/lkmdigital/monbeaupays.com/backend/vendor/laravel/framework/src/Illuminate/Foundation/Http/Middleware/InvokeDeferredCallbacks.php(22): Illuminate\\Pipeline\\Pipeline->{closure:{closure:Illuminate\\Pipeline\\Pipeline::carry():184}:185}(Object(Illuminate\\Http\\Request))
#39 /Users/lkmdigital/monbeaupays.com/backend/vendor/laravel/framework/src/Illuminate/Pipeline/Pipeline.php(209): Illuminate\\Foundation\\Http\\Middleware\\InvokeDeferredCallbacks->handle(Object(Illuminate\\Http\\Request), Object(Closure))
#40 /Users/lkmdigital/monbeaupays.com/backend/vendor/laravel/framework/src/Illuminate/Pipeline/Pipeline.php(127): Illuminate\\Pipeline\\Pipeline->{closure:{closure:Illuminate\\Pipeline\\Pipeline::carry():184}:185}(Object(Illuminate\\Http\\Request))
#41 /Users/lkmdigital/monbeaupays.com/backend/vendor/laravel/framework/src/Illuminate/Foundation/Http/Kernel.php(176): Illuminate\\Pipeline\\Pipeline->then(Object(Closure))
#42 /Users/lkmdigital/monbeaupays.com/backend/vendor/laravel/framework/src/Illuminate/Foundation/Http/Kernel.php(145): Illuminate\\Foundation\\Http\\Kernel->sendRequestThroughRouter(Object(Illuminate\\Http\\Request))
#43 /Users/lkmdigital/monbeaupays.com/backend/public/index.php(17): Illuminate\\Foundation\\Http\\Kernel->handle(Object(Illuminate\\Http\\Request))
#44 /Users/lkmdigital/monbeaupays.com/backend/vendor/laravel/framework/src/Illuminate/Foundation/resources/server.php(23): require_once('/Users/lkmdigit...')
#45 {main}
"} 
[2025-11-10 16:45:44] local.ERROR: Call to undefined method App\Http\Controllers\AnalyticsController::middleware() {"userId":2,"exception":"[object] (Error(code: 0): Call to undefined method App\\Http\\Controllers\\AnalyticsController::middleware() at /Users/lkmdigital/monbeaupays.com/backend/app/Http/Controllers/AnalyticsController.php:17)
[stacktrace]
#0 [internal function]: App\\Http\\Controllers\\AnalyticsController->__construct()
#1 /Users/lkmdigital/monbeaupays.com/backend/vendor/laravel/framework/src/Illuminate/Container/Container.php(1004): ReflectionClass->newInstanceArgs(Array)
#2 /Users/lkmdigital/monbeaupays.com/backend/vendor/laravel/framework/src/Illuminate/Container/Container.php(832): Illuminate\\Container\\Container->build('App\\\\Http\\\\Contro...')
#3 /Users/lkmdigital/monbeaupays.com/backend/vendor/laravel/framework/src/Illuminate/Foundation/Application.php(1078): Illuminate\\Container\\Container->resolve('App\\\\Http\\\\Contro...', Array, true)
#4 /Users/lkmdigital/monbeaupays.com/backend/vendor/laravel/framework/src/Illuminate/Container/Container.php(763): Illuminate\\Foundation\\Application->resolve('App\\\\Http\\\\Contro...', Array)
#5 /Users/lkmdigital/monbeaupays.com/backend/vendor/laravel/framework/src/Illuminate/Foundation/Application.php(1058): Illuminate\\Container\\Container->make('App\\\\Http\\\\Contro...', Array)
#6 /Users/lkmdigital/monbeaupays.com/backend/vendor/laravel/framework/src/Illuminate/Routing/Route.php(285): Illuminate\\Foundation\\Application->make('App\\\\Http\\\\Contro...')
#7 /Users/lkmdigital/monbeaupays.com/backend/vendor/laravel/framework/src/Illuminate/Routing/Route.php(267): Illuminate\\Routing\\Route->getController()
#8 /Users/lkmdigital/monbeaupays.com/backend/vendor/laravel/framework/src/Illuminate/Routing/Route.php(212): Illuminate\\Routing\\Route->runController()
#9 /Users/lkmdigital/monbeaupays.com/backend/vendor/laravel/framework/src/Illuminate/Routing/Router.php(808): Illuminate\\Routing\\Route->run()
#10 /Users/lkmdigital/monbeaupays.com/backend/vendor/laravel/framework/src/Illuminate/Pipeline/Pipeline.php(170): Illuminate\\Routing\\Router->{closure:Illuminate\\Routing\\Router::runRouteWithinStack():807}(Object(Illuminate\\Http\\Request))
#11 /Users/lkmdigital/monbeaupays.com/backend/app/Http/Middleware/RoleMiddleware.php(27): Illuminate\\Pipeline\\Pipeline->{closure:Illuminate\\Pipeline\\Pipeline::prepareDestination():168}(Object(Illuminate\\Http\\Request))
#12 /Users/lkmdigital/monbeaupays.com/backend/vendor/laravel/framework/src/Illuminate/Pipeline/Pipeline.php(209): App\\Http\\Middleware\\RoleMiddleware->handle(Object(Illuminate\\Http\\Request), Object(Closure), 'host')
#13 /Users/lkmdigital/monbeaupays.com/backend/vendor/laravel/framework/src/Illuminate/Routing/Middleware/SubstituteBindings.php(51): Illuminate\\Pipeline\\Pipeline->{closure:{closure:Illuminate\\Pipeline\\Pipeline::carry():184}:185}(Object(Illuminate\\Http\\Request))
#14 /Users/lkmdigital/monbeaupays.com/backend/vendor/laravel/framework/src/Illuminate/Pipeline/Pipeline.php(209): Illuminate\\Routing\\Middleware\\SubstituteBindings->handle(Object(Illuminate\\Http\\Request), Object(Closure))
#15 /Users/lkmdigital/monbeaupays.com/backend/vendor/laravel/framework/src/Illuminate/Auth/Middleware/Authenticate.php(64): Illuminate\\Pipeline\\Pipeline->{closure:{closure:Illuminate\\Pipeline\\Pipeline::carry():184}:185}(Object(Illuminate\\Http\\Request))
#16 /Users/lkmdigital/monbeaupays.com/backend/vendor/laravel/framework/src/Illuminate/Pipeline/Pipeline.php(209): Illuminate\\Auth\\Middleware\\Authenticate->handle(Object(Illuminate\\Http\\Request), Object(Closure), 'sanctum')
#17 /Users/lkmdigital/monbeaupays.com/backend/vendor/laravel/framework/src/Illuminate/Pipeline/Pipeline.php(127): Illuminate\\Pipeline\\Pipeline->{closure:{closure:Illuminate\\Pipeline\\Pipeline::carry():184}:185}(Object(Illuminate\\Http\\Request))
#18 /Users/lkmdigital/monbeaupays.com/backend/vendor/laravel/framework/src/Illuminate/Routing/Router.php(807): Illuminate\\Pipeline\\Pipeline->then(Object(Closure))
#19 /Users/lkmdigital/monbeaupays.com/backend/vendor/laravel/framework/src/Illuminate/Routing/Router.php(786): Illuminate\\Routing\\Router->runRouteWithinStack(Object(Illuminate\\Routing\\Route), Object(Illuminate\\Http\\Request))
#20 /Users/lkmdigital/monbeaupays.com/backend/vendor/laravel/framework/src/Illuminate/Routing/Router.php(750): Illuminate\\Routing\\Router->runRoute(Object(Illuminate\\Http\\Request), Object(Illuminate\\Routing\\Route))
#21 /Users/lkmdigital/monbeaupays.com/backend/vendor/laravel/framework/src/Illuminate/Routing/Router.php(739): Illuminate\\Routing\\Router->dispatchToRoute(Object(Illuminate\\Http\\Request))
#22 /Users/lkmdigital/monbeaupays.com/backend/vendor/laravel/framework/src/Illuminate/Foundation/Http/Kernel.php(201): Illuminate\\Routing\\Router->dispatch(Object(Illuminate\\Http\\Request))
#23 /Users/lkmdigital/monbeaupays.com/backend/vendor/laravel/framework/src/Illuminate/Pipeline/Pipeline.php(170): Illuminate\\Foundation\\Http\\Kernel->{closure:Illuminate\\Foundation\\Http\\Kernel::dispatchToRouter():198}(Object(Illuminate\\Http\\Request))
#24 /Users/lkmdigital/monbeaupays.com/backend/vendor/laravel/framework/src/Illuminate/Foundation/Http/Middleware/TransformsRequest.php(21): Illuminate\\Pipeline\\Pipeline->{closure:Illuminate\\Pipeline\\Pipeline::prepareDestination():168}(Object(Illuminate\\Http\\Request))
#25 /Users/lkmdigital/monbeaupays.com/backend/vendor/laravel/framework/src/Illuminate/Foundation/Http/Middleware/ConvertEmptyStringsToNull.php(31): Illuminate\\Foundation\\Http\\Middleware\\TransformsRequest->handle(Object(Illuminate\\Http\\Request), Object(Closure))
#26 /Users/lkmdigital/monbeaupays.com/backend/vendor/laravel/framework/src/Illuminate/Pipeline/Pipeline.php(209): Illuminate\\Foundation\\Http\\Middleware\\ConvertEmptyStringsToNull->handle(Object(Illuminate\\Http\\Request), Object(Closure))
#27 /Users/lkmdigital/monbeaupays.com/backend/vendor/laravel/framework/src/Illuminate/Foundation/Http/Middleware/TransformsRequest.php(21): Illuminate\\Pipeline\\Pipeline->{closure:{closure:Illuminate\\Pipeline\\Pipeline::carry():184}:185}(Object(Illuminate\\Http\\Request))
#28 /Users/lkmdigital/monbeaupays.com/backend/vendor/laravel/framework/src/Illuminate/Foundation/Http/Middleware/TrimStrings.php(51): Illuminate\\Foundation\\Http\\Middleware\\TransformsRequest->handle(Object(Illuminate\\Http\\Request), Object(Closure))
#29 /Users/lkmdigital/monbeaupays.com/backend/vendor/laravel/framework/src/Illuminate/Pipeline/Pipeline.php(209): Illuminate\\Foundation\\Http\\Middleware\\TrimStrings->handle(Object(Illuminate\\Http\\Request), Object(Closure))
#30 /Users/lkmdigital/monbeaupays.com/backend/vendor/laravel/framework/src/Illuminate/Http/Middleware/ValidatePostSize.php(27): Illuminate\\Pipeline\\Pipeline->{closure:{closure:Illuminate\\Pipeline\\Pipeline::carry():184}:185}(Object(Illuminate\\Http\\Request))
#31 /Users/lkmdigital/monbeaupays.com/backend/vendor/laravel/framework/src/Illuminate/Pipeline/Pipeline.php(209): Illuminate\\Http\\Middleware\\ValidatePostSize->handle(Object(Illuminate\\Http\\Request), Object(Closure))
#32 /Users/lkmdigital/monbeaupays.com/backend/vendor/laravel/framework/src/Illuminate/Foundation/Http/Middleware/PreventRequestsDuringMaintenance.php(110): Illuminate\\Pipeline\\Pipeline->{closure:{closure:Illuminate\\Pipeline\\Pipeline::carry():184}:185}(Object(Illuminate\\Http\\Request))
#33 /Users/lkmdigital/monbeaupays.com/backend/vendor/laravel/framework/src/Illuminate/Pipeline/Pipeline.php(209): Illuminate\\Foundation\\Http\\Middleware\\PreventRequestsDuringMaintenance->handle(Object(Illuminate\\Http\\Request), Object(Closure))
#34 /Users/lkmdigital/monbeaupays.com/backend/vendor/laravel/framework/src/Illuminate/Http/Middleware/HandleCors.php(62): Illuminate\\Pipeline\\Pipeline->{closure:{closure:Illuminate\\Pipeline\\Pipeline::carry():184}:185}(Object(Illuminate\\Http\\Request))
#35 /Users/lkmdigital/monbeaupays.com/backend/vendor/laravel/framework/src/Illuminate/Pipeline/Pipeline.php(209): Illuminate\\Http\\Middleware\\HandleCors->handle(Object(Illuminate\\Http\\Request), Object(Closure))
#36 /Users/lkmdigital/monbeaupays.com/backend/vendor/laravel/framework/src/Illuminate/Http/Middleware/TrustProxies.php(58): Illuminate\\Pipeline\\Pipeline->{closure:{closure:Illuminate\\Pipeline\\Pipeline::carry():184}:185}(Object(Illuminate\\Http\\Request))
#37 /Users/lkmdigital/monbeaupays.com/backend/vendor/laravel/framework/src/Illuminate/Pipeline/Pipeline.php(209): Illuminate\\Http\\Middleware\\TrustProxies->handle(Object(Illuminate\\Http\\Request), Object(Closure))
#38 /Users/lkmdigital/monbeaupays.com/backend/vendor/laravel/framework/src/Illuminate/Foundation/Http/Middleware/InvokeDeferredCallbacks.php(22): Illuminate\\Pipeline\\Pipeline->{closure:{closure:Illuminate\\Pipeline\\Pipeline::carry():184}:185}(Object(Illuminate\\Http\\Request))
#39 /Users/lkmdigital/monbeaupays.com/backend/vendor/laravel/framework/src/Illuminate/Pipeline/Pipeline.php(209): Illuminate\\Foundation\\Http\\Middleware\\InvokeDeferredCallbacks->handle(Object(Illuminate\\Http\\Request), Object(Closure))
#40 /Users/lkmdigital/monbeaupays.com/backend/vendor/laravel/framework/src/Illuminate/Pipeline/Pipeline.php(127): Illuminate\\Pipeline\\Pipeline->{closure:{closure:Illuminate\\Pipeline\\Pipeline::carry():184}:185}(Object(Illuminate\\Http\\Request))
#41 /Users/lkmdigital/monbeaupays.com/backend/vendor/laravel/framework/src/Illuminate/Foundation/Http/Kernel.php(176): Illuminate\\Pipeline\\Pipeline->then(Object(Closure))
#42 /Users/lkmdigital/monbeaupays.com/backend/vendor/laravel/framework/src/Illuminate/Foundation/Http/Kernel.php(145): Illuminate\\Foundation\\Http\\Kernel->sendRequestThroughRouter(Object(Illuminate\\Http\\Request))
#43 /Users/lkmdigital/monbeaupays.com/backend/public/index.php(17): Illuminate\\Foundation\\Http\\Kernel->handle(Object(Illuminate\\Http\\Request))
#44 /Users/lkmdigital/monbeaupays.com/backend/vendor/laravel/framework/src/Illuminate/Foundation/resources/server.php(23): require_once('/Users/lkmdigit...')
#45 {main}
"} 
[2025-11-10 16:45:45] local.ERROR: Call to undefined method App\Http\Controllers\AnalyticsController::middleware() {"userId":2,"exception":"[object] (Error(code: 0): Call to undefined method App\\Http\\Controllers\\AnalyticsController::middleware() at /Users/lkmdigital/monbeaupays.com/backend/app/Http/Controllers/AnalyticsController.php:17)
[stacktrace]
#0 [internal function]: App\\Http\\Controllers\\AnalyticsController->__construct()
#1 /Users/lkmdigital/monbeaupays.com/backend/vendor/laravel/framework/src/Illuminate/Container/Container.php(1004): ReflectionClass->newInstanceArgs(Array)
#2 /Users/lkmdigital/monbeaupays.com/backend/vendor/laravel/framework/src/Illuminate/Container/Container.php(832): Illuminate\\Container\\Container->build('App\\\\Http\\\\Contro...')
#3 /Users/lkmdigital/monbeaupays.com/backend/vendor/laravel/framework/src/Illuminate/Foundation/Application.php(1078): Illuminate\\Container\\Container->resolve('App\\\\Http\\\\Contro...', Array, true)
#4 /Users/lkmdigital/monbeaupays.com/backend/vendor/laravel/framework/src/Illuminate/Container/Container.php(763): Illuminate\\Foundation\\Application->resolve('App\\\\Http\\\\Contro...', Array)
#5 /Users/lkmdigital/monbeaupays.com/backend/vendor/laravel/framework/src/Illuminate/Foundation/Application.php(1058): Illuminate\\Container\\Container->make('App\\\\Http\\\\Contro...', Array)
#6 /Users/lkmdigital/monbeaupays.com/backend/vendor/laravel/framework/src/Illuminate/Routing/Route.php(285): Illuminate\\Foundation\\Application->make('App\\\\Http\\\\Contro...')
#7 /Users/lkmdigital/monbeaupays.com/backend/vendor/laravel/framework/src/Illuminate/Routing/Route.php(267): Illuminate\\Routing\\Route->getController()
#8 /Users/lkmdigital/monbeaupays.com/backend/vendor/laravel/framework/src/Illuminate/Routing/Route.php(212): Illuminate\\Routing\\Route->runController()
#9 /Users/lkmdigital/monbeaupays.com/backend/vendor/laravel/framework/src/Illuminate/Routing/Router.php(808): Illuminate\\Routing\\Route->run()
#10 /Users/lkmdigital/monbeaupays.com/backend/vendor/laravel/framework/src/Illuminate/Pipeline/Pipeline.php(170): Illuminate\\Routing\\Router->{closure:Illuminate\\Routing\\Router::runRouteWithinStack():807}(Object(Illuminate\\Http\\Request))
#11 /Users/lkmdigital/monbeaupays.com/backend/app/Http/Middleware/RoleMiddleware.php(27): Illuminate\\Pipeline\\Pipeline->{closure:Illuminate\\Pipeline\\Pipeline::prepareDestination():168}(Object(Illuminate\\Http\\Request))
#12 /Users/lkmdigital/monbeaupays.com/backend/vendor/laravel/framework/src/Illuminate/Pipeline/Pipeline.php(209): App\\Http\\Middleware\\RoleMiddleware->handle(Object(Illuminate\\Http\\Request), Object(Closure), 'host')
#13 /Users/lkmdigital/monbeaupays.com/backend/vendor/laravel/framework/src/Illuminate/Routing/Middleware/SubstituteBindings.php(51): Illuminate\\Pipeline\\Pipeline->{closure:{closure:Illuminate\\Pipeline\\Pipeline::carry():184}:185}(Object(Illuminate\\Http\\Request))
#14 /Users/lkmdigital/monbeaupays.com/backend/vendor/laravel/framework/src/Illuminate/Pipeline/Pipeline.php(209): Illuminate\\Routing\\Middleware\\SubstituteBindings->handle(Object(Illuminate\\Http\\Request), Object(Closure))
#15 /Users/lkmdigital/monbeaupays.com/backend/vendor/laravel/framework/src/Illuminate/Auth/Middleware/Authenticate.php(64): Illuminate\\Pipeline\\Pipeline->{closure:{closure:Illuminate\\Pipeline\\Pipeline::carry():184}:185}(Object(Illuminate\\Http\\Request))
#16 /Users/lkmdigital/monbeaupays.com/backend/vendor/laravel/framework/src/Illuminate/Pipeline/Pipeline.php(209): Illuminate\\Auth\\Middleware\\Authenticate->handle(Object(Illuminate\\Http\\Request), Object(Closure), 'sanctum')
#17 /Users/lkmdigital/monbeaupays.com/backend/vendor/laravel/framework/src/Illuminate/Pipeline/Pipeline.php(127): Illuminate\\Pipeline\\Pipeline->{closure:{closure:Illuminate\\Pipeline\\Pipeline::carry():184}:185}(Object(Illuminate\\Http\\Request))
#18 /Users/lkmdigital/monbeaupays.com/backend/vendor/laravel/framework/src/Illuminate/Routing/Router.php(807): Illuminate\\Pipeline\\Pipeline->then(Object(Closure))
#19 /Users/lkmdigital/monbeaupays.com/backend/vendor/laravel/framework/src/Illuminate/Routing/Router.php(786): Illuminate\\Routing\\Router->runRouteWithinStack(Object(Illuminate\\Routing\\Route), Object(Illuminate\\Http\\Request))
#20 /Users/lkmdigital/monbeaupays.com/backend/vendor/laravel/framework/src/Illuminate/Routing/Router.php(750): Illuminate\\Routing\\Router->runRoute(Object(Illuminate\\Http\\Request), Object(Illuminate\\Routing\\Route))
#21 /Users/lkmdigital/monbeaupays.com/backend/vendor/laravel/framework/src/Illuminate/Routing/Router.php(739): Illuminate\\Routing\\Router->dispatchToRoute(Object(Illuminate\\Http\\Request))
#22 /Users/lkmdigital/monbeaupays.com/backend/vendor/laravel/framework/src/Illuminate/Foundation/Http/Kernel.php(201): Illuminate\\Routing\\Router->dispatch(Object(Illuminate\\Http\\Request))
#23 /Users/lkmdigital/monbeaupays.com/backend/vendor/laravel/framework/src/Illuminate/Pipeline/Pipeline.php(170): Illuminate\\Foundation\\Http\\Kernel->{closure:Illuminate\\Foundation\\Http\\Kernel::dispatchToRouter():198}(Object(Illuminate\\Http\\Request))
#24 /Users/lkmdigital/monbeaupays.com/backend/vendor/laravel/framework/src/Illuminate/Foundation/Http/Middleware/TransformsRequest.php(21): Illuminate\\Pipeline\\Pipeline->{closure:Illuminate\\Pipeline\\Pipeline::prepareDestination():168}(Object(Illuminate\\Http\\Request))
#25 /Users/lkmdigital/monbeaupays.com/backend/vendor/laravel/framework/src/Illuminate/Foundation/Http/Middleware/ConvertEmptyStringsToNull.php(31): Illuminate\\Foundation\\Http\\Middleware\\TransformsRequest->handle(Object(Illuminate\\Http\\Request), Object(Closure))
#26 /Users/lkmdigital/monbeaupays.com/backend/vendor/laravel/framework/src/Illuminate/Pipeline/Pipeline.php(209): Illuminate\\Foundation\\Http\\Middleware\\ConvertEmptyStringsToNull->handle(Object(Illuminate\\Http\\Request), Object(Closure))
#27 /Users/lkmdigital/monbeaupays.com/backend/vendor/laravel/framework/src/Illuminate/Foundation/Http/Middleware/TransformsRequest.php(21): Illuminate\\Pipeline\\Pipeline->{closure:{closure:Illuminate\\Pipeline\\Pipeline::carry():184}:185}(Object(Illuminate\\Http\\Request))
#28 /Users/lkmdigital/monbeaupays.com/backend/vendor/laravel/framework/src/Illuminate/Foundation/Http/Middleware/TrimStrings.php(51): Illuminate\\Foundation\\Http\\Middleware\\TransformsRequest->handle(Object(Illuminate\\Http\\Request), Object(Closure))
#29 /Users/lkmdigital/monbeaupays.com/backend/vendor/laravel/framework/src/Illuminate/Pipeline/Pipeline.php(209): Illuminate\\Foundation\\Http\\Middleware\\TrimStrings->handle(Object(Illuminate\\Http\\Request), Object(Closure))
#30 /Users/lkmdigital/monbeaupays.com/backend/vendor/laravel/framework/src/Illuminate/Http/Middleware/ValidatePostSize.php(27): Illuminate\\Pipeline\\Pipeline->{closure:{closure:Illuminate\\Pipeline\\Pipeline::carry():184}:185}(Object(Illuminate\\Http\\Request))
#31 /Users/lkmdigital/monbeaupays.com/backend/vendor/laravel/framework/src/Illuminate/Pipeline/Pipeline.php(209): Illuminate\\Http\\Middleware\\ValidatePostSize->handle(Object(Illuminate\\Http\\Request), Object(Closure))
#32 /Users/lkmdigital/monbeaupays.com/backend/vendor/laravel/framework/src/Illuminate/Foundation/Http/Middleware/PreventRequestsDuringMaintenance.php(110): Illuminate\\Pipeline\\Pipeline->{closure:{closure:Illuminate\\Pipeline\\Pipeline::carry():184}:185}(Object(Illuminate\\Http\\Request))
#33 /Users/lkmdigital/monbeaupays.com/backend/vendor/laravel/framework/src/Illuminate/Pipeline/Pipeline.php(209): Illuminate\\Foundation\\Http\\Middleware\\PreventRequestsDuringMaintenance->handle(Object(Illuminate\\Http\\Request), Object(Closure))
#34 /Users/lkmdigital/monbeaupays.com/backend/vendor/laravel/framework/src/Illuminate/Http/Middleware/HandleCors.php(62): Illuminate\\Pipeline\\Pipeline->{closure:{closure:Illuminate\\Pipeline\\Pipeline::carry():184}:185}(Object(Illuminate\\Http\\Request))
#35 /Users/lkmdigital/monbeaupays.com/backend/vendor/laravel/framework/src/Illuminate/Pipeline/Pipeline.php(209): Illuminate\\Http\\Middleware\\HandleCors->handle(Object(Illuminate\\Http\\Request), Object(Closure))
#36 /Users/lkmdigital/monbeaupays.com/backend/vendor/laravel/framework/src/Illuminate/Http/Middleware/TrustProxies.php(58): Illuminate\\Pipeline\\Pipeline->{closure:{closure:Illuminate\\Pipeline\\Pipeline::carry():184}:185}(Object(Illuminate\\Http\\Request))
#37 /Users/lkmdigital/monbeaupays.com/backend/vendor/laravel/framework/src/Illuminate/Pipeline/Pipeline.php(209): Illuminate\\Http\\Middleware\\TrustProxies->handle(Object(Illuminate\\Http\\Request), Object(Closure))
#38 /Users/lkmdigital/monbeaupays.com/backend/vendor/laravel/framework/src/Illuminate/Foundation/Http/Middleware/InvokeDeferredCallbacks.php(22): Illuminate\\Pipeline\\Pipeline->{closure:{closure:Illuminate\\Pipeline\\Pipeline::carry():184}:185}(Object(Illuminate\\Http\\Request))
#39 /Users/lkmdigital/monbeaupays.com/backend/vendor/laravel/framework/src/Illuminate/Pipeline/Pipeline.php(209): Illuminate\\Foundation\\Http\\Middleware\\InvokeDeferredCallbacks->handle(Object(Illuminate\\Http\\Request), Object(Closure))
#40 /Users/lkmdigital/monbeaupays.com/backend/vendor/laravel/framework/src/Illuminate/Pipeline/Pipeline.php(127): Illuminate\\Pipeline\\Pipeline->{closure:{closure:Illuminate\\Pipeline\\Pipeline::carry():184}:185}(Object(Illuminate\\Http\\Request))
#41 /Users/lkmdigital/monbeaupays.com/backend/vendor/laravel/framework/src/Illuminate/Foundation/Http/Kernel.php(176): Illuminate\\Pipeline\\Pipeline->then(Object(Closure))
#42 /Users/lkmdigital/monbeaupays.com/backend/vendor/laravel/framework/src/Illuminate/Foundation/Http/Kernel.php(145): Illuminate\\Foundation\\Http\\Kernel->sendRequestThroughRouter(Object(Illuminate\\Http\\Request))
#43 /Users/lkmdigital/monbeaupays.com/backend/public/index.php(17): Illuminate\\Foundation\\Http\\Kernel->handle(Object(Illuminate\\Http\\Request))
#44 /Users/lkmdigital/monbeaupays.com/backend/vendor/laravel/framework/src/Illuminate/Foundation/resources/server.php(23): require_once('/Users/lkmdigit...')
#45 {main}
"} 
[2025-11-10 16:45:45] local.ERROR: Call to undefined method App\Http\Controllers\AnalyticsController::middleware() {"userId":2,"exception":"[object] (Error(code: 0): Call to undefined method App\\Http\\Controllers\\AnalyticsController::middleware() at /Users/lkmdigital/monbeaupays.com/backend/app/Http/Controllers/AnalyticsController.php:17)
[stacktrace]
#0 [internal function]: App\\Http\\Controllers\\AnalyticsController->__construct()
#1 /Users/lkmdigital/monbeaupays.com/backend/vendor/laravel/framework/src/Illuminate/Container/Container.php(1004): ReflectionClass->newInstanceArgs(Array)
#2 /Users/lkmdigital/monbeaupays.com/backend/vendor/laravel/framework/src/Illuminate/Container/Container.php(832): Illuminate\\Container\\Container->build('App\\\\Http\\\\Contro...')
#3 /Users/lkmdigital/monbeaupays.com/backend/vendor/laravel/framework/src/Illuminate/Foundation/Application.php(1078): Illuminate\\Container\\Container->resolve('App\\\\Http\\\\Contro...', Array, true)
#4 /Users/lkmdigital/monbeaupays.com/backend/vendor/laravel/framework/src/Illuminate/Container/Container.php(763): Illuminate\\Foundation\\Application->resolve('App\\\\Http\\\\Contro...', Array)
#5 /Users/lkmdigital/monbeaupays.com/backend/vendor/laravel/framework/src/Illuminate/Foundation/Application.php(1058): Illuminate\\Container\\Container->make('App\\\\Http\\\\Contro...', Array)
#6 /Users/lkmdigital/monbeaupays.com/backend/vendor/laravel/framework/src/Illuminate/Routing/Route.php(285): Illuminate\\Foundation\\Application->make('App\\\\Http\\\\Contro...')
#7 /Users/lkmdigital/monbeaupays.com/backend/vendor/laravel/framework/src/Illuminate/Routing/Route.php(267): Illuminate\\Routing\\Route->getController()
#8 /Users/lkmdigital/monbeaupays.com/backend/vendor/laravel/framework/src/Illuminate/Routing/Route.php(212): Illuminate\\Routing\\Route->runController()
#9 /Users/lkmdigital/monbeaupays.com/backend/vendor/laravel/framework/src/Illuminate/Routing/Router.php(808): Illuminate\\Routing\\Route->run()
#10 /Users/lkmdigital/monbeaupays.com/backend/vendor/laravel/framework/src/Illuminate/Pipeline/Pipeline.php(170): Illuminate\\Routing\\Router->{closure:Illuminate\\Routing\\Router::runRouteWithinStack():807}(Object(Illuminate\\Http\\Request))
#11 /Users/lkmdigital/monbeaupays.com/backend/app/Http/Middleware/RoleMiddleware.php(27): Illuminate\\Pipeline\\Pipeline->{closure:Illuminate\\Pipeline\\Pipeline::prepareDestination():168}(Object(Illuminate\\Http\\Request))
#12 /Users/lkmdigital/monbeaupays.com/backend/vendor/laravel/framework/src/Illuminate/Pipeline/Pipeline.php(209): App\\Http\\Middleware\\RoleMiddleware->handle(Object(Illuminate\\Http\\Request), Object(Closure), 'host')
#13 /Users/lkmdigital/monbeaupays.com/backend/vendor/laravel/framework/src/Illuminate/Routing/Middleware/SubstituteBindings.php(51): Illuminate\\Pipeline\\Pipeline->{closure:{closure:Illuminate\\Pipeline\\Pipeline::carry():184}:185}(Object(Illuminate\\Http\\Request))
#14 /Users/lkmdigital/monbeaupays.com/backend/vendor/laravel/framework/src/Illuminate/Pipeline/Pipeline.php(209): Illuminate\\Routing\\Middleware\\SubstituteBindings->handle(Object(Illuminate\\Http\\Request), Object(Closure))
#15 /Users/lkmdigital/monbeaupays.com/backend/vendor/laravel/framework/src/Illuminate/Auth/Middleware/Authenticate.php(64): Illuminate\\Pipeline\\Pipeline->{closure:{closure:Illuminate\\Pipeline\\Pipeline::carry():184}:185}(Object(Illuminate\\Http\\Request))
#16 /Users/lkmdigital/monbeaupays.com/backend/vendor/laravel/framework/src/Illuminate/Pipeline/Pipeline.php(209): Illuminate\\Auth\\Middleware\\Authenticate->handle(Object(Illuminate\\Http\\Request), Object(Closure), 'sanctum')
#17 /Users/lkmdigital/monbeaupays.com/backend/vendor/laravel/framework/src/Illuminate/Pipeline/Pipeline.php(127): Illuminate\\Pipeline\\Pipeline->{closure:{closure:Illuminate\\Pipeline\\Pipeline::carry():184}:185}(Object(Illuminate\\Http\\Request))
#18 /Users/lkmdigital/monbeaupays.com/backend/vendor/laravel/framework/src/Illuminate/Routing/Router.php(807): Illuminate\\Pipeline\\Pipeline->then(Object(Closure))
#19 /Users/lkmdigital/monbeaupays.com/backend/vendor/laravel/framework/src/Illuminate/Routing/Router.php(786): Illuminate\\Routing\\Router->runRouteWithinStack(Object(Illuminate\\Routing\\Route), Object(Illuminate\\Http\\Request))
#20 /Users/lkmdigital/monbeaupays.com/backend/vendor/laravel/framework/src/Illuminate/Routing/Router.php(750): Illuminate\\Routing\\Router->runRoute(Object(Illuminate\\Http\\Request), Object(Illuminate\\Routing\\Route))
#21 /Users/lkmdigital/monbeaupays.com/backend/vendor/laravel/framework/src/Illuminate/Routing/Router.php(739): Illuminate\\Routing\\Router->dispatchToRoute(Object(Illuminate\\Http\\Request))
#22 /Users/lkmdigital/monbeaupays.com/backend/vendor/laravel/framework/src/Illuminate/Foundation/Http/Kernel.php(201): Illuminate\\Routing\\Router->dispatch(Object(Illuminate\\Http\\Request))
#23 /Users/lkmdigital/monbeaupays.com/backend/vendor/laravel/framework/src/Illuminate/Pipeline/Pipeline.php(170): Illuminate\\Foundation\\Http\\Kernel->{closure:Illuminate\\Foundation\\Http\\Kernel::dispatchToRouter():198}(Object(Illuminate\\Http\\Request))
#24 /Users/lkmdigital/monbeaupays.com/backend/vendor/laravel/framework/src/Illuminate/Foundation/Http/Middleware/TransformsRequest.php(21): Illuminate\\Pipeline\\Pipeline->{closure:Illuminate\\Pipeline\\Pipeline::prepareDestination():168}(Object(Illuminate\\Http\\Request))
#25 /Users/lkmdigital/monbeaupays.com/backend/vendor/laravel/framework/src/Illuminate/Foundation/Http/Middleware/ConvertEmptyStringsToNull.php(31): Illuminate\\Foundation\\Http\\Middleware\\TransformsRequest->handle(Object(Illuminate\\Http\\Request), Object(Closure))
#26 /Users/lkmdigital/monbeaupays.com/backend/vendor/laravel/framework/src/Illuminate/Pipeline/Pipeline.php(209): Illuminate\\Foundation\\Http\\Middleware\\ConvertEmptyStringsToNull->handle(Object(Illuminate\\Http\\Request), Object(Closure))
#27 /Users/lkmdigital/monbeaupays.com/backend/vendor/laravel/framework/src/Illuminate/Foundation/Http/Middleware/TransformsRequest.php(21): Illuminate\\Pipeline\\Pipeline->{closure:{closure:Illuminate\\Pipeline\\Pipeline::carry():184}:185}(Object(Illuminate\\Http\\Request))
#28 /Users/lkmdigital/monbeaupays.com/backend/vendor/laravel/framework/src/Illuminate/Foundation/Http/Middleware/TrimStrings.php(51): Illuminate\\Foundation\\Http\\Middleware\\TransformsRequest->handle(Object(Illuminate\\Http\\Request), Object(Closure))
#29 /Users/lkmdigital/monbeaupays.com/backend/vendor/laravel/framework/src/Illuminate/Pipeline/Pipeline.php(209): Illuminate\\Foundation\\Http\\Middleware\\TrimStrings->handle(Object(Illuminate\\Http\\Request), Object(Closure))
#30 /Users/lkmdigital/monbeaupays.com/backend/vendor/laravel/framework/src/Illuminate/Http/Middleware/ValidatePostSize.php(27): Illuminate\\Pipeline\\Pipeline->{closure:{closure:Illuminate\\Pipeline\\Pipeline::carry():184}:185}(Object(Illuminate\\Http\\Request))
#31 /Users/lkmdigital/monbeaupays.com/backend/vendor/laravel/framework/src/Illuminate/Pipeline/Pipeline.php(209): Illuminate\\Http\\Middleware\\ValidatePostSize->handle(Object(Illuminate\\Http\\Request), Object(Closure))
#32 /Users/lkmdigital/monbeaupays.com/backend/vendor/laravel/framework/src/Illuminate/Foundation/Http/Middleware/PreventRequestsDuringMaintenance.php(110): Illuminate\\Pipeline\\Pipeline->{closure:{closure:Illuminate\\Pipeline\\Pipeline::carry():184}:185}(Object(Illuminate\\Http\\Request))
#33 /Users/lkmdigital/monbeaupays.com/backend/vendor/laravel/framework/src/Illuminate/Pipeline/Pipeline.php(209): Illuminate\\Foundation\\Http\\Middleware\\PreventRequestsDuringMaintenance->handle(Object(Illuminate\\Http\\Request), Object(Closure))
#34 /Users/lkmdigital/monbeaupays.com/backend/vendor/laravel/framework/src/Illuminate/Http/Middleware/HandleCors.php(62): Illuminate\\Pipeline\\Pipeline->{closure:{closure:Illuminate\\Pipeline\\Pipeline::carry():184}:185}(Object(Illuminate\\Http\\Request))
#35 /Users/lkmdigital/monbeaupays.com/backend/vendor/laravel/framework/src/Illuminate/Pipeline/Pipeline.php(209): Illuminate\\Http\\Middleware\\HandleCors->handle(Object(Illuminate\\Http\\Request), Object(Closure))
#36 /Users/lkmdigital/monbeaupays.com/backend/vendor/laravel/framework/src/Illuminate/Http/Middleware/TrustProxies.php(58): Illuminate\\Pipeline\\Pipeline->{closure:{closure:Illuminate\\Pipeline\\Pipeline::carry():184}:185}(Object(Illuminate\\Http\\Request))
#37 /Users/lkmdigital/monbeaupays.com/backend/vendor/laravel/framework/src/Illuminate/Pipeline/Pipeline.php(209): Illuminate\\Http\\Middleware\\TrustProxies->handle(Object(Illuminate\\Http\\Request), Object(Closure))
#38 /Users/lkmdigital/monbeaupays.com/backend/vendor/laravel/framework/src/Illuminate/Foundation/Http/Middleware/InvokeDeferredCallbacks.php(22): Illuminate\\Pipeline\\Pipeline->{closure:{closure:Illuminate\\Pipeline\\Pipeline::carry():184}:185}(Object(Illuminate\\Http\\Request))
#39 /Users/lkmdigital/monbeaupays.com/backend/vendor/laravel/framework/src/Illuminate/Pipeline/Pipeline.php(209): Illuminate\\Foundation\\Http\\Middleware\\InvokeDeferredCallbacks->handle(Object(Illuminate\\Http\\Request), Object(Closure))
#40 /Users/lkmdigital/monbeaupays.com/backend/vendor/laravel/framework/src/Illuminate/Pipeline/Pipeline.php(127): Illuminate\\Pipeline\\Pipeline->{closure:{closure:Illuminate\\Pipeline\\Pipeline::carry():184}:185}(Object(Illuminate\\Http\\Request))
#41 /Users/lkmdigital/monbeaupays.com/backend/vendor/laravel/framework/src/Illuminate/Foundation/Http/Kernel.php(176): Illuminate\\Pipeline\\Pipeline->then(Object(Closure))
#42 /Users/lkmdigital/monbeaupays.com/backend/vendor/laravel/framework/src/Illuminate/Foundation/Http/Kernel.php(145): Illuminate\\Foundation\\Http\\Kernel->sendRequestThroughRouter(Object(Illuminate\\Http\\Request))
#43 /Users/lkmdigital/monbeaupays.com/backend/public/index.php(17): Illuminate\\Foundation\\Http\\Kernel->handle(Object(Illuminate\\Http\\Request))
#44 /Users/lkmdigital/monbeaupays.com/backend/vendor/laravel/framework/src/Illuminate/Foundation/resources/server.php(23): require_once('/Users/lkmdigit...')
#45 {main}
"} 
[2025-11-10 16:45:46] local.ERROR: Call to undefined method App\Http\Controllers\AnalyticsController::middleware() {"userId":2,"exception":"[object] (Error(code: 0): Call to undefined method App\\Http\\Controllers\\AnalyticsController::middleware() at /Users/lkmdigital/monbeaupays.com/backend/app/Http/Controllers/AnalyticsController.php:17)
[stacktrace]
#0 [internal function]: App\\Http\\Controllers\\AnalyticsController->__construct()
#1 /Users/lkmdigital/monbeaupays.com/backend/vendor/laravel/framework/src/Illuminate/Container/Container.php(1004): ReflectionClass->newInstanceArgs(Array)
#2 /Users/lkmdigital/monbeaupays.com/backend/vendor/laravel/framework/src/Illuminate/Container/Container.php(832): Illuminate\\Container\\Container->build('App\\\\Http\\\\Contro...')
#3 /Users/lkmdigital/monbeaupays.com/backend/vendor/laravel/framework/src/Illuminate/Foundation/Application.php(1078): Illuminate\\Container\\Container->resolve('App\\\\Http\\\\Contro...', Array, true)
#4 /Users/lkmdigital/monbeaupays.com/backend/vendor/laravel/framework/src/Illuminate/Container/Container.php(763): Illuminate\\Foundation\\Application->resolve('App\\\\Http\\\\Contro...', Array)
#5 /Users/lkmdigital/monbeaupays.com/backend/vendor/laravel/framework/src/Illuminate/Foundation/Application.php(1058): Illuminate\\Container\\Container->make('App\\\\Http\\\\Contro...', Array)
#6 /Users/lkmdigital/monbeaupays.com/backend/vendor/laravel/framework/src/Illuminate/Routing/Route.php(285): Illuminate\\Foundation\\Application->make('App\\\\Http\\\\Contro...')
#7 /Users/lkmdigital/monbeaupays.com/backend/vendor/laravel/framework/src/Illuminate/Routing/Route.php(267): Illuminate\\Routing\\Route->getController()
#8 /Users/lkmdigital/monbeaupays.com/backend/vendor/laravel/framework/src/Illuminate/Routing/Route.php(212): Illuminate\\Routing\\Route->runController()
#9 /Users/lkmdigital/monbeaupays.com/backend/vendor/laravel/framework/src/Illuminate/Routing/Router.php(808): Illuminate\\Routing\\Route->run()
#10 /Users/lkmdigital/monbeaupays.com/backend/vendor/laravel/framework/src/Illuminate/Pipeline/Pipeline.php(170): Illuminate\\Routing\\Router->{closure:Illuminate\\Routing\\Router::runRouteWithinStack():807}(Object(Illuminate\\Http\\Request))
#11 /Users/lkmdigital/monbeaupays.com/backend/app/Http/Middleware/RoleMiddleware.php(27): Illuminate\\Pipeline\\Pipeline->{closure:Illuminate\\Pipeline\\Pipeline::prepareDestination():168}(Object(Illuminate\\Http\\Request))
#12 /Users/lkmdigital/monbeaupays.com/backend/vendor/laravel/framework/src/Illuminate/Pipeline/Pipeline.php(209): App\\Http\\Middleware\\RoleMiddleware->handle(Object(Illuminate\\Http\\Request), Object(Closure), 'host')
#13 /Users/lkmdigital/monbeaupays.com/backend/vendor/laravel/framework/src/Illuminate/Routing/Middleware/SubstituteBindings.php(51): Illuminate\\Pipeline\\Pipeline->{closure:{closure:Illuminate\\Pipeline\\Pipeline::carry():184}:185}(Object(Illuminate\\Http\\Request))
#14 /Users/lkmdigital/monbeaupays.com/backend/vendor/laravel/framework/src/Illuminate/Pipeline/Pipeline.php(209): Illuminate\\Routing\\Middleware\\SubstituteBindings->handle(Object(Illuminate\\Http\\Request), Object(Closure))
#15 /Users/lkmdigital/monbeaupays.com/backend/vendor/laravel/framework/src/Illuminate/Auth/Middleware/Authenticate.php(64): Illuminate\\Pipeline\\Pipeline->{closure:{closure:Illuminate\\Pipeline\\Pipeline::carry():184}:185}(Object(Illuminate\\Http\\Request))
#16 /Users/lkmdigital/monbeaupays.com/backend/vendor/laravel/framework/src/Illuminate/Pipeline/Pipeline.php(209): Illuminate\\Auth\\Middleware\\Authenticate->handle(Object(Illuminate\\Http\\Request), Object(Closure), 'sanctum')
#17 /Users/lkmdigital/monbeaupays.com/backend/vendor/laravel/framework/src/Illuminate/Pipeline/Pipeline.php(127): Illuminate\\Pipeline\\Pipeline->{closure:{closure:Illuminate\\Pipeline\\Pipeline::carry():184}:185}(Object(Illuminate\\Http\\Request))
#18 /Users/lkmdigital/monbeaupays.com/backend/vendor/laravel/framework/src/Illuminate/Routing/Router.php(807): Illuminate\\Pipeline\\Pipeline->then(Object(Closure))
#19 /Users/lkmdigital/monbeaupays.com/backend/vendor/laravel/framework/src/Illuminate/Routing/Router.php(786): Illuminate\\Routing\\Router->runRouteWithinStack(Object(Illuminate\\Routing\\Route), Object(Illuminate\\Http\\Request))
#20 /Users/lkmdigital/monbeaupays.com/backend/vendor/laravel/framework/src/Illuminate/Routing/Router.php(750): Illuminate\\Routing\\Router->runRoute(Object(Illuminate\\Http\\Request), Object(Illuminate\\Routing\\Route))
#21 /Users/lkmdigital/monbeaupays.com/backend/vendor/laravel/framework/src/Illuminate/Routing/Router.php(739): Illuminate\\Routing\\Router->dispatchToRoute(Object(Illuminate\\Http\\Request))
#22 /Users/lkmdigital/monbeaupays.com/backend/vendor/laravel/framework/src/Illuminate/Foundation/Http/Kernel.php(201): Illuminate\\Routing\\Router->dispatch(Object(Illuminate\\Http\\Request))
#23 /Users/lkmdigital/monbeaupays.com/backend/vendor/laravel/framework/src/Illuminate/Pipeline/Pipeline.php(170): Illuminate\\Foundation\\Http\\Kernel->{closure:Illuminate\\Foundation\\Http\\Kernel::dispatchToRouter():198}(Object(Illuminate\\Http\\Request))
#24 /Users/lkmdigital/monbeaupays.com/backend/vendor/laravel/framework/src/Illuminate/Foundation/Http/Middleware/TransformsRequest.php(21): Illuminate\\Pipeline\\Pipeline->{closure:Illuminate\\Pipeline\\Pipeline::prepareDestination():168}(Object(Illuminate\\Http\\Request))
#25 /Users/lkmdigital/monbeaupays.com/backend/vendor/laravel/framework/src/Illuminate/Foundation/Http/Middleware/ConvertEmptyStringsToNull.php(31): Illuminate\\Foundation\\Http\\Middleware\\TransformsRequest->handle(Object(Illuminate\\Http\\Request), Object(Closure))
#26 /Users/lkmdigital/monbeaupays.com/backend/vendor/laravel/framework/src/Illuminate/Pipeline/Pipeline.php(209): Illuminate\\Foundation\\Http\\Middleware\\ConvertEmptyStringsToNull->handle(Object(Illuminate\\Http\\Request), Object(Closure))
#27 /Users/lkmdigital/monbeaupays.com/backend/vendor/laravel/framework/src/Illuminate/Foundation/Http/Middleware/TransformsRequest.php(21): Illuminate\\Pipeline\\Pipeline->{closure:{closure:Illuminate\\Pipeline\\Pipeline::carry():184}:185}(Object(Illuminate\\Http\\Request))
#28 /Users/lkmdigital/monbeaupays.com/backend/vendor/laravel/framework/src/Illuminate/Foundation/Http/Middleware/TrimStrings.php(51): Illuminate\\Foundation\\Http\\Middleware\\TransformsRequest->handle(Object(Illuminate\\Http\\Request), Object(Closure))
#29 /Users/lkmdigital/monbeaupays.com/backend/vendor/laravel/framework/src/Illuminate/Pipeline/Pipeline.php(209): Illuminate\\Foundation\\Http\\Middleware\\TrimStrings->handle(Object(Illuminate\\Http\\Request), Object(Closure))
#30 /Users/lkmdigital/monbeaupays.com/backend/vendor/laravel/framework/src/Illuminate/Http/Middleware/ValidatePostSize.php(27): Illuminate\\Pipeline\\Pipeline->{closure:{closure:Illuminate\\Pipeline\\Pipeline::carry():184}:185}(Object(Illuminate\\Http\\Request))
#31 /Users/lkmdigital/monbeaupays.com/backend/vendor/laravel/framework/src/Illuminate/Pipeline/Pipeline.php(209): Illuminate\\Http\\Middleware\\ValidatePostSize->handle(Object(Illuminate\\Http\\Request), Object(Closure))
#32 /Users/lkmdigital/monbeaupays.com/backend/vendor/laravel/framework/src/Illuminate/Foundation/Http/Middleware/PreventRequestsDuringMaintenance.php(110): Illuminate\\Pipeline\\Pipeline->{closure:{closure:Illuminate\\Pipeline\\Pipeline::carry():184}:185}(Object(Illuminate\\Http\\Request))
#33 /Users/lkmdigital/monbeaupays.com/backend/vendor/laravel/framework/src/Illuminate/Pipeline/Pipeline.php(209): Illuminate\\Foundation\\Http\\Middleware\\PreventRequestsDuringMaintenance->handle(Object(Illuminate\\Http\\Request), Object(Closure))
#34 /Users/lkmdigital/monbeaupays.com/backend/vendor/laravel/framework/src/Illuminate/Http/Middleware/HandleCors.php(62): Illuminate\\Pipeline\\Pipeline->{closure:{closure:Illuminate\\Pipeline\\Pipeline::carry():184}:185}(Object(Illuminate\\Http\\Request))
#35 /Users/lkmdigital/monbeaupays.com/backend/vendor/laravel/framework/src/Illuminate/Pipeline/Pipeline.php(209): Illuminate\\Http\\Middleware\\HandleCors->handle(Object(Illuminate\\Http\\Request), Object(Closure))
#36 /Users/lkmdigital/monbeaupays.com/backend/vendor/laravel/framework/src/Illuminate/Http/Middleware/TrustProxies.php(58): Illuminate\\Pipeline\\Pipeline->{closure:{closure:Illuminate\\Pipeline\\Pipeline::carry():184}:185}(Object(Illuminate\\Http\\Request))
#37 /Users/lkmdigital/monbeaupays.com/backend/vendor/laravel/framework/src/Illuminate/Pipeline/Pipeline.php(209): Illuminate\\Http\\Middleware\\TrustProxies->handle(Object(Illuminate\\Http\\Request), Object(Closure))
#38 /Users/lkmdigital/monbeaupays.com/backend/vendor/laravel/framework/src/Illuminate/Foundation/Http/Middleware/InvokeDeferredCallbacks.php(22): Illuminate\\Pipeline\\Pipeline->{closure:{closure:Illuminate\\Pipeline\\Pipeline::carry():184}:185}(Object(Illuminate\\Http\\Request))
#39 /Users/lkmdigital/monbeaupays.com/backend/vendor/laravel/framework/src/Illuminate/Pipeline/Pipeline.php(209): Illuminate\\Foundation\\Http\\Middleware\\InvokeDeferredCallbacks->handle(Object(Illuminate\\Http\\Request), Object(Closure))
#40 /Users/lkmdigital/monbeaupays.com/backend/vendor/laravel/framework/src/Illuminate/Pipeline/Pipeline.php(127): Illuminate\\Pipeline\\Pipeline->{closure:{closure:Illuminate\\Pipeline\\Pipeline::carry():184}:185}(Object(Illuminate\\Http\\Request))
#41 /Users/lkmdigital/monbeaupays.com/backend/vendor/laravel/framework/src/Illuminate/Foundation/Http/Kernel.php(176): Illuminate\\Pipeline\\Pipeline->then(Object(Closure))
#42 /Users/lkmdigital/monbeaupays.com/backend/vendor/laravel/framework/src/Illuminate/Foundation/Http/Kernel.php(145): Illuminate\\Foundation\\Http\\Kernel->sendRequestThroughRouter(Object(Illuminate\\Http\\Request))
#43 /Users/lkmdigital/monbeaupays.com/backend/public/index.php(17): Illuminate\\Foundation\\Http\\Kernel->handle(Object(Illuminate\\Http\\Request))
#44 /Users/lkmdigital/monbeaupays.com/backend/vendor/laravel/framework/src/Illuminate/Foundation/resources/server.php(23): require_once('/Users/lkmdigit...')
#45 {main}
"} 
[2025-11-10 16:45:47] local.ERROR: Call to undefined method App\Http\Controllers\AnalyticsController::middleware() {"userId":2,"exception":"[object] (Error(code: 0): Call to undefined method App\\Http\\Controllers\\AnalyticsController::middleware() at /Users/lkmdigital/monbeaupays.com/backend/app/Http/Controllers/AnalyticsController.php:17)
[stacktrace]
#0 [internal function]: App\\Http\\Controllers\\AnalyticsController->__construct()
#1 /Users/lkmdigital/monbeaupays.com/backend/vendor/laravel/framework/src/Illuminate/Container/Container.php(1004): ReflectionClass->newInstanceArgs(Array)
#2 /Users/lkmdigital/monbeaupays.com/backend/vendor/laravel/framework/src/Illuminate/Container/Container.php(832): Illuminate\\Container\\Container->build('App\\\\Http\\\\Contro...')
#3 /Users/lkmdigital/monbeaupays.com/backend/vendor/laravel/framework/src/Illuminate/Foundation/Application.php(1078): Illuminate\\Container\\Container->resolve('App\\\\Http\\\\Contro...', Array, true)
#4 /Users/lkmdigital/monbeaupays.com/backend/vendor/laravel/framework/src/Illuminate/Container/Container.php(763): Illuminate\\Foundation\\Application->resolve('App\\\\Http\\\\Contro...', Array)
#5 /Users/lkmdigital/monbeaupays.com/backend/vendor/laravel/framework/src/Illuminate/Foundation/Application.php(1058): Illuminate\\Container\\Container->make('App\\\\Http\\\\Contro...', Array)
#6 /Users/lkmdigital/monbeaupays.com/backend/vendor/laravel/framework/src/Illuminate/Routing/Route.php(285): Illuminate\\Foundation\\Application->make('App\\\\Http\\\\Contro...')
#7 /Users/lkmdigital/monbeaupays.com/backend/vendor/laravel/framework/src/Illuminate/Routing/Route.php(267): Illuminate\\Routing\\Route->getController()
#8 /Users/lkmdigital/monbeaupays.com/backend/vendor/laravel/framework/src/Illuminate/Routing/Route.php(212): Illuminate\\Routing\\Route->runController()
#9 /Users/lkmdigital/monbeaupays.com/backend/vendor/laravel/framework/src/Illuminate/Routing/Router.php(808): Illuminate\\Routing\\Route->run()
#10 /Users/lkmdigital/monbeaupays.com/backend/vendor/laravel/framework/src/Illuminate/Pipeline/Pipeline.php(170): Illuminate\\Routing\\Router->{closure:Illuminate\\Routing\\Router::runRouteWithinStack():807}(Object(Illuminate\\Http\\Request))
#11 /Users/lkmdigital/monbeaupays.com/backend/app/Http/Middleware/RoleMiddleware.php(27): Illuminate\\Pipeline\\Pipeline->{closure:Illuminate\\Pipeline\\Pipeline::prepareDestination():168}(Object(Illuminate\\Http\\Request))
#12 /Users/lkmdigital/monbeaupays.com/backend/vendor/laravel/framework/src/Illuminate/Pipeline/Pipeline.php(209): App\\Http\\Middleware\\RoleMiddleware->handle(Object(Illuminate\\Http\\Request), Object(Closure), 'host')
#13 /Users/lkmdigital/monbeaupays.com/backend/vendor/laravel/framework/src/Illuminate/Routing/Middleware/SubstituteBindings.php(51): Illuminate\\Pipeline\\Pipeline->{closure:{closure:Illuminate\\Pipeline\\Pipeline::carry():184}:185}(Object(Illuminate\\Http\\Request))
#14 /Users/lkmdigital/monbeaupays.com/backend/vendor/laravel/framework/src/Illuminate/Pipeline/Pipeline.php(209): Illuminate\\Routing\\Middleware\\SubstituteBindings->handle(Object(Illuminate\\Http\\Request), Object(Closure))
#15 /Users/lkmdigital/monbeaupays.com/backend/vendor/laravel/framework/src/Illuminate/Auth/Middleware/Authenticate.php(64): Illuminate\\Pipeline\\Pipeline->{closure:{closure:Illuminate\\Pipeline\\Pipeline::carry():184}:185}(Object(Illuminate\\Http\\Request))
#16 /Users/lkmdigital/monbeaupays.com/backend/vendor/laravel/framework/src/Illuminate/Pipeline/Pipeline.php(209): Illuminate\\Auth\\Middleware\\Authenticate->handle(Object(Illuminate\\Http\\Request), Object(Closure), 'sanctum')
#17 /Users/lkmdigital/monbeaupays.com/backend/vendor/laravel/framework/src/Illuminate/Pipeline/Pipeline.php(127): Illuminate\\Pipeline\\Pipeline->{closure:{closure:Illuminate\\Pipeline\\Pipeline::carry():184}:185}(Object(Illuminate\\Http\\Request))
#18 /Users/lkmdigital/monbeaupays.com/backend/vendor/laravel/framework/src/Illuminate/Routing/Router.php(807): Illuminate\\Pipeline\\Pipeline->then(Object(Closure))
#19 /Users/lkmdigital/monbeaupays.com/backend/vendor/laravel/framework/src/Illuminate/Routing/Router.php(786): Illuminate\\Routing\\Router->runRouteWithinStack(Object(Illuminate\\Routing\\Route), Object(Illuminate\\Http\\Request))
#20 /Users/lkmdigital/monbeaupays.com/backend/vendor/laravel/framework/src/Illuminate/Routing/Router.php(750): Illuminate\\Routing\\Router->runRoute(Object(Illuminate\\Http\\Request), Object(Illuminate\\Routing\\Route))
#21 /Users/lkmdigital/monbeaupays.com/backend/vendor/laravel/framework/src/Illuminate/Routing/Router.php(739): Illuminate\\Routing\\Router->dispatchToRoute(Object(Illuminate\\Http\\Request))
#22 /Users/lkmdigital/monbeaupays.com/backend/vendor/laravel/framework/src/Illuminate/Foundation/Http/Kernel.php(201): Illuminate\\Routing\\Router->dispatch(Object(Illuminate\\Http\\Request))
#23 /Users/lkmdigital/monbeaupays.com/backend/vendor/laravel/framework/src/Illuminate/Pipeline/Pipeline.php(170): Illuminate\\Foundation\\Http\\Kernel->{closure:Illuminate\\Foundation\\Http\\Kernel::dispatchToRouter():198}(Object(Illuminate\\Http\\Request))
#24 /Users/lkmdigital/monbeaupays.com/backend/vendor/laravel/framework/src/Illuminate/Foundation/Http/Middleware/TransformsRequest.php(21): Illuminate\\Pipeline\\Pipeline->{closure:Illuminate\\Pipeline\\Pipeline::prepareDestination():168}(Object(Illuminate\\Http\\Request))
#25 /Users/lkmdigital/monbeaupays.com/backend/vendor/laravel/framework/src/Illuminate/Foundation/Http/Middleware/ConvertEmptyStringsToNull.php(31): Illuminate\\Foundation\\Http\\Middleware\\TransformsRequest->handle(Object(Illuminate\\Http\\Request), Object(Closure))
#26 /Users/lkmdigital/monbeaupays.com/backend/vendor/laravel/framework/src/Illuminate/Pipeline/Pipeline.php(209): Illuminate\\Foundation\\Http\\Middleware\\ConvertEmptyStringsToNull->handle(Object(Illuminate\\Http\\Request), Object(Closure))
#27 /Users/lkmdigital/monbeaupays.com/backend/vendor/laravel/framework/src/Illuminate/Foundation/Http/Middleware/TransformsRequest.php(21): Illuminate\\Pipeline\\Pipeline->{closure:{closure:Illuminate\\Pipeline\\Pipeline::carry():184}:185}(Object(Illuminate\\Http\\Request))
#28 /Users/lkmdigital/monbeaupays.com/backend/vendor/laravel/framework/src/Illuminate/Foundation/Http/Middleware/TrimStrings.php(51): Illuminate\\Foundation\\Http\\Middleware\\TransformsRequest->handle(Object(Illuminate\\Http\\Request), Object(Closure))
#29 /Users/lkmdigital/monbeaupays.com/backend/vendor/laravel/framework/src/Illuminate/Pipeline/Pipeline.php(209): Illuminate\\Foundation\\Http\\Middleware\\TrimStrings->handle(Object(Illuminate\\Http\\Request), Object(Closure))
#30 /Users/lkmdigital/monbeaupays.com/backend/vendor/laravel/framework/src/Illuminate/Http/Middleware/ValidatePostSize.php(27): Illuminate\\Pipeline\\Pipeline->{closure:{closure:Illuminate\\Pipeline\\Pipeline::carry():184}:185}(Object(Illuminate\\Http\\Request))
#31 /Users/lkmdigital/monbeaupays.com/backend/vendor/laravel/framework/src/Illuminate/Pipeline/Pipeline.php(209): Illuminate\\Http\\Middleware\\ValidatePostSize->handle(Object(Illuminate\\Http\\Request), Object(Closure))
#32 /Users/lkmdigital/monbeaupays.com/backend/vendor/laravel/framework/src/Illuminate/Foundation/Http/Middleware/PreventRequestsDuringMaintenance.php(110): Illuminate\\Pipeline\\Pipeline->{closure:{closure:Illuminate\\Pipeline\\Pipeline::carry():184}:185}(Object(Illuminate\\Http\\Request))
#33 /Users/lkmdigital/monbeaupays.com/backend/vendor/laravel/framework/src/Illuminate/Pipeline/Pipeline.php(209): Illuminate\\Foundation\\Http\\Middleware\\PreventRequestsDuringMaintenance->handle(Object(Illuminate\\Http\\Request), Object(Closure))
#34 /Users/lkmdigital/monbeaupays.com/backend/vendor/laravel/framework/src/Illuminate/Http/Middleware/HandleCors.php(62): Illuminate\\Pipeline\\Pipeline->{closure:{closure:Illuminate\\Pipeline\\Pipeline::carry():184}:185}(Object(Illuminate\\Http\\Request))
#35 /Users/lkmdigital/monbeaupays.com/backend/vendor/laravel/framework/src/Illuminate/Pipeline/Pipeline.php(209): Illuminate\\Http\\Middleware\\HandleCors->handle(Object(Illuminate\\Http\\Request), Object(Closure))
#36 /Users/lkmdigital/monbeaupays.com/backend/vendor/laravel/framework/src/Illuminate/Http/Middleware/TrustProxies.php(58): Illuminate\\Pipeline\\Pipeline->{closure:{closure:Illuminate\\Pipeline\\Pipeline::carry():184}:185}(Object(Illuminate\\Http\\Request))
#37 /Users/lkmdigital/monbeaupays.com/backend/vendor/laravel/framework/src/Illuminate/Pipeline/Pipeline.php(209): Illuminate\\Http\\Middleware\\TrustProxies->handle(Object(Illuminate\\Http\\Request), Object(Closure))
#38 /Users/lkmdigital/monbeaupays.com/backend/vendor/laravel/framework/src/Illuminate/Foundation/Http/Middleware/InvokeDeferredCallbacks.php(22): Illuminate\\Pipeline\\Pipeline->{closure:{closure:Illuminate\\Pipeline\\Pipeline::carry():184}:185}(Object(Illuminate\\Http\\Request))
#39 /Users/lkmdigital/monbeaupays.com/backend/vendor/laravel/framework/src/Illuminate/Pipeline/Pipeline.php(209): Illuminate\\Foundation\\Http\\Middleware\\InvokeDeferredCallbacks->handle(Object(Illuminate\\Http\\Request), Object(Closure))
#40 /Users/lkmdigital/monbeaupays.com/backend/vendor/laravel/framework/src/Illuminate/Pipeline/Pipeline.php(127): Illuminate\\Pipeline\\Pipeline->{closure:{closure:Illuminate\\Pipeline\\Pipeline::carry():184}:185}(Object(Illuminate\\Http\\Request))
#41 /Users/lkmdigital/monbeaupays.com/backend/vendor/laravel/framework/src/Illuminate/Foundation/Http/Kernel.php(176): Illuminate\\Pipeline\\Pipeline->then(Object(Closure))
#42 /Users/lkmdigital/monbeaupays.com/backend/vendor/laravel/framework/src/Illuminate/Foundation/Http/Kernel.php(145): Illuminate\\Foundation\\Http\\Kernel->sendRequestThroughRouter(Object(Illuminate\\Http\\Request))
#43 /Users/lkmdigital/monbeaupays.com/backend/public/index.php(17): Illuminate\\Foundation\\Http\\Kernel->handle(Object(Illuminate\\Http\\Request))
#44 /Users/lkmdigital/monbeaupays.com/backend/vendor/laravel/framework/src/Illuminate/Foundation/resources/server.php(23): require_once('/Users/lkmdigit...')
#45 {main}
"} 
[2025-11-11 09:21:32] local.ERROR: SQLSTATE[01000]: Warning: 1265 Data truncated for column 'status' at row 1 (Connection: mysql, SQL: update `accommodations` set `status` = unavailable, `accommodations`.`updated_at` = 2025-11-11 09:21:32 where `id` = 1) {"userId":2,"exception":"[object] (Illuminate\\Database\\QueryException(code: 01000): SQLSTATE[01000]: Warning: 1265 Data truncated for column 'status' at row 1 (Connection: mysql, SQL: update `accommodations` set `status` = unavailable, `accommodations`.`updated_at` = 2025-11-11 09:21:32 where `id` = 1) at /Users/lkmdigital/monbeaupays.com/backend/vendor/laravel/framework/src/Illuminate/Database/Connection.php:825)
[stacktrace]
#0 /Users/lkmdigital/monbeaupays.com/backend/vendor/laravel/framework/src/Illuminate/Database/Connection.php(779): Illuminate\\Database\\Connection->runQueryCallback('update `accommo...', Array, Object(Closure))
#1 /Users/lkmdigital/monbeaupays.com/backend/vendor/laravel/framework/src/Illuminate/Database/Connection.php(584): Illuminate\\Database\\Connection->run('update `accommo...', Array, Object(Closure))
#2 /Users/lkmdigital/monbeaupays.com/backend/vendor/laravel/framework/src/Illuminate/Database/Connection.php(536): Illuminate\\Database\\Connection->affectingStatement('update `accommo...', Array)
#3 /Users/lkmdigital/monbeaupays.com/backend/vendor/laravel/framework/src/Illuminate/Database/Query/Builder.php(3830): Illuminate\\Database\\Connection->update('update `accommo...', Array)
#4 /Users/lkmdigital/monbeaupays.com/backend/vendor/laravel/framework/src/Illuminate/Database/Eloquent/Builder.php(1175): Illuminate\\Database\\Query\\Builder->update(Object(Illuminate\\Support\\Collection))
#5 /Users/lkmdigital/monbeaupays.com/backend/vendor/laravel/framework/src/Illuminate/Database/Eloquent/Model.php(1239): Illuminate\\Database\\Eloquent\\Builder->update(Array)
#6 /Users/lkmdigital/monbeaupays.com/backend/vendor/laravel/framework/src/Illuminate/Database/Eloquent/Model.php(1156): Illuminate\\Database\\Eloquent\\Model->performUpdate(Object(Illuminate\\Database\\Eloquent\\Builder))
#7 /Users/lkmdigital/monbeaupays.com/backend/vendor/laravel/framework/src/Illuminate/Database/Eloquent/Model.php(1014): Illuminate\\Database\\Eloquent\\Model->save(Array)
#8 /Users/lkmdigital/monbeaupays.com/backend/app/Http/Controllers/AccommodationController.php(164): Illuminate\\Database\\Eloquent\\Model->update(Array)
#9 /Users/lkmdigital/monbeaupays.com/backend/vendor/laravel/framework/src/Illuminate/Routing/ControllerDispatcher.php(47): App\\Http\\Controllers\\AccommodationController->update(Object(Illuminate\\Http\\Request), '1')
#10 /Users/lkmdigital/monbeaupays.com/backend/vendor/laravel/framework/src/Illuminate/Routing/Route.php(266): Illuminate\\Routing\\ControllerDispatcher->dispatch(Object(Illuminate\\Routing\\Route), Object(App\\Http\\Controllers\\AccommodationController), 'update')
#11 /Users/lkmdigital/monbeaupays.com/backend/vendor/laravel/framework/src/Illuminate/Routing/Route.php(212): Illuminate\\Routing\\Route->runController()
#12 /Users/lkmdigital/monbeaupays.com/backend/vendor/laravel/framework/src/Illuminate/Routing/Router.php(808): Illuminate\\Routing\\Route->run()
#13 /Users/lkmdigital/monbeaupays.com/backend/vendor/laravel/framework/src/Illuminate/Pipeline/Pipeline.php(170): Illuminate\\Routing\\Router->{closure:Illuminate\\Routing\\Router::runRouteWithinStack():807}(Object(Illuminate\\Http\\Request))
#14 /Users/lkmdigital/monbeaupays.com/backend/app/Http/Middleware/RoleMiddleware.php(27): Illuminate\\Pipeline\\Pipeline->{closure:Illuminate\\Pipeline\\Pipeline::prepareDestination():168}(Object(Illuminate\\Http\\Request))
#15 /Users/lkmdigital/monbeaupays.com/backend/vendor/laravel/framework/src/Illuminate/Pipeline/Pipeline.php(209): App\\Http\\Middleware\\RoleMiddleware->handle(Object(Illuminate\\Http\\Request), Object(Closure), 'host')
#16 /Users/lkmdigital/monbeaupays.com/backend/vendor/laravel/framework/src/Illuminate/Routing/Middleware/SubstituteBindings.php(51): Illuminate\\Pipeline\\Pipeline->{closure:{closure:Illuminate\\Pipeline\\Pipeline::carry():184}:185}(Object(Illuminate\\Http\\Request))
#17 /Users/lkmdigital/monbeaupays.com/backend/vendor/laravel/framework/src/Illuminate/Pipeline/Pipeline.php(209): Illuminate\\Routing\\Middleware\\SubstituteBindings->handle(Object(Illuminate\\Http\\Request), Object(Closure))
#18 /Users/lkmdigital/monbeaupays.com/backend/vendor/laravel/framework/src/Illuminate/Auth/Middleware/Authenticate.php(64): Illuminate\\Pipeline\\Pipeline->{closure:{closure:Illuminate\\Pipeline\\Pipeline::carry():184}:185}(Object(Illuminate\\Http\\Request))
#19 /Users/lkmdigital/monbeaupays.com/backend/vendor/laravel/framework/src/Illuminate/Pipeline/Pipeline.php(209): Illuminate\\Auth\\Middleware\\Authenticate->handle(Object(Illuminate\\Http\\Request), Object(Closure), 'sanctum')
#20 /Users/lkmdigital/monbeaupays.com/backend/vendor/laravel/framework/src/Illuminate/Pipeline/Pipeline.php(127): Illuminate\\Pipeline\\Pipeline->{closure:{closure:Illuminate\\Pipeline\\Pipeline::carry():184}:185}(Object(Illuminate\\Http\\Request))
#21 /Users/lkmdigital/monbeaupays.com/backend/vendor/laravel/framework/src/Illuminate/Routing/Router.php(807): Illuminate\\Pipeline\\Pipeline->then(Object(Closure))
#22 /Users/lkmdigital/monbeaupays.com/backend/vendor/laravel/framework/src/Illuminate/Routing/Router.php(786): Illuminate\\Routing\\Router->runRouteWithinStack(Object(Illuminate\\Routing\\Route), Object(Illuminate\\Http\\Request))
#23 /Users/lkmdigital/monbeaupays.com/backend/vendor/laravel/framework/src/Illuminate/Routing/Router.php(750): Illuminate\\Routing\\Router->runRoute(Object(Illuminate\\Http\\Request), Object(Illuminate\\Routing\\Route))
#24 /Users/lkmdigital/monbeaupays.com/backend/vendor/laravel/framework/src/Illuminate/Routing/Router.php(739): Illuminate\\Routing\\Router->dispatchToRoute(Object(Illuminate\\Http\\Request))
#25 /Users/lkmdigital/monbeaupays.com/backend/vendor/laravel/framework/src/Illuminate/Foundation/Http/Kernel.php(201): Illuminate\\Routing\\Router->dispatch(Object(Illuminate\\Http\\Request))
#26 /Users/lkmdigital/monbeaupays.com/backend/vendor/laravel/framework/src/Illuminate/Pipeline/Pipeline.php(170): Illuminate\\Foundation\\Http\\Kernel->{closure:Illuminate\\Foundation\\Http\\Kernel::dispatchToRouter():198}(Object(Illuminate\\Http\\Request))
#27 /Users/lkmdigital/monbeaupays.com/backend/vendor/laravel/framework/src/Illuminate/Foundation/Http/Middleware/TransformsRequest.php(21): Illuminate\\Pipeline\\Pipeline->{closure:Illuminate\\Pipeline\\Pipeline::prepareDestination():168}(Object(Illuminate\\Http\\Request))
#28 /Users/lkmdigital/monbeaupays.com/backend/vendor/laravel/framework/src/Illuminate/Foundation/Http/Middleware/ConvertEmptyStringsToNull.php(31): Illuminate\\Foundation\\Http\\Middleware\\TransformsRequest->handle(Object(Illuminate\\Http\\Request), Object(Closure))
#29 /Users/lkmdigital/monbeaupays.com/backend/vendor/laravel/framework/src/Illuminate/Pipeline/Pipeline.php(209): Illuminate\\Foundation\\Http\\Middleware\\ConvertEmptyStringsToNull->handle(Object(Illuminate\\Http\\Request), Object(Closure))
#30 /Users/lkmdigital/monbeaupays.com/backend/vendor/laravel/framework/src/Illuminate/Foundation/Http/Middleware/TransformsRequest.php(21): Illuminate\\Pipeline\\Pipeline->{closure:{closure:Illuminate\\Pipeline\\Pipeline::carry():184}:185}(Object(Illuminate\\Http\\Request))
#31 /Users/lkmdigital/monbeaupays.com/backend/vendor/laravel/framework/src/Illuminate/Foundation/Http/Middleware/TrimStrings.php(51): Illuminate\\Foundation\\Http\\Middleware\\TransformsRequest->handle(Object(Illuminate\\Http\\Request), Object(Closure))
#32 /Users/lkmdigital/monbeaupays.com/backend/vendor/laravel/framework/src/Illuminate/Pipeline/Pipeline.php(209): Illuminate\\Foundation\\Http\\Middleware\\TrimStrings->handle(Object(Illuminate\\Http\\Request), Object(Closure))
#33 /Users/lkmdigital/monbeaupays.com/backend/vendor/laravel/framework/src/Illuminate/Http/Middleware/ValidatePostSize.php(27): Illuminate\\Pipeline\\Pipeline->{closure:{closure:Illuminate\\Pipeline\\Pipeline::carry():184}:185}(Object(Illuminate\\Http\\Request))
#34 /Users/lkmdigital/monbeaupays.com/backend/vendor/laravel/framework/src/Illuminate/Pipeline/Pipeline.php(209): Illuminate\\Http\\Middleware\\ValidatePostSize->handle(Object(Illuminate\\Http\\Request), Object(Closure))
#35 /Users/lkmdigital/monbeaupays.com/backend/vendor/laravel/framework/src/Illuminate/Foundation/Http/Middleware/PreventRequestsDuringMaintenance.php(110): Illuminate\\Pipeline\\Pipeline->{closure:{closure:Illuminate\\Pipeline\\Pipeline::carry():184}:185}(Object(Illuminate\\Http\\Request))
#36 /Users/lkmdigital/monbeaupays.com/backend/vendor/laravel/framework/src/Illuminate/Pipeline/Pipeline.php(209): Illuminate\\Foundation\\Http\\Middleware\\PreventRequestsDuringMaintenance->handle(Object(Illuminate\\Http\\Request), Object(Closure))
#37 /Users/lkmdigital/monbeaupays.com/backend/vendor/laravel/framework/src/Illuminate/Http/Middleware/HandleCors.php(62): Illuminate\\Pipeline\\Pipeline->{closure:{closure:Illuminate\\Pipeline\\Pipeline::carry():184}:185}(Object(Illuminate\\Http\\Request))
#38 /Users/lkmdigital/monbeaupays.com/backend/vendor/laravel/framework/src/Illuminate/Pipeline/Pipeline.php(209): Illuminate\\Http\\Middleware\\HandleCors->handle(Object(Illuminate\\Http\\Request), Object(Closure))
#39 /Users/lkmdigital/monbeaupays.com/backend/vendor/laravel/framework/src/Illuminate/Http/Middleware/TrustProxies.php(58): Illuminate\\Pipeline\\Pipeline->{closure:{closure:Illuminate\\Pipeline\\Pipeline::carry():184}:185}(Object(Illuminate\\Http\\Request))
#40 /Users/lkmdigital/monbeaupays.com/backend/vendor/laravel/framework/src/Illuminate/Pipeline/Pipeline.php(209): Illuminate\\Http\\Middleware\\TrustProxies->handle(Object(Illuminate\\Http\\Request), Object(Closure))
#41 /Users/lkmdigital/monbeaupays.com/backend/vendor/laravel/framework/src/Illuminate/Foundation/Http/Middleware/InvokeDeferredCallbacks.php(22): Illuminate\\Pipeline\\Pipeline->{closure:{closure:Illuminate\\Pipeline\\Pipeline::carry():184}:185}(Object(Illuminate\\Http\\Request))
#42 /Users/lkmdigital/monbeaupays.com/backend/vendor/laravel/framework/src/Illuminate/Pipeline/Pipeline.php(209): Illuminate\\Foundation\\Http\\Middleware\\InvokeDeferredCallbacks->handle(Object(Illuminate\\Http\\Request), Object(Closure))
#43 /Users/lkmdigital/monbeaupays.com/backend/vendor/laravel/framework/src/Illuminate/Pipeline/Pipeline.php(127): Illuminate\\Pipeline\\Pipeline->{closure:{closure:Illuminate\\Pipeline\\Pipeline::carry():184}:185}(Object(Illuminate\\Http\\Request))
#44 /Users/lkmdigital/monbeaupays.com/backend/vendor/laravel/framework/src/Illuminate/Foundation/Http/Kernel.php(176): Illuminate\\Pipeline\\Pipeline->then(Object(Closure))
#45 /Users/lkmdigital/monbeaupays.com/backend/vendor/laravel/framework/src/Illuminate/Foundation/Http/Kernel.php(145): Illuminate\\Foundation\\Http\\Kernel->sendRequestThroughRouter(Object(Illuminate\\Http\\Request))
#46 /Users/lkmdigital/monbeaupays.com/backend/public/index.php(17): Illuminate\\Foundation\\Http\\Kernel->handle(Object(Illuminate\\Http\\Request))
#47 /Users/lkmdigital/monbeaupays.com/backend/vendor/laravel/framework/src/Illuminate/Foundation/resources/server.php(23): require_once('/Users/lkmdigit...')
#48 {main}

[previous exception] [object] (PDOException(code: 01000): SQLSTATE[01000]: Warning: 1265 Data truncated for column 'status' at row 1 at /Users/lkmdigital/monbeaupays.com/backend/vendor/laravel/framework/src/Illuminate/Database/Connection.php:596)
[stacktrace]
#0 /Users/lkmdigital/monbeaupays.com/backend/vendor/laravel/framework/src/Illuminate/Database/Connection.php(596): PDOStatement->execute()
#1 /Users/lkmdigital/monbeaupays.com/backend/vendor/laravel/framework/src/Illuminate/Database/Connection.php(812): Illuminate\\Database\\Connection->{closure:Illuminate\\Database\\Connection::affectingStatement():584}('update `accommo...', Array)
#2 /Users/lkmdigital/monbeaupays.com/backend/vendor/laravel/framework/src/Illuminate/Database/Connection.php(779): Illuminate\\Database\\Connection->runQueryCallback('update `accommo...', Array, Object(Closure))
#3 /Users/lkmdigital/monbeaupays.com/backend/vendor/laravel/framework/src/Illuminate/Database/Connection.php(584): Illuminate\\Database\\Connection->run('update `accommo...', Array, Object(Closure))
#4 /Users/lkmdigital/monbeaupays.com/backend/vendor/laravel/framework/src/Illuminate/Database/Connection.php(536): Illuminate\\Database\\Connection->affectingStatement('update `accommo...', Array)
#5 /Users/lkmdigital/monbeaupays.com/backend/vendor/laravel/framework/src/Illuminate/Database/Query/Builder.php(3830): Illuminate\\Database\\Connection->update('update `accommo...', Array)
#6 /Users/lkmdigital/monbeaupays.com/backend/vendor/laravel/framework/src/Illuminate/Database/Eloquent/Builder.php(1175): Illuminate\\Database\\Query\\Builder->update(Object(Illuminate\\Support\\Collection))
#7 /Users/lkmdigital/monbeaupays.com/backend/vendor/laravel/framework/src/Illuminate/Database/Eloquent/Model.php(1239): Illuminate\\Database\\Eloquent\\Builder->update(Array)
#8 /Users/lkmdigital/monbeaupays.com/backend/vendor/laravel/framework/src/Illuminate/Database/Eloquent/Model.php(1156): Illuminate\\Database\\Eloquent\\Model->performUpdate(Object(Illuminate\\Database\\Eloquent\\Builder))
#9 /Users/lkmdigital/monbeaupays.com/backend/vendor/laravel/framework/src/Illuminate/Database/Eloquent/Model.php(1014): Illuminate\\Database\\Eloquent\\Model->save(Array)
#10 /Users/lkmdigital/monbeaupays.com/backend/app/Http/Controllers/AccommodationController.php(164): Illuminate\\Database\\Eloquent\\Model->update(Array)
#11 /Users/lkmdigital/monbeaupays.com/backend/vendor/laravel/framework/src/Illuminate/Routing/ControllerDispatcher.php(47): App\\Http\\Controllers\\AccommodationController->update(Object(Illuminate\\Http\\Request), '1')
#12 /Users/lkmdigital/monbeaupays.com/backend/vendor/laravel/framework/src/Illuminate/Routing/Route.php(266): Illuminate\\Routing\\ControllerDispatcher->dispatch(Object(Illuminate\\Routing\\Route), Object(App\\Http\\Controllers\\AccommodationController), 'update')
#13 /Users/lkmdigital/monbeaupays.com/backend/vendor/laravel/framework/src/Illuminate/Routing/Route.php(212): Illuminate\\Routing\\Route->runController()
#14 /Users/lkmdigital/monbeaupays.com/backend/vendor/laravel/framework/src/Illuminate/Routing/Router.php(808): Illuminate\\Routing\\Route->run()
#15 /Users/lkmdigital/monbeaupays.com/backend/vendor/laravel/framework/src/Illuminate/Pipeline/Pipeline.php(170): Illuminate\\Routing\\Router->{closure:Illuminate\\Routing\\Router::runRouteWithinStack():807}(Object(Illuminate\\Http\\Request))
#16 /Users/lkmdigital/monbeaupays.com/backend/app/Http/Middleware/RoleMiddleware.php(27): Illuminate\\Pipeline\\Pipeline->{closure:Illuminate\\Pipeline\\Pipeline::prepareDestination():168}(Object(Illuminate\\Http\\Request))
#17 /Users/lkmdigital/monbeaupays.com/backend/vendor/laravel/framework/src/Illuminate/Pipeline/Pipeline.php(209): App\\Http\\Middleware\\RoleMiddleware->handle(Object(Illuminate\\Http\\Request), Object(Closure), 'host')
#18 /Users/lkmdigital/monbeaupays.com/backend/vendor/laravel/framework/src/Illuminate/Routing/Middleware/SubstituteBindings.php(51): Illuminate\\Pipeline\\Pipeline->{closure:{closure:Illuminate\\Pipeline\\Pipeline::carry():184}:185}(Object(Illuminate\\Http\\Request))
#19 /Users/lkmdigital/monbeaupays.com/backend/vendor/laravel/framework/src/Illuminate/Pipeline/Pipeline.php(209): Illuminate\\Routing\\Middleware\\SubstituteBindings->handle(Object(Illuminate\\Http\\Request), Object(Closure))
#20 /Users/lkmdigital/monbeaupays.com/backend/vendor/laravel/framework/src/Illuminate/Auth/Middleware/Authenticate.php(64): Illuminate\\Pipeline\\Pipeline->{closure:{closure:Illuminate\\Pipeline\\Pipeline::carry():184}:185}(Object(Illuminate\\Http\\Request))
#21 /Users/lkmdigital/monbeaupays.com/backend/vendor/laravel/framework/src/Illuminate/Pipeline/Pipeline.php(209): Illuminate\\Auth\\Middleware\\Authenticate->handle(Object(Illuminate\\Http\\Request), Object(Closure), 'sanctum')
#22 /Users/lkmdigital/monbeaupays.com/backend/vendor/laravel/framework/src/Illuminate/Pipeline/Pipeline.php(127): Illuminate\\Pipeline\\Pipeline->{closure:{closure:Illuminate\\Pipeline\\Pipeline::carry():184}:185}(Object(Illuminate\\Http\\Request))
#23 /Users/lkmdigital/monbeaupays.com/backend/vendor/laravel/framework/src/Illuminate/Routing/Router.php(807): Illuminate\\Pipeline\\Pipeline->then(Object(Closure))
#24 /Users/lkmdigital/monbeaupays.com/backend/vendor/laravel/framework/src/Illuminate/Routing/Router.php(786): Illuminate\\Routing\\Router->runRouteWithinStack(Object(Illuminate\\Routing\\Route), Object(Illuminate\\Http\\Request))
#25 /Users/lkmdigital/monbeaupays.com/backend/vendor/laravel/framework/src/Illuminate/Routing/Router.php(750): Illuminate\\Routing\\Router->runRoute(Object(Illuminate\\Http\\Request), Object(Illuminate\\Routing\\Route))
#26 /Users/lkmdigital/monbeaupays.com/backend/vendor/laravel/framework/src/Illuminate/Routing/Router.php(739): Illuminate\\Routing\\Router->dispatchToRoute(Object(Illuminate\\Http\\Request))
#27 /Users/lkmdigital/monbeaupays.com/backend/vendor/laravel/framework/src/Illuminate/Foundation/Http/Kernel.php(201): Illuminate\\Routing\\Router->dispatch(Object(Illuminate\\Http\\Request))
#28 /Users/lkmdigital/monbeaupays.com/backend/vendor/laravel/framework/src/Illuminate/Pipeline/Pipeline.php(170): Illuminate\\Foundation\\Http\\Kernel->{closure:Illuminate\\Foundation\\Http\\Kernel::dispatchToRouter():198}(Object(Illuminate\\Http\\Request))
#29 /Users/lkmdigital/monbeaupays.com/backend/vendor/laravel/framework/src/Illuminate/Foundation/Http/Middleware/TransformsRequest.php(21): Illuminate\\Pipeline\\Pipeline->{closure:Illuminate\\Pipeline\\Pipeline::prepareDestination():168}(Object(Illuminate\\Http\\Request))
#30 /Users/lkmdigital/monbeaupays.com/backend/vendor/laravel/framework/src/Illuminate/Foundation/Http/Middleware/ConvertEmptyStringsToNull.php(31): Illuminate\\Foundation\\Http\\Middleware\\TransformsRequest->handle(Object(Illuminate\\Http\\Request), Object(Closure))
#31 /Users/lkmdigital/monbeaupays.com/backend/vendor/laravel/framework/src/Illuminate/Pipeline/Pipeline.php(209): Illuminate\\Foundation\\Http\\Middleware\\ConvertEmptyStringsToNull->handle(Object(Illuminate\\Http\\Request), Object(Closure))
#32 /Users/lkmdigital/monbeaupays.com/backend/vendor/laravel/framework/src/Illuminate/Foundation/Http/Middleware/TransformsRequest.php(21): Illuminate\\Pipeline\\Pipeline->{closure:{closure:Illuminate\\Pipeline\\Pipeline::carry():184}:185}(Object(Illuminate\\Http\\Request))
#33 /Users/lkmdigital/monbeaupays.com/backend/vendor/laravel/framework/src/Illuminate/Foundation/Http/Middleware/TrimStrings.php(51): Illuminate\\Foundation\\Http\\Middleware\\TransformsRequest->handle(Object(Illuminate\\Http\\Request), Object(Closure))
#34 /Users/lkmdigital/monbeaupays.com/backend/vendor/laravel/framework/src/Illuminate/Pipeline/Pipeline.php(209): Illuminate\\Foundation\\Http\\Middleware\\TrimStrings->handle(Object(Illuminate\\Http\\Request), Object(Closure))
#35 /Users/lkmdigital/monbeaupays.com/backend/vendor/laravel/framework/src/Illuminate/Http/Middleware/ValidatePostSize.php(27): Illuminate\\Pipeline\\Pipeline->{closure:{closure:Illuminate\\Pipeline\\Pipeline::carry():184}:185}(Object(Illuminate\\Http\\Request))
#36 /Users/lkmdigital/monbeaupays.com/backend/vendor/laravel/framework/src/Illuminate/Pipeline/Pipeline.php(209): Illuminate\\Http\\Middleware\\ValidatePostSize->handle(Object(Illuminate\\Http\\Request), Object(Closure))
#37 /Users/lkmdigital/monbeaupays.com/backend/vendor/laravel/framework/src/Illuminate/Foundation/Http/Middleware/PreventRequestsDuringMaintenance.php(110): Illuminate\\Pipeline\\Pipeline->{closure:{closure:Illuminate\\Pipeline\\Pipeline::carry():184}:185}(Object(Illuminate\\Http\\Request))
#38 /Users/lkmdigital/monbeaupays.com/backend/vendor/laravel/framework/src/Illuminate/Pipeline/Pipeline.php(209): Illuminate\\Foundation\\Http\\Middleware\\PreventRequestsDuringMaintenance->handle(Object(Illuminate\\Http\\Request), Object(Closure))
#39 /Users/lkmdigital/monbeaupays.com/backend/vendor/laravel/framework/src/Illuminate/Http/Middleware/HandleCors.php(62): Illuminate\\Pipeline\\Pipeline->{closure:{closure:Illuminate\\Pipeline\\Pipeline::carry():184}:185}(Object(Illuminate\\Http\\Request))
#40 /Users/lkmdigital/monbeaupays.com/backend/vendor/laravel/framework/src/Illuminate/Pipeline/Pipeline.php(209): Illuminate\\Http\\Middleware\\HandleCors->handle(Object(Illuminate\\Http\\Request), Object(Closure))
#41 /Users/lkmdigital/monbeaupays.com/backend/vendor/laravel/framework/src/Illuminate/Http/Middleware/TrustProxies.php(58): Illuminate\\Pipeline\\Pipeline->{closure:{closure:Illuminate\\Pipeline\\Pipeline::carry():184}:185}(Object(Illuminate\\Http\\Request))
#42 /Users/lkmdigital/monbeaupays.com/backend/vendor/laravel/framework/src/Illuminate/Pipeline/Pipeline.php(209): Illuminate\\Http\\Middleware\\TrustProxies->handle(Object(Illuminate\\Http\\Request), Object(Closure))
#43 /Users/lkmdigital/monbeaupays.com/backend/vendor/laravel/framework/src/Illuminate/Foundation/Http/Middleware/InvokeDeferredCallbacks.php(22): Illuminate\\Pipeline\\Pipeline->{closure:{closure:Illuminate\\Pipeline\\Pipeline::carry():184}:185}(Object(Illuminate\\Http\\Request))
#44 /Users/lkmdigital/monbeaupays.com/backend/vendor/laravel/framework/src/Illuminate/Pipeline/Pipeline.php(209): Illuminate\\Foundation\\Http\\Middleware\\InvokeDeferredCallbacks->handle(Object(Illuminate\\Http\\Request), Object(Closure))
#45 /Users/lkmdigital/monbeaupays.com/backend/vendor/laravel/framework/src/Illuminate/Pipeline/Pipeline.php(127): Illuminate\\Pipeline\\Pipeline->{closure:{closure:Illuminate\\Pipeline\\Pipeline::carry():184}:185}(Object(Illuminate\\Http\\Request))
#46 /Users/lkmdigital/monbeaupays.com/backend/vendor/laravel/framework/src/Illuminate/Foundation/Http/Kernel.php(176): Illuminate\\Pipeline\\Pipeline->then(Object(Closure))
#47 /Users/lkmdigital/monbeaupays.com/backend/vendor/laravel/framework/src/Illuminate/Foundation/Http/Kernel.php(145): Illuminate\\Foundation\\Http\\Kernel->sendRequestThroughRouter(Object(Illuminate\\Http\\Request))
#48 /Users/lkmdigital/monbeaupays.com/backend/public/index.php(17): Illuminate\\Foundation\\Http\\Kernel->handle(Object(Illuminate\\Http\\Request))
#49 /Users/lkmdigital/monbeaupays.com/backend/vendor/laravel/framework/src/Illuminate/Foundation/resources/server.php(23): require_once('/Users/lkmdigit...')
#50 {main}
"} 
[2025-11-11 09:22:16] local.ERROR: SQLSTATE[23000]: Integrity constraint violation: 1062 Duplicate entry 'admin@monbeaupays.com' for key 'users.users_email_unique' (Connection: mysql, SQL: insert into `users` (`name`, `email`, `password`, `role`, `email_verified_at`, `updated_at`, `created_at`) values (Admin, admin@monbeaupays.com, $2y$12$gzzwqkAD8Q0joRngCecjlOtTZU7veV5xk6K6wMyFxqw8ofXbHbx.q, admin, 2025-11-11 09:22:16, 2025-11-11 09:22:16, 2025-11-11 09:22:16)) {"exception":"[object] (Illuminate\\Database\\UniqueConstraintViolationException(code: 23000): SQLSTATE[23000]: Integrity constraint violation: 1062 Duplicate entry 'admin@monbeaupays.com' for key 'users.users_email_unique' (Connection: mysql, SQL: insert into `users` (`name`, `email`, `password`, `role`, `email_verified_at`, `updated_at`, `created_at`) values (Admin, admin@monbeaupays.com, $2y$12$gzzwqkAD8Q0joRngCecjlOtTZU7veV5xk6K6wMyFxqw8ofXbHbx.q, admin, 2025-11-11 09:22:16, 2025-11-11 09:22:16, 2025-11-11 09:22:16)) at /Users/lkmdigital/monbeaupays.com/backend/vendor/laravel/framework/src/Illuminate/Database/Connection.php:820)
[stacktrace]
#0 /Users/lkmdigital/monbeaupays.com/backend/vendor/laravel/framework/src/Illuminate/Database/Connection.php(779): Illuminate\\Database\\Connection->runQueryCallback('insert into `us...', Array, Object(Closure))
#1 /Users/lkmdigital/monbeaupays.com/backend/vendor/laravel/framework/src/Illuminate/Database/MySqlConnection.php(42): Illuminate\\Database\\Connection->run('insert into `us...', Array, Object(Closure))
#2 /Users/lkmdigital/monbeaupays.com/backend/vendor/laravel/framework/src/Illuminate/Database/Query/Processors/MySqlProcessor.php(35): Illuminate\\Database\\MySqlConnection->insert('insert into `us...', Array, 'id')
#3 /Users/lkmdigital/monbeaupays.com/backend/vendor/laravel/framework/src/Illuminate/Database/Query/Builder.php(3766): Illuminate\\Database\\Query\\Processors\\MySqlProcessor->processInsertGetId(Object(Illuminate\\Database\\Query\\Builder), 'insert into `us...', Array, 'id')
#4 /Users/lkmdigital/monbeaupays.com/backend/vendor/laravel/framework/src/Illuminate/Database/Eloquent/Builder.php(2120): Illuminate\\Database\\Query\\Builder->insertGetId(Array, 'id')
#5 /Users/lkmdigital/monbeaupays.com/backend/vendor/laravel/framework/src/Illuminate/Database/Eloquent/Model.php(1359): Illuminate\\Database\\Eloquent\\Builder->__call('insertGetId', Array)
#6 /Users/lkmdigital/monbeaupays.com/backend/vendor/laravel/framework/src/Illuminate/Database/Eloquent/Model.php(1324): Illuminate\\Database\\Eloquent\\Model->insertAndSetId(Object(Illuminate\\Database\\Eloquent\\Builder), Array)
#7 /Users/lkmdigital/monbeaupays.com/backend/vendor/laravel/framework/src/Illuminate/Database/Eloquent/Model.php(1163): Illuminate\\Database\\Eloquent\\Model->performInsert(Object(Illuminate\\Database\\Eloquent\\Builder))
#8 /Users/lkmdigital/monbeaupays.com/backend/vendor/laravel/framework/src/Illuminate/Database/Eloquent/Builder.php(1128): Illuminate\\Database\\Eloquent\\Model->save()
#9 /Users/lkmdigital/monbeaupays.com/backend/vendor/laravel/framework/src/Illuminate/Support/helpers.php(399): Illuminate\\Database\\Eloquent\\Builder->{closure:Illuminate\\Database\\Eloquent\\Builder::create():1127}(Object(App\\Models\\User))
#10 /Users/lkmdigital/monbeaupays.com/backend/vendor/laravel/framework/src/Illuminate/Database/Eloquent/Builder.php(1127): tap(Object(App\\Models\\User), Object(Closure))
#11 /Users/lkmdigital/monbeaupays.com/backend/vendor/laravel/framework/src/Illuminate/Support/Traits/ForwardsCalls.php(23): Illuminate\\Database\\Eloquent\\Builder->create(Array)
#12 /Users/lkmdigital/monbeaupays.com/backend/vendor/laravel/framework/src/Illuminate/Database/Eloquent/Model.php(2372): Illuminate\\Database\\Eloquent\\Model->forwardCallTo(Object(Illuminate\\Database\\Eloquent\\Builder), 'create', Array)
#13 /Users/lkmdigital/monbeaupays.com/backend/vendor/laravel/framework/src/Illuminate/Database/Eloquent/Model.php(2384): Illuminate\\Database\\Eloquent\\Model->__call('create', Array)
#14 /Users/lkmdigital/monbeaupays.com/backend/database/seeders/DatabaseSeeder.php(22): Illuminate\\Database\\Eloquent\\Model::__callStatic('create', Array)
#15 /Users/lkmdigital/monbeaupays.com/backend/vendor/laravel/framework/src/Illuminate/Container/BoundMethod.php(36): Database\\Seeders\\DatabaseSeeder->run()
#16 /Users/lkmdigital/monbeaupays.com/backend/vendor/laravel/framework/src/Illuminate/Container/Util.php(43): Illuminate\\Container\\BoundMethod::{closure:Illuminate\\Container\\BoundMethod::call():35}()
#17 /Users/lkmdigital/monbeaupays.com/backend/vendor/laravel/framework/src/Illuminate/Container/BoundMethod.php(95): Illuminate\\Container\\Util::unwrapIfClosure(Object(Closure))
#18 /Users/lkmdigital/monbeaupays.com/backend/vendor/laravel/framework/src/Illuminate/Container/BoundMethod.php(35): Illuminate\\Container\\BoundMethod::callBoundMethod(Object(Illuminate\\Foundation\\Application), Array, Object(Closure))
#19 /Users/lkmdigital/monbeaupays.com/backend/vendor/laravel/framework/src/Illuminate/Container/Container.php(696): Illuminate\\Container\\BoundMethod::call(Object(Illuminate\\Foundation\\Application), Array, Array, NULL)
#20 /Users/lkmdigital/monbeaupays.com/backend/vendor/laravel/framework/src/Illuminate/Database/Seeder.php(188): Illuminate\\Container\\Container->call(Array, Array)
#21 /Users/lkmdigital/monbeaupays.com/backend/vendor/laravel/framework/src/Illuminate/Database/Seeder.php(197): Illuminate\\Database\\Seeder->{closure:Illuminate\\Database\\Seeder::__invoke():187}()
#22 /Users/lkmdigital/monbeaupays.com/backend/vendor/laravel/framework/src/Illuminate/Database/Console/Seeds/SeedCommand.php(70): Illuminate\\Database\\Seeder->__invoke()
#23 /Users/lkmdigital/monbeaupays.com/backend/vendor/laravel/framework/src/Illuminate/Database/Eloquent/Concerns/GuardsAttributes.php(155): Illuminate\\Database\\Console\\Seeds\\SeedCommand->{closure:Illuminate\\Database\\Console\\Seeds\\SeedCommand::handle():69}()
#24 /Users/lkmdigital/monbeaupays.com/backend/vendor/laravel/framework/src/Illuminate/Database/Console/Seeds/SeedCommand.php(69): Illuminate\\Database\\Eloquent\\Model::unguarded(Object(Closure))
#25 /Users/lkmdigital/monbeaupays.com/backend/vendor/laravel/framework/src/Illuminate/Container/BoundMethod.php(36): Illuminate\\Database\\Console\\Seeds\\SeedCommand->handle()
#26 /Users/lkmdigital/monbeaupays.com/backend/vendor/laravel/framework/src/Illuminate/Container/Util.php(43): Illuminate\\Container\\BoundMethod::{closure:Illuminate\\Container\\BoundMethod::call():35}()
#27 /Users/lkmdigital/monbeaupays.com/backend/vendor/laravel/framework/src/Illuminate/Container/BoundMethod.php(95): Illuminate\\Container\\Util::unwrapIfClosure(Object(Closure))
#28 /Users/lkmdigital/monbeaupays.com/backend/vendor/laravel/framework/src/Illuminate/Container/BoundMethod.php(35): Illuminate\\Container\\BoundMethod::callBoundMethod(Object(Illuminate\\Foundation\\Application), Array, Object(Closure))
#29 /Users/lkmdigital/monbeaupays.com/backend/vendor/laravel/framework/src/Illuminate/Container/Container.php(696): Illuminate\\Container\\BoundMethod::call(Object(Illuminate\\Foundation\\Application), Array, Array, NULL)
#30 /Users/lkmdigital/monbeaupays.com/backend/vendor/laravel/framework/src/Illuminate/Console/Command.php(213): Illuminate\\Container\\Container->call(Array)
#31 /Users/lkmdigital/monbeaupays.com/backend/vendor/symfony/console/Command/Command.php(318): Illuminate\\Console\\Command->execute(Object(Symfony\\Component\\Console\\Input\\ArrayInput), Object(Illuminate\\Console\\OutputStyle))
#32 /Users/lkmdigital/monbeaupays.com/backend/vendor/laravel/framework/src/Illuminate/Console/Command.php(182): Symfony\\Component\\Console\\Command\\Command->run(Object(Symfony\\Component\\Console\\Input\\ArrayInput), Object(Illuminate\\Console\\OutputStyle))
#33 /Users/lkmdigital/monbeaupays.com/backend/vendor/laravel/framework/src/Illuminate/Console/Concerns/CallsCommands.php(68): Illuminate\\Console\\Command->run(Object(Symfony\\Component\\Console\\Input\\ArrayInput), Object(Illuminate\\Console\\OutputStyle))
#34 /Users/lkmdigital/monbeaupays.com/backend/vendor/laravel/framework/src/Illuminate/Console/Concerns/CallsCommands.php(29): Illuminate\\Console\\Command->runCommand('db:seed', Array, Object(Illuminate\\Console\\OutputStyle))
#35 /Users/lkmdigital/monbeaupays.com/backend/vendor/laravel/framework/src/Illuminate/Database/Console/Migrations/MigrateCommand.php(126): Illuminate\\Console\\Command->call('db:seed', Array)
#36 /Users/lkmdigital/monbeaupays.com/backend/vendor/laravel/framework/src/Illuminate/Database/Migrations/Migrator.php(658): Illuminate\\Database\\Console\\Migrations\\MigrateCommand->{closure:Illuminate\\Database\\Console\\Migrations\\MigrateCommand::runMigrations():110}()
#37 /Users/lkmdigital/monbeaupays.com/backend/vendor/laravel/framework/src/Illuminate/Database/Console/Migrations/MigrateCommand.php(110): Illuminate\\Database\\Migrations\\Migrator->usingConnection(NULL, Object(Closure))
#38 /Users/lkmdigital/monbeaupays.com/backend/vendor/laravel/framework/src/Illuminate/Database/Console/Migrations/MigrateCommand.php(89): Illuminate\\Database\\Console\\Migrations\\MigrateCommand->runMigrations()
#39 /Users/lkmdigital/monbeaupays.com/backend/vendor/laravel/framework/src/Illuminate/Container/BoundMethod.php(36): Illuminate\\Database\\Console\\Migrations\\MigrateCommand->handle()
#40 /Users/lkmdigital/monbeaupays.com/backend/vendor/laravel/framework/src/Illuminate/Container/Util.php(43): Illuminate\\Container\\BoundMethod::{closure:Illuminate\\Container\\BoundMethod::call():35}()
#41 /Users/lkmdigital/monbeaupays.com/backend/vendor/laravel/framework/src/Illuminate/Container/BoundMethod.php(95): Illuminate\\Container\\Util::unwrapIfClosure(Object(Closure))
#42 /Users/lkmdigital/monbeaupays.com/backend/vendor/laravel/framework/src/Illuminate/Container/BoundMethod.php(35): Illuminate\\Container\\BoundMethod::callBoundMethod(Object(Illuminate\\Foundation\\Application), Array, Object(Closure))
#43 /Users/lkmdigital/monbeaupays.com/backend/vendor/laravel/framework/src/Illuminate/Container/Container.php(696): Illuminate\\Container\\BoundMethod::call(Object(Illuminate\\Foundation\\Application), Array, Array, NULL)
#44 /Users/lkmdigital/monbeaupays.com/backend/vendor/laravel/framework/src/Illuminate/Console/Command.php(213): Illuminate\\Container\\Container->call(Array)
#45 /Users/lkmdigital/monbeaupays.com/backend/vendor/symfony/console/Command/Command.php(318): Illuminate\\Console\\Command->execute(Object(Symfony\\Component\\Console\\Input\\ArgvInput), Object(Illuminate\\Console\\OutputStyle))
#46 /Users/lkmdigital/monbeaupays.com/backend/vendor/laravel/framework/src/Illuminate/Console/Command.php(182): Symfony\\Component\\Console\\Command\\Command->run(Object(Symfony\\Component\\Console\\Input\\ArgvInput), Object(Illuminate\\Console\\OutputStyle))
#47 /Users/lkmdigital/monbeaupays.com/backend/vendor/symfony/console/Application.php(1073): Illuminate\\Console\\Command->run(Object(Symfony\\Component\\Console\\Input\\ArgvInput), Object(Symfony\\Component\\Console\\Output\\ConsoleOutput))
#48 /Users/lkmdigital/monbeaupays.com/backend/vendor/symfony/console/Application.php(356): Symfony\\Component\\Console\\Application->doRunCommand(Object(Illuminate\\Database\\Console\\Migrations\\MigrateCommand), Object(Symfony\\Component\\Console\\Input\\ArgvInput), Object(Symfony\\Component\\Console\\Output\\ConsoleOutput))
#49 /Users/lkmdigital/monbeaupays.com/backend/vendor/symfony/console/Application.php(195): Symfony\\Component\\Console\\Application->doRun(Object(Symfony\\Component\\Console\\Input\\ArgvInput), Object(Symfony\\Component\\Console\\Output\\ConsoleOutput))
#50 /Users/lkmdigital/monbeaupays.com/backend/vendor/laravel/framework/src/Illuminate/Foundation/Console/Kernel.php(198): Symfony\\Component\\Console\\Application->run(Object(Symfony\\Component\\Console\\Input\\ArgvInput), Object(Symfony\\Component\\Console\\Output\\ConsoleOutput))
#51 /Users/lkmdigital/monbeaupays.com/backend/artisan(12): Illuminate\\Foundation\\Console\\Kernel->handle(Object(Symfony\\Component\\Console\\Input\\ArgvInput), Object(Symfony\\Component\\Console\\Output\\ConsoleOutput))
#52 {main}

[previous exception] [object] (PDOException(code: 23000): SQLSTATE[23000]: Integrity constraint violation: 1062 Duplicate entry 'admin@monbeaupays.com' for key 'users.users_email_unique' at /Users/lkmdigital/monbeaupays.com/backend/vendor/laravel/framework/src/Illuminate/Database/MySqlConnection.php:53)
[stacktrace]
#0 /Users/lkmdigital/monbeaupays.com/backend/vendor/laravel/framework/src/Illuminate/Database/MySqlConnection.php(53): PDOStatement->execute()
#1 /Users/lkmdigital/monbeaupays.com/backend/vendor/laravel/framework/src/Illuminate/Database/Connection.php(812): Illuminate\\Database\\MySqlConnection->{closure:Illuminate\\Database\\MySqlConnection::insert():42}('insert into `us...', Array)
#2 /Users/lkmdigital/monbeaupays.com/backend/vendor/laravel/framework/src/Illuminate/Database/Connection.php(779): Illuminate\\Database\\Connection->runQueryCallback('insert into `us...', Array, Object(Closure))
#3 /Users/lkmdigital/monbeaupays.com/backend/vendor/laravel/framework/src/Illuminate/Database/MySqlConnection.php(42): Illuminate\\Database\\Connection->run('insert into `us...', Array, Object(Closure))
#4 /Users/lkmdigital/monbeaupays.com/backend/vendor/laravel/framework/src/Illuminate/Database/Query/Processors/MySqlProcessor.php(35): Illuminate\\Database\\MySqlConnection->insert('insert into `us...', Array, 'id')
#5 /Users/lkmdigital/monbeaupays.com/backend/vendor/laravel/framework/src/Illuminate/Database/Query/Builder.php(3766): Illuminate\\Database\\Query\\Processors\\MySqlProcessor->processInsertGetId(Object(Illuminate\\Database\\Query\\Builder), 'insert into `us...', Array, 'id')
#6 /Users/lkmdigital/monbeaupays.com/backend/vendor/laravel/framework/src/Illuminate/Database/Eloquent/Builder.php(2120): Illuminate\\Database\\Query\\Builder->insertGetId(Array, 'id')
#7 /Users/lkmdigital/monbeaupays.com/backend/vendor/laravel/framework/src/Illuminate/Database/Eloquent/Model.php(1359): Illuminate\\Database\\Eloquent\\Builder->__call('insertGetId', Array)
#8 /Users/lkmdigital/monbeaupays.com/backend/vendor/laravel/framework/src/Illuminate/Database/Eloquent/Model.php(1324): Illuminate\\Database\\Eloquent\\Model->insertAndSetId(Object(Illuminate\\Database\\Eloquent\\Builder), Array)
#9 /Users/lkmdigital/monbeaupays.com/backend/vendor/laravel/framework/src/Illuminate/Database/Eloquent/Model.php(1163): Illuminate\\Database\\Eloquent\\Model->performInsert(Object(Illuminate\\Database\\Eloquent\\Builder))
#10 /Users/lkmdigital/monbeaupays.com/backend/vendor/laravel/framework/src/Illuminate/Database/Eloquent/Builder.php(1128): Illuminate\\Database\\Eloquent\\Model->save()
#11 /Users/lkmdigital/monbeaupays.com/backend/vendor/laravel/framework/src/Illuminate/Support/helpers.php(399): Illuminate\\Database\\Eloquent\\Builder->{closure:Illuminate\\Database\\Eloquent\\Builder::create():1127}(Object(App\\Models\\User))
#12 /Users/lkmdigital/monbeaupays.com/backend/vendor/laravel/framework/src/Illuminate/Database/Eloquent/Builder.php(1127): tap(Object(App\\Models\\User), Object(Closure))
#13 /Users/lkmdigital/monbeaupays.com/backend/vendor/laravel/framework/src/Illuminate/Support/Traits/ForwardsCalls.php(23): Illuminate\\Database\\Eloquent\\Builder->create(Array)
#14 /Users/lkmdigital/monbeaupays.com/backend/vendor/laravel/framework/src/Illuminate/Database/Eloquent/Model.php(2372): Illuminate\\Database\\Eloquent\\Model->forwardCallTo(Object(Illuminate\\Database\\Eloquent\\Builder), 'create', Array)
#15 /Users/lkmdigital/monbeaupays.com/backend/vendor/laravel/framework/src/Illuminate/Database/Eloquent/Model.php(2384): Illuminate\\Database\\Eloquent\\Model->__call('create', Array)
#16 /Users/lkmdigital/monbeaupays.com/backend/database/seeders/DatabaseSeeder.php(22): Illuminate\\Database\\Eloquent\\Model::__callStatic('create', Array)
#17 /Users/lkmdigital/monbeaupays.com/backend/vendor/laravel/framework/src/Illuminate/Container/BoundMethod.php(36): Database\\Seeders\\DatabaseSeeder->run()
#18 /Users/lkmdigital/monbeaupays.com/backend/vendor/laravel/framework/src/Illuminate/Container/Util.php(43): Illuminate\\Container\\BoundMethod::{closure:Illuminate\\Container\\BoundMethod::call():35}()
#19 /Users/lkmdigital/monbeaupays.com/backend/vendor/laravel/framework/src/Illuminate/Container/BoundMethod.php(95): Illuminate\\Container\\Util::unwrapIfClosure(Object(Closure))
#20 /Users/lkmdigital/monbeaupays.com/backend/vendor/laravel/framework/src/Illuminate/Container/BoundMethod.php(35): Illuminate\\Container\\BoundMethod::callBoundMethod(Object(Illuminate\\Foundation\\Application), Array, Object(Closure))
#21 /Users/lkmdigital/monbeaupays.com/backend/vendor/laravel/framework/src/Illuminate/Container/Container.php(696): Illuminate\\Container\\BoundMethod::call(Object(Illuminate\\Foundation\\Application), Array, Array, NULL)
#22 /Users/lkmdigital/monbeaupays.com/backend/vendor/laravel/framework/src/Illuminate/Database/Seeder.php(188): Illuminate\\Container\\Container->call(Array, Array)
#23 /Users/lkmdigital/monbeaupays.com/backend/vendor/laravel/framework/src/Illuminate/Database/Seeder.php(197): Illuminate\\Database\\Seeder->{closure:Illuminate\\Database\\Seeder::__invoke():187}()
#24 /Users/lkmdigital/monbeaupays.com/backend/vendor/laravel/framework/src/Illuminate/Database/Console/Seeds/SeedCommand.php(70): Illuminate\\Database\\Seeder->__invoke()
#25 /Users/lkmdigital/monbeaupays.com/backend/vendor/laravel/framework/src/Illuminate/Database/Eloquent/Concerns/GuardsAttributes.php(155): Illuminate\\Database\\Console\\Seeds\\SeedCommand->{closure:Illuminate\\Database\\Console\\Seeds\\SeedCommand::handle():69}()
#26 /Users/lkmdigital/monbeaupays.com/backend/vendor/laravel/framework/src/Illuminate/Database/Console/Seeds/SeedCommand.php(69): Illuminate\\Database\\Eloquent\\Model::unguarded(Object(Closure))
#27 /Users/lkmdigital/monbeaupays.com/backend/vendor/laravel/framework/src/Illuminate/Container/BoundMethod.php(36): Illuminate\\Database\\Console\\Seeds\\SeedCommand->handle()
#28 /Users/lkmdigital/monbeaupays.com/backend/vendor/laravel/framework/src/Illuminate/Container/Util.php(43): Illuminate\\Container\\BoundMethod::{closure:Illuminate\\Container\\BoundMethod::call():35}()
#29 /Users/lkmdigital/monbeaupays.com/backend/vendor/laravel/framework/src/Illuminate/Container/BoundMethod.php(95): Illuminate\\Container\\Util::unwrapIfClosure(Object(Closure))
#30 /Users/lkmdigital/monbeaupays.com/backend/vendor/laravel/framework/src/Illuminate/Container/BoundMethod.php(35): Illuminate\\Container\\BoundMethod::callBoundMethod(Object(Illuminate\\Foundation\\Application), Array, Object(Closure))
#31 /Users/lkmdigital/monbeaupays.com/backend/vendor/laravel/framework/src/Illuminate/Container/Container.php(696): Illuminate\\Container\\BoundMethod::call(Object(Illuminate\\Foundation\\Application), Array, Array, NULL)
#32 /Users/lkmdigital/monbeaupays.com/backend/vendor/laravel/framework/src/Illuminate/Console/Command.php(213): Illuminate\\Container\\Container->call(Array)
#33 /Users/lkmdigital/monbeaupays.com/backend/vendor/symfony/console/Command/Command.php(318): Illuminate\\Console\\Command->execute(Object(Symfony\\Component\\Console\\Input\\ArrayInput), Object(Illuminate\\Console\\OutputStyle))
#34 /Users/lkmdigital/monbeaupays.com/backend/vendor/laravel/framework/src/Illuminate/Console/Command.php(182): Symfony\\Component\\Console\\Command\\Command->run(Object(Symfony\\Component\\Console\\Input\\ArrayInput), Object(Illuminate\\Console\\OutputStyle))
#35 /Users/lkmdigital/monbeaupays.com/backend/vendor/laravel/framework/src/Illuminate/Console/Concerns/CallsCommands.php(68): Illuminate\\Console\\Command->run(Object(Symfony\\Component\\Console\\Input\\ArrayInput), Object(Illuminate\\Console\\OutputStyle))
#36 /Users/lkmdigital/monbeaupays.com/backend/vendor/laravel/framework/src/Illuminate/Console/Concerns/CallsCommands.php(29): Illuminate\\Console\\Command->runCommand('db:seed', Array, Object(Illuminate\\Console\\OutputStyle))
#37 /Users/lkmdigital/monbeaupays.com/backend/vendor/laravel/framework/src/Illuminate/Database/Console/Migrations/MigrateCommand.php(126): Illuminate\\Console\\Command->call('db:seed', Array)
#38 /Users/lkmdigital/monbeaupays.com/backend/vendor/laravel/framework/src/Illuminate/Database/Migrations/Migrator.php(658): Illuminate\\Database\\Console\\Migrations\\MigrateCommand->{closure:Illuminate\\Database\\Console\\Migrations\\MigrateCommand::runMigrations():110}()
#39 /Users/lkmdigital/monbeaupays.com/backend/vendor/laravel/framework/src/Illuminate/Database/Console/Migrations/MigrateCommand.php(110): Illuminate\\Database\\Migrations\\Migrator->usingConnection(NULL, Object(Closure))
#40 /Users/lkmdigital/monbeaupays.com/backend/vendor/laravel/framework/src/Illuminate/Database/Console/Migrations/MigrateCommand.php(89): Illuminate\\Database\\Console\\Migrations\\MigrateCommand->runMigrations()
#41 /Users/lkmdigital/monbeaupays.com/backend/vendor/laravel/framework/src/Illuminate/Container/BoundMethod.php(36): Illuminate\\Database\\Console\\Migrations\\MigrateCommand->handle()
#42 /Users/lkmdigital/monbeaupays.com/backend/vendor/laravel/framework/src/Illuminate/Container/Util.php(43): Illuminate\\Container\\BoundMethod::{closure:Illuminate\\Container\\BoundMethod::call():35}()
#43 /Users/lkmdigital/monbeaupays.com/backend/vendor/laravel/framework/src/Illuminate/Container/BoundMethod.php(95): Illuminate\\Container\\Util::unwrapIfClosure(Object(Closure))
#44 /Users/lkmdigital/monbeaupays.com/backend/vendor/laravel/framework/src/Illuminate/Container/BoundMethod.php(35): Illuminate\\Container\\BoundMethod::callBoundMethod(Object(Illuminate\\Foundation\\Application), Array, Object(Closure))
#45 /Users/lkmdigital/monbeaupays.com/backend/vendor/laravel/framework/src/Illuminate/Container/Container.php(696): Illuminate\\Container\\BoundMethod::call(Object(Illuminate\\Foundation\\Application), Array, Array, NULL)
#46 /Users/lkmdigital/monbeaupays.com/backend/vendor/laravel/framework/src/Illuminate/Console/Command.php(213): Illuminate\\Container\\Container->call(Array)
#47 /Users/lkmdigital/monbeaupays.com/backend/vendor/symfony/console/Command/Command.php(318): Illuminate\\Console\\Command->execute(Object(Symfony\\Component\\Console\\Input\\ArgvInput), Object(Illuminate\\Console\\OutputStyle))
#48 /Users/lkmdigital/monbeaupays.com/backend/vendor/laravel/framework/src/Illuminate/Console/Command.php(182): Symfony\\Component\\Console\\Command\\Command->run(Object(Symfony\\Component\\Console\\Input\\ArgvInput), Object(Illuminate\\Console\\OutputStyle))
#49 /Users/lkmdigital/monbeaupays.com/backend/vendor/symfony/console/Application.php(1073): Illuminate\\Console\\Command->run(Object(Symfony\\Component\\Console\\Input\\ArgvInput), Object(Symfony\\Component\\Console\\Output\\ConsoleOutput))
#50 /Users/lkmdigital/monbeaupays.com/backend/vendor/symfony/console/Application.php(356): Symfony\\Component\\Console\\Application->doRunCommand(Object(Illuminate\\Database\\Console\\Migrations\\MigrateCommand), Object(Symfony\\Component\\Console\\Input\\ArgvInput), Object(Symfony\\Component\\Console\\Output\\ConsoleOutput))
#51 /Users/lkmdigital/monbeaupays.com/backend/vendor/symfony/console/Application.php(195): Symfony\\Component\\Console\\Application->doRun(Object(Symfony\\Component\\Console\\Input\\ArgvInput), Object(Symfony\\Component\\Console\\Output\\ConsoleOutput))
#52 /Users/lkmdigital/monbeaupays.com/backend/vendor/laravel/framework/src/Illuminate/Foundation/Console/Kernel.php(198): Symfony\\Component\\Console\\Application->run(Object(Symfony\\Component\\Console\\Input\\ArgvInput), Object(Symfony\\Component\\Console\\Output\\ConsoleOutput))
#53 /Users/lkmdigital/monbeaupays.com/backend/artisan(12): Illuminate\\Foundation\\Console\\Kernel->handle(Object(Symfony\\Component\\Console\\Input\\ArgvInput), Object(Symfony\\Component\\Console\\Output\\ConsoleOutput))
#54 {main}
"} 
[2025-11-11 14:17:23] local.ERROR: SQLSTATE[42000]: Syntax error or access violation: 1064 You have an error in your SQL syntax; check the manual that corresponds to your MySQL server version for the right syntax to use near 'Ivoire' after `postal_code`' at line 1 (Connection: mysql, SQL: alter table `users` add `country` varchar(255) not null default 'Côte d'Ivoire' after `postal_code`) {"exception":"[object] (Illuminate\\Database\\QueryException(code: 42000): SQLSTATE[42000]: Syntax error or access violation: 1064 You have an error in your SQL syntax; check the manual that corresponds to your MySQL server version for the right syntax to use near 'Ivoire' after `postal_code`' at line 1 (Connection: mysql, SQL: alter table `users` add `country` varchar(255) not null default 'Côte d'Ivoire' after `postal_code`) at /Users/lkmdigital/monbeaupays.com/backend/vendor/laravel/framework/src/Illuminate/Database/Connection.php:825)
[stacktrace]
#0 /Users/lkmdigital/monbeaupays.com/backend/vendor/laravel/framework/src/Illuminate/Database/Connection.php(779): Illuminate\\Database\\Connection->runQueryCallback('alter table `us...', Array, Object(Closure))
#1 /Users/lkmdigital/monbeaupays.com/backend/vendor/laravel/framework/src/Illuminate/Database/Connection.php(560): Illuminate\\Database\\Connection->run('alter table `us...', Array, Object(Closure))
#2 /Users/lkmdigital/monbeaupays.com/backend/vendor/laravel/framework/src/Illuminate/Database/Schema/Blueprint.php(118): Illuminate\\Database\\Connection->statement('alter table `us...')
#3 /Users/lkmdigital/monbeaupays.com/backend/vendor/laravel/framework/src/Illuminate/Database/Schema/Builder.php(564): Illuminate\\Database\\Schema\\Blueprint->build(Object(Illuminate\\Database\\MySqlConnection), Object(Illuminate\\Database\\Schema\\Grammars\\MySqlGrammar))
#4 /Users/lkmdigital/monbeaupays.com/backend/vendor/laravel/framework/src/Illuminate/Database/Schema/Builder.php(406): Illuminate\\Database\\Schema\\Builder->build(Object(Illuminate\\Database\\Schema\\Blueprint))
#5 /Users/lkmdigital/monbeaupays.com/backend/vendor/laravel/framework/src/Illuminate/Support/Facades/Facade.php(361): Illuminate\\Database\\Schema\\Builder->table('users', Object(Closure))
#6 /Users/lkmdigital/monbeaupays.com/backend/database/migrations/2025_11_11_000003_add_host_profile_fields_to_users.php(11): Illuminate\\Support\\Facades\\Facade::__callStatic('table', Array)
#7 /Users/lkmdigital/monbeaupays.com/backend/vendor/laravel/framework/src/Illuminate/Database/Migrations/Migrator.php(507): Illuminate\\Database\\Migrations\\Migration@anonymous->up()
#8 /Users/lkmdigital/monbeaupays.com/backend/vendor/laravel/framework/src/Illuminate/Database/Migrations/Migrator.php(432): Illuminate\\Database\\Migrations\\Migrator->runMethod(Object(Illuminate\\Database\\MySqlConnection), Object(Illuminate\\Database\\Migrations\\Migration@anonymous), 'up')
#9 /Users/lkmdigital/monbeaupays.com/backend/vendor/laravel/framework/src/Illuminate/Database/Migrations/Migrator.php(441): Illuminate\\Database\\Migrations\\Migrator->{closure:Illuminate\\Database\\Migrations\\Migrator::runMigration():428}()
#10 /Users/lkmdigital/monbeaupays.com/backend/vendor/laravel/framework/src/Illuminate/Database/Migrations/Migrator.php(244): Illuminate\\Database\\Migrations\\Migrator->runMigration(Object(Illuminate\\Database\\Migrations\\Migration@anonymous), 'up')
#11 /Users/lkmdigital/monbeaupays.com/backend/vendor/laravel/framework/src/Illuminate/Console/View/Components/Task.php(40): Illuminate\\Database\\Migrations\\Migrator->{closure:Illuminate\\Database\\Migrations\\Migrator::runUp():244}()
#12 /Users/lkmdigital/monbeaupays.com/backend/vendor/laravel/framework/src/Illuminate/Database/Migrations/Migrator.php(798): Illuminate\\Console\\View\\Components\\Task->render('2025_11_11_0000...', Object(Closure))
#13 /Users/lkmdigital/monbeaupays.com/backend/vendor/laravel/framework/src/Illuminate/Database/Migrations/Migrator.php(244): Illuminate\\Database\\Migrations\\Migrator->write('Illuminate\\\\Cons...', '2025_11_11_0000...', Object(Closure))
#14 /Users/lkmdigital/monbeaupays.com/backend/vendor/laravel/framework/src/Illuminate/Database/Migrations/Migrator.php(211): Illuminate\\Database\\Migrations\\Migrator->runUp('/Users/lkmdigit...', 5, false)
#15 /Users/lkmdigital/monbeaupays.com/backend/vendor/laravel/framework/src/Illuminate/Database/Migrations/Migrator.php(138): Illuminate\\Database\\Migrations\\Migrator->runPending(Array, Array)
#16 /Users/lkmdigital/monbeaupays.com/backend/vendor/laravel/framework/src/Illuminate/Database/Console/Migrations/MigrateCommand.php(117): Illuminate\\Database\\Migrations\\Migrator->run(Array, Array)
#17 /Users/lkmdigital/monbeaupays.com/backend/vendor/laravel/framework/src/Illuminate/Database/Migrations/Migrator.php(658): Illuminate\\Database\\Console\\Migrations\\MigrateCommand->{closure:Illuminate\\Database\\Console\\Migrations\\MigrateCommand::runMigrations():110}()
#18 /Users/lkmdigital/monbeaupays.com/backend/vendor/laravel/framework/src/Illuminate/Database/Console/Migrations/MigrateCommand.php(110): Illuminate\\Database\\Migrations\\Migrator->usingConnection(NULL, Object(Closure))
#19 /Users/lkmdigital/monbeaupays.com/backend/vendor/laravel/framework/src/Illuminate/Database/Console/Migrations/MigrateCommand.php(89): Illuminate\\Database\\Console\\Migrations\\MigrateCommand->runMigrations()
#20 /Users/lkmdigital/monbeaupays.com/backend/vendor/laravel/framework/src/Illuminate/Container/BoundMethod.php(36): Illuminate\\Database\\Console\\Migrations\\MigrateCommand->handle()
#21 /Users/lkmdigital/monbeaupays.com/backend/vendor/laravel/framework/src/Illuminate/Container/Util.php(43): Illuminate\\Container\\BoundMethod::{closure:Illuminate\\Container\\BoundMethod::call():35}()
#22 /Users/lkmdigital/monbeaupays.com/backend/vendor/laravel/framework/src/Illuminate/Container/BoundMethod.php(95): Illuminate\\Container\\Util::unwrapIfClosure(Object(Closure))
#23 /Users/lkmdigital/monbeaupays.com/backend/vendor/laravel/framework/src/Illuminate/Container/BoundMethod.php(35): Illuminate\\Container\\BoundMethod::callBoundMethod(Object(Illuminate\\Foundation\\Application), Array, Object(Closure))
#24 /Users/lkmdigital/monbeaupays.com/backend/vendor/laravel/framework/src/Illuminate/Container/Container.php(696): Illuminate\\Container\\BoundMethod::call(Object(Illuminate\\Foundation\\Application), Array, Array, NULL)
#25 /Users/lkmdigital/monbeaupays.com/backend/vendor/laravel/framework/src/Illuminate/Console/Command.php(213): Illuminate\\Container\\Container->call(Array)
#26 /Users/lkmdigital/monbeaupays.com/backend/vendor/symfony/console/Command/Command.php(318): Illuminate\\Console\\Command->execute(Object(Symfony\\Component\\Console\\Input\\ArgvInput), Object(Illuminate\\Console\\OutputStyle))
#27 /Users/lkmdigital/monbeaupays.com/backend/vendor/laravel/framework/src/Illuminate/Console/Command.php(182): Symfony\\Component\\Console\\Command\\Command->run(Object(Symfony\\Component\\Console\\Input\\ArgvInput), Object(Illuminate\\Console\\OutputStyle))
#28 /Users/lkmdigital/monbeaupays.com/backend/vendor/symfony/console/Application.php(1073): Illuminate\\Console\\Command->run(Object(Symfony\\Component\\Console\\Input\\ArgvInput), Object(Symfony\\Component\\Console\\Output\\ConsoleOutput))
#29 /Users/lkmdigital/monbeaupays.com/backend/vendor/symfony/console/Application.php(356): Symfony\\Component\\Console\\Application->doRunCommand(Object(Illuminate\\Database\\Console\\Migrations\\MigrateCommand), Object(Symfony\\Component\\Console\\Input\\ArgvInput), Object(Symfony\\Component\\Console\\Output\\ConsoleOutput))
#30 /Users/lkmdigital/monbeaupays.com/backend/vendor/symfony/console/Application.php(195): Symfony\\Component\\Console\\Application->doRun(Object(Symfony\\Component\\Console\\Input\\ArgvInput), Object(Symfony\\Component\\Console\\Output\\ConsoleOutput))
#31 /Users/lkmdigital/monbeaupays.com/backend/vendor/laravel/framework/src/Illuminate/Foundation/Console/Kernel.php(198): Symfony\\Component\\Console\\Application->run(Object(Symfony\\Component\\Console\\Input\\ArgvInput), Object(Symfony\\Component\\Console\\Output\\ConsoleOutput))
#32 /Users/lkmdigital/monbeaupays.com/backend/artisan(12): Illuminate\\Foundation\\Console\\Kernel->handle(Object(Symfony\\Component\\Console\\Input\\ArgvInput), Object(Symfony\\Component\\Console\\Output\\ConsoleOutput))
#33 {main}

[previous exception] [object] (PDOException(code: 42000): SQLSTATE[42000]: Syntax error or access violation: 1064 You have an error in your SQL syntax; check the manual that corresponds to your MySQL server version for the right syntax to use near 'Ivoire' after `postal_code`' at line 1 at /Users/lkmdigital/monbeaupays.com/backend/vendor/laravel/framework/src/Illuminate/Database/Connection.php:565)
[stacktrace]
#0 /Users/lkmdigital/monbeaupays.com/backend/vendor/laravel/framework/src/Illuminate/Database/Connection.php(565): PDO->prepare('alter table `us...')
#1 /Users/lkmdigital/monbeaupays.com/backend/vendor/laravel/framework/src/Illuminate/Database/Connection.php(812): Illuminate\\Database\\Connection->{closure:Illuminate\\Database\\Connection::statement():560}('alter table `us...', Array)
#2 /Users/lkmdigital/monbeaupays.com/backend/vendor/laravel/framework/src/Illuminate/Database/Connection.php(779): Illuminate\\Database\\Connection->runQueryCallback('alter table `us...', Array, Object(Closure))
#3 /Users/lkmdigital/monbeaupays.com/backend/vendor/laravel/framework/src/Illuminate/Database/Connection.php(560): Illuminate\\Database\\Connection->run('alter table `us...', Array, Object(Closure))
#4 /Users/lkmdigital/monbeaupays.com/backend/vendor/laravel/framework/src/Illuminate/Database/Schema/Blueprint.php(118): Illuminate\\Database\\Connection->statement('alter table `us...')
#5 /Users/lkmdigital/monbeaupays.com/backend/vendor/laravel/framework/src/Illuminate/Database/Schema/Builder.php(564): Illuminate\\Database\\Schema\\Blueprint->build(Object(Illuminate\\Database\\MySqlConnection), Object(Illuminate\\Database\\Schema\\Grammars\\MySqlGrammar))
#6 /Users/lkmdigital/monbeaupays.com/backend/vendor/laravel/framework/src/Illuminate/Database/Schema/Builder.php(406): Illuminate\\Database\\Schema\\Builder->build(Object(Illuminate\\Database\\Schema\\Blueprint))
#7 /Users/lkmdigital/monbeaupays.com/backend/vendor/laravel/framework/src/Illuminate/Support/Facades/Facade.php(361): Illuminate\\Database\\Schema\\Builder->table('users', Object(Closure))
#8 /Users/lkmdigital/monbeaupays.com/backend/database/migrations/2025_11_11_000003_add_host_profile_fields_to_users.php(11): Illuminate\\Support\\Facades\\Facade::__callStatic('table', Array)
#9 /Users/lkmdigital/monbeaupays.com/backend/vendor/laravel/framework/src/Illuminate/Database/Migrations/Migrator.php(507): Illuminate\\Database\\Migrations\\Migration@anonymous->up()
#10 /Users/lkmdigital/monbeaupays.com/backend/vendor/laravel/framework/src/Illuminate/Database/Migrations/Migrator.php(432): Illuminate\\Database\\Migrations\\Migrator->runMethod(Object(Illuminate\\Database\\MySqlConnection), Object(Illuminate\\Database\\Migrations\\Migration@anonymous), 'up')
#11 /Users/lkmdigital/monbeaupays.com/backend/vendor/laravel/framework/src/Illuminate/Database/Migrations/Migrator.php(441): Illuminate\\Database\\Migrations\\Migrator->{closure:Illuminate\\Database\\Migrations\\Migrator::runMigration():428}()
#12 /Users/lkmdigital/monbeaupays.com/backend/vendor/laravel/framework/src/Illuminate/Database/Migrations/Migrator.php(244): Illuminate\\Database\\Migrations\\Migrator->runMigration(Object(Illuminate\\Database\\Migrations\\Migration@anonymous), 'up')
#13 /Users/lkmdigital/monbeaupays.com/backend/vendor/laravel/framework/src/Illuminate/Console/View/Components/Task.php(40): Illuminate\\Database\\Migrations\\Migrator->{closure:Illuminate\\Database\\Migrations\\Migrator::runUp():244}()
#14 /Users/lkmdigital/monbeaupays.com/backend/vendor/laravel/framework/src/Illuminate/Database/Migrations/Migrator.php(798): Illuminate\\Console\\View\\Components\\Task->render('2025_11_11_0000...', Object(Closure))
#15 /Users/lkmdigital/monbeaupays.com/backend/vendor/laravel/framework/src/Illuminate/Database/Migrations/Migrator.php(244): Illuminate\\Database\\Migrations\\Migrator->write('Illuminate\\\\Cons...', '2025_11_11_0000...', Object(Closure))
#16 /Users/lkmdigital/monbeaupays.com/backend/vendor/laravel/framework/src/Illuminate/Database/Migrations/Migrator.php(211): Illuminate\\Database\\Migrations\\Migrator->runUp('/Users/lkmdigit...', 5, false)
#17 /Users/lkmdigital/monbeaupays.com/backend/vendor/laravel/framework/src/Illuminate/Database/Migrations/Migrator.php(138): Illuminate\\Database\\Migrations\\Migrator->runPending(Array, Array)
#18 /Users/lkmdigital/monbeaupays.com/backend/vendor/laravel/framework/src/Illuminate/Database/Console/Migrations/MigrateCommand.php(117): Illuminate\\Database\\Migrations\\Migrator->run(Array, Array)
#19 /Users/lkmdigital/monbeaupays.com/backend/vendor/laravel/framework/src/Illuminate/Database/Migrations/Migrator.php(658): Illuminate\\Database\\Console\\Migrations\\MigrateCommand->{closure:Illuminate\\Database\\Console\\Migrations\\MigrateCommand::runMigrations():110}()
#20 /Users/lkmdigital/monbeaupays.com/backend/vendor/laravel/framework/src/Illuminate/Database/Console/Migrations/MigrateCommand.php(110): Illuminate\\Database\\Migrations\\Migrator->usingConnection(NULL, Object(Closure))
#21 /Users/lkmdigital/monbeaupays.com/backend/vendor/laravel/framework/src/Illuminate/Database/Console/Migrations/MigrateCommand.php(89): Illuminate\\Database\\Console\\Migrations\\MigrateCommand->runMigrations()
#22 /Users/lkmdigital/monbeaupays.com/backend/vendor/laravel/framework/src/Illuminate/Container/BoundMethod.php(36): Illuminate\\Database\\Console\\Migrations\\MigrateCommand->handle()
#23 /Users/lkmdigital/monbeaupays.com/backend/vendor/laravel/framework/src/Illuminate/Container/Util.php(43): Illuminate\\Container\\BoundMethod::{closure:Illuminate\\Container\\BoundMethod::call():35}()
#24 /Users/lkmdigital/monbeaupays.com/backend/vendor/laravel/framework/src/Illuminate/Container/BoundMethod.php(95): Illuminate\\Container\\Util::unwrapIfClosure(Object(Closure))
#25 /Users/lkmdigital/monbeaupays.com/backend/vendor/laravel/framework/src/Illuminate/Container/BoundMethod.php(35): Illuminate\\Container\\BoundMethod::callBoundMethod(Object(Illuminate\\Foundation\\Application), Array, Object(Closure))
#26 /Users/lkmdigital/monbeaupays.com/backend/vendor/laravel/framework/src/Illuminate/Container/Container.php(696): Illuminate\\Container\\BoundMethod::call(Object(Illuminate\\Foundation\\Application), Array, Array, NULL)
#27 /Users/lkmdigital/monbeaupays.com/backend/vendor/laravel/framework/src/Illuminate/Console/Command.php(213): Illuminate\\Container\\Container->call(Array)
#28 /Users/lkmdigital/monbeaupays.com/backend/vendor/symfony/console/Command/Command.php(318): Illuminate\\Console\\Command->execute(Object(Symfony\\Component\\Console\\Input\\ArgvInput), Object(Illuminate\\Console\\OutputStyle))
#29 /Users/lkmdigital/monbeaupays.com/backend/vendor/laravel/framework/src/Illuminate/Console/Command.php(182): Symfony\\Component\\Console\\Command\\Command->run(Object(Symfony\\Component\\Console\\Input\\ArgvInput), Object(Illuminate\\Console\\OutputStyle))
#30 /Users/lkmdigital/monbeaupays.com/backend/vendor/symfony/console/Application.php(1073): Illuminate\\Console\\Command->run(Object(Symfony\\Component\\Console\\Input\\ArgvInput), Object(Symfony\\Component\\Console\\Output\\ConsoleOutput))
#31 /Users/lkmdigital/monbeaupays.com/backend/vendor/symfony/console/Application.php(356): Symfony\\Component\\Console\\Application->doRunCommand(Object(Illuminate\\Database\\Console\\Migrations\\MigrateCommand), Object(Symfony\\Component\\Console\\Input\\ArgvInput), Object(Symfony\\Component\\Console\\Output\\ConsoleOutput))
#32 /Users/lkmdigital/monbeaupays.com/backend/vendor/symfony/console/Application.php(195): Symfony\\Component\\Console\\Application->doRun(Object(Symfony\\Component\\Console\\Input\\ArgvInput), Object(Symfony\\Component\\Console\\Output\\ConsoleOutput))
#33 /Users/lkmdigital/monbeaupays.com/backend/vendor/laravel/framework/src/Illuminate/Foundation/Console/Kernel.php(198): Symfony\\Component\\Console\\Application->run(Object(Symfony\\Component\\Console\\Input\\ArgvInput), Object(Symfony\\Component\\Console\\Output\\ConsoleOutput))
#34 /Users/lkmdigital/monbeaupays.com/backend/artisan(12): Illuminate\\Foundation\\Console\\Kernel->handle(Object(Symfony\\Component\\Console\\Input\\ArgvInput), Object(Symfony\\Component\\Console\\Output\\ConsoleOutput))
#35 {main}
"} 
[2025-11-11 14:18:09] local.ERROR: SQLSTATE[42S21]: Column already exists: 1060 Duplicate column name 'date_of_birth' (Connection: mysql, SQL: alter table `users` add `date_of_birth` date null after `phone`) {"exception":"[object] (Illuminate\\Database\\QueryException(code: 42S21): SQLSTATE[42S21]: Column already exists: 1060 Duplicate column name 'date_of_birth' (Connection: mysql, SQL: alter table `users` add `date_of_birth` date null after `phone`) at /Users/lkmdigital/monbeaupays.com/backend/vendor/laravel/framework/src/Illuminate/Database/Connection.php:825)
[stacktrace]
#0 /Users/lkmdigital/monbeaupays.com/backend/vendor/laravel/framework/src/Illuminate/Database/Connection.php(779): Illuminate\\Database\\Connection->runQueryCallback('alter table `us...', Array, Object(Closure))
#1 /Users/lkmdigital/monbeaupays.com/backend/vendor/laravel/framework/src/Illuminate/Database/Connection.php(560): Illuminate\\Database\\Connection->run('alter table `us...', Array, Object(Closure))
#2 /Users/lkmdigital/monbeaupays.com/backend/vendor/laravel/framework/src/Illuminate/Database/Schema/Blueprint.php(118): Illuminate\\Database\\Connection->statement('alter table `us...')
#3 /Users/lkmdigital/monbeaupays.com/backend/vendor/laravel/framework/src/Illuminate/Database/Schema/Builder.php(564): Illuminate\\Database\\Schema\\Blueprint->build(Object(Illuminate\\Database\\MySqlConnection), Object(Illuminate\\Database\\Schema\\Grammars\\MySqlGrammar))
#4 /Users/lkmdigital/monbeaupays.com/backend/vendor/laravel/framework/src/Illuminate/Database/Schema/Builder.php(406): Illuminate\\Database\\Schema\\Builder->build(Object(Illuminate\\Database\\Schema\\Blueprint))
#5 /Users/lkmdigital/monbeaupays.com/backend/vendor/laravel/framework/src/Illuminate/Support/Facades/Facade.php(361): Illuminate\\Database\\Schema\\Builder->table('users', Object(Closure))
#6 /Users/lkmdigital/monbeaupays.com/backend/database/migrations/2025_11_11_000003_add_host_profile_fields_to_users.php(12): Illuminate\\Support\\Facades\\Facade::__callStatic('table', Array)
#7 /Users/lkmdigital/monbeaupays.com/backend/vendor/laravel/framework/src/Illuminate/Database/Migrations/Migrator.php(507): Illuminate\\Database\\Migrations\\Migration@anonymous->up()
#8 /Users/lkmdigital/monbeaupays.com/backend/vendor/laravel/framework/src/Illuminate/Database/Migrations/Migrator.php(432): Illuminate\\Database\\Migrations\\Migrator->runMethod(Object(Illuminate\\Database\\MySqlConnection), Object(Illuminate\\Database\\Migrations\\Migration@anonymous), 'up')
#9 /Users/lkmdigital/monbeaupays.com/backend/vendor/laravel/framework/src/Illuminate/Database/Migrations/Migrator.php(441): Illuminate\\Database\\Migrations\\Migrator->{closure:Illuminate\\Database\\Migrations\\Migrator::runMigration():428}()
#10 /Users/lkmdigital/monbeaupays.com/backend/vendor/laravel/framework/src/Illuminate/Database/Migrations/Migrator.php(244): Illuminate\\Database\\Migrations\\Migrator->runMigration(Object(Illuminate\\Database\\Migrations\\Migration@anonymous), 'up')
#11 /Users/lkmdigital/monbeaupays.com/backend/vendor/laravel/framework/src/Illuminate/Console/View/Components/Task.php(40): Illuminate\\Database\\Migrations\\Migrator->{closure:Illuminate\\Database\\Migrations\\Migrator::runUp():244}()
#12 /Users/lkmdigital/monbeaupays.com/backend/vendor/laravel/framework/src/Illuminate/Database/Migrations/Migrator.php(798): Illuminate\\Console\\View\\Components\\Task->render('2025_11_11_0000...', Object(Closure))
#13 /Users/lkmdigital/monbeaupays.com/backend/vendor/laravel/framework/src/Illuminate/Database/Migrations/Migrator.php(244): Illuminate\\Database\\Migrations\\Migrator->write('Illuminate\\\\Cons...', '2025_11_11_0000...', Object(Closure))
#14 /Users/lkmdigital/monbeaupays.com/backend/vendor/laravel/framework/src/Illuminate/Database/Migrations/Migrator.php(211): Illuminate\\Database\\Migrations\\Migrator->runUp('/Users/lkmdigit...', 5, false)
#15 /Users/lkmdigital/monbeaupays.com/backend/vendor/laravel/framework/src/Illuminate/Database/Migrations/Migrator.php(138): Illuminate\\Database\\Migrations\\Migrator->runPending(Array, Array)
#16 /Users/lkmdigital/monbeaupays.com/backend/vendor/laravel/framework/src/Illuminate/Database/Console/Migrations/MigrateCommand.php(117): Illuminate\\Database\\Migrations\\Migrator->run(Array, Array)
#17 /Users/lkmdigital/monbeaupays.com/backend/vendor/laravel/framework/src/Illuminate/Database/Migrations/Migrator.php(658): Illuminate\\Database\\Console\\Migrations\\MigrateCommand->{closure:Illuminate\\Database\\Console\\Migrations\\MigrateCommand::runMigrations():110}()
#18 /Users/lkmdigital/monbeaupays.com/backend/vendor/laravel/framework/src/Illuminate/Database/Console/Migrations/MigrateCommand.php(110): Illuminate\\Database\\Migrations\\Migrator->usingConnection(NULL, Object(Closure))
#19 /Users/lkmdigital/monbeaupays.com/backend/vendor/laravel/framework/src/Illuminate/Database/Console/Migrations/MigrateCommand.php(89): Illuminate\\Database\\Console\\Migrations\\MigrateCommand->runMigrations()
#20 /Users/lkmdigital/monbeaupays.com/backend/vendor/laravel/framework/src/Illuminate/Container/BoundMethod.php(36): Illuminate\\Database\\Console\\Migrations\\MigrateCommand->handle()
#21 /Users/lkmdigital/monbeaupays.com/backend/vendor/laravel/framework/src/Illuminate/Container/Util.php(43): Illuminate\\Container\\BoundMethod::{closure:Illuminate\\Container\\BoundMethod::call():35}()
#22 /Users/lkmdigital/monbeaupays.com/backend/vendor/laravel/framework/src/Illuminate/Container/BoundMethod.php(95): Illuminate\\Container\\Util::unwrapIfClosure(Object(Closure))
#23 /Users/lkmdigital/monbeaupays.com/backend/vendor/laravel/framework/src/Illuminate/Container/BoundMethod.php(35): Illuminate\\Container\\BoundMethod::callBoundMethod(Object(Illuminate\\Foundation\\Application), Array, Object(Closure))
#24 /Users/lkmdigital/monbeaupays.com/backend/vendor/laravel/framework/src/Illuminate/Container/Container.php(696): Illuminate\\Container\\BoundMethod::call(Object(Illuminate\\Foundation\\Application), Array, Array, NULL)
#25 /Users/lkmdigital/monbeaupays.com/backend/vendor/laravel/framework/src/Illuminate/Console/Command.php(213): Illuminate\\Container\\Container->call(Array)
#26 /Users/lkmdigital/monbeaupays.com/backend/vendor/symfony/console/Command/Command.php(318): Illuminate\\Console\\Command->execute(Object(Symfony\\Component\\Console\\Input\\ArgvInput), Object(Illuminate\\Console\\OutputStyle))
#27 /Users/lkmdigital/monbeaupays.com/backend/vendor/laravel/framework/src/Illuminate/Console/Command.php(182): Symfony\\Component\\Console\\Command\\Command->run(Object(Symfony\\Component\\Console\\Input\\ArgvInput), Object(Illuminate\\Console\\OutputStyle))
#28 /Users/lkmdigital/monbeaupays.com/backend/vendor/symfony/console/Application.php(1073): Illuminate\\Console\\Command->run(Object(Symfony\\Component\\Console\\Input\\ArgvInput), Object(Symfony\\Component\\Console\\Output\\ConsoleOutput))
#29 /Users/lkmdigital/monbeaupays.com/backend/vendor/symfony/console/Application.php(356): Symfony\\Component\\Console\\Application->doRunCommand(Object(Illuminate\\Database\\Console\\Migrations\\MigrateCommand), Object(Symfony\\Component\\Console\\Input\\ArgvInput), Object(Symfony\\Component\\Console\\Output\\ConsoleOutput))
#30 /Users/lkmdigital/monbeaupays.com/backend/vendor/symfony/console/Application.php(195): Symfony\\Component\\Console\\Application->doRun(Object(Symfony\\Component\\Console\\Input\\ArgvInput), Object(Symfony\\Component\\Console\\Output\\ConsoleOutput))
#31 /Users/lkmdigital/monbeaupays.com/backend/vendor/laravel/framework/src/Illuminate/Foundation/Console/Kernel.php(198): Symfony\\Component\\Console\\Application->run(Object(Symfony\\Component\\Console\\Input\\ArgvInput), Object(Symfony\\Component\\Console\\Output\\ConsoleOutput))
#32 /Users/lkmdigital/monbeaupays.com/backend/artisan(12): Illuminate\\Foundation\\Console\\Kernel->handle(Object(Symfony\\Component\\Console\\Input\\ArgvInput), Object(Symfony\\Component\\Console\\Output\\ConsoleOutput))
#33 {main}

[previous exception] [object] (PDOException(code: 42S21): SQLSTATE[42S21]: Column already exists: 1060 Duplicate column name 'date_of_birth' at /Users/lkmdigital/monbeaupays.com/backend/vendor/laravel/framework/src/Illuminate/Database/Connection.php:571)
[stacktrace]
#0 /Users/lkmdigital/monbeaupays.com/backend/vendor/laravel/framework/src/Illuminate/Database/Connection.php(571): PDOStatement->execute()
#1 /Users/lkmdigital/monbeaupays.com/backend/vendor/laravel/framework/src/Illuminate/Database/Connection.php(812): Illuminate\\Database\\Connection->{closure:Illuminate\\Database\\Connection::statement():560}('alter table `us...', Array)
#2 /Users/lkmdigital/monbeaupays.com/backend/vendor/laravel/framework/src/Illuminate/Database/Connection.php(779): Illuminate\\Database\\Connection->runQueryCallback('alter table `us...', Array, Object(Closure))
#3 /Users/lkmdigital/monbeaupays.com/backend/vendor/laravel/framework/src/Illuminate/Database/Connection.php(560): Illuminate\\Database\\Connection->run('alter table `us...', Array, Object(Closure))
#4 /Users/lkmdigital/monbeaupays.com/backend/vendor/laravel/framework/src/Illuminate/Database/Schema/Blueprint.php(118): Illuminate\\Database\\Connection->statement('alter table `us...')
#5 /Users/lkmdigital/monbeaupays.com/backend/vendor/laravel/framework/src/Illuminate/Database/Schema/Builder.php(564): Illuminate\\Database\\Schema\\Blueprint->build(Object(Illuminate\\Database\\MySqlConnection), Object(Illuminate\\Database\\Schema\\Grammars\\MySqlGrammar))
#6 /Users/lkmdigital/monbeaupays.com/backend/vendor/laravel/framework/src/Illuminate/Database/Schema/Builder.php(406): Illuminate\\Database\\Schema\\Builder->build(Object(Illuminate\\Database\\Schema\\Blueprint))
#7 /Users/lkmdigital/monbeaupays.com/backend/vendor/laravel/framework/src/Illuminate/Support/Facades/Facade.php(361): Illuminate\\Database\\Schema\\Builder->table('users', Object(Closure))
#8 /Users/lkmdigital/monbeaupays.com/backend/database/migrations/2025_11_11_000003_add_host_profile_fields_to_users.php(12): Illuminate\\Support\\Facades\\Facade::__callStatic('table', Array)
#9 /Users/lkmdigital/monbeaupays.com/backend/vendor/laravel/framework/src/Illuminate/Database/Migrations/Migrator.php(507): Illuminate\\Database\\Migrations\\Migration@anonymous->up()
#10 /Users/lkmdigital/monbeaupays.com/backend/vendor/laravel/framework/src/Illuminate/Database/Migrations/Migrator.php(432): Illuminate\\Database\\Migrations\\Migrator->runMethod(Object(Illuminate\\Database\\MySqlConnection), Object(Illuminate\\Database\\Migrations\\Migration@anonymous), 'up')
#11 /Users/lkmdigital/monbeaupays.com/backend/vendor/laravel/framework/src/Illuminate/Database/Migrations/Migrator.php(441): Illuminate\\Database\\Migrations\\Migrator->{closure:Illuminate\\Database\\Migrations\\Migrator::runMigration():428}()
#12 /Users/lkmdigital/monbeaupays.com/backend/vendor/laravel/framework/src/Illuminate/Database/Migrations/Migrator.php(244): Illuminate\\Database\\Migrations\\Migrator->runMigration(Object(Illuminate\\Database\\Migrations\\Migration@anonymous), 'up')
#13 /Users/lkmdigital/monbeaupays.com/backend/vendor/laravel/framework/src/Illuminate/Console/View/Components/Task.php(40): Illuminate\\Database\\Migrations\\Migrator->{closure:Illuminate\\Database\\Migrations\\Migrator::runUp():244}()
#14 /Users/lkmdigital/monbeaupays.com/backend/vendor/laravel/framework/src/Illuminate/Database/Migrations/Migrator.php(798): Illuminate\\Console\\View\\Components\\Task->render('2025_11_11_0000...', Object(Closure))
#15 /Users/lkmdigital/monbeaupays.com/backend/vendor/laravel/framework/src/Illuminate/Database/Migrations/Migrator.php(244): Illuminate\\Database\\Migrations\\Migrator->write('Illuminate\\\\Cons...', '2025_11_11_0000...', Object(Closure))
#16 /Users/lkmdigital/monbeaupays.com/backend/vendor/laravel/framework/src/Illuminate/Database/Migrations/Migrator.php(211): Illuminate\\Database\\Migrations\\Migrator->runUp('/Users/lkmdigit...', 5, false)
#17 /Users/lkmdigital/monbeaupays.com/backend/vendor/laravel/framework/src/Illuminate/Database/Migrations/Migrator.php(138): Illuminate\\Database\\Migrations\\Migrator->runPending(Array, Array)
#18 /Users/lkmdigital/monbeaupays.com/backend/vendor/laravel/framework/src/Illuminate/Database/Console/Migrations/MigrateCommand.php(117): Illuminate\\Database\\Migrations\\Migrator->run(Array, Array)
#19 /Users/lkmdigital/monbeaupays.com/backend/vendor/laravel/framework/src/Illuminate/Database/Migrations/Migrator.php(658): Illuminate\\Database\\Console\\Migrations\\MigrateCommand->{closure:Illuminate\\Database\\Console\\Migrations\\MigrateCommand::runMigrations():110}()
#20 /Users/lkmdigital/monbeaupays.com/backend/vendor/laravel/framework/src/Illuminate/Database/Console/Migrations/MigrateCommand.php(110): Illuminate\\Database\\Migrations\\Migrator->usingConnection(NULL, Object(Closure))
#21 /Users/lkmdigital/monbeaupays.com/backend/vendor/laravel/framework/src/Illuminate/Database/Console/Migrations/MigrateCommand.php(89): Illuminate\\Database\\Console\\Migrations\\MigrateCommand->runMigrations()
#22 /Users/lkmdigital/monbeaupays.com/backend/vendor/laravel/framework/src/Illuminate/Container/BoundMethod.php(36): Illuminate\\Database\\Console\\Migrations\\MigrateCommand->handle()
#23 /Users/lkmdigital/monbeaupays.com/backend/vendor/laravel/framework/src/Illuminate/Container/Util.php(43): Illuminate\\Container\\BoundMethod::{closure:Illuminate\\Container\\BoundMethod::call():35}()
#24 /Users/lkmdigital/monbeaupays.com/backend/vendor/laravel/framework/src/Illuminate/Container/BoundMethod.php(95): Illuminate\\Container\\Util::unwrapIfClosure(Object(Closure))
#25 /Users/lkmdigital/monbeaupays.com/backend/vendor/laravel/framework/src/Illuminate/Container/BoundMethod.php(35): Illuminate\\Container\\BoundMethod::callBoundMethod(Object(Illuminate\\Foundation\\Application), Array, Object(Closure))
#26 /Users/lkmdigital/monbeaupays.com/backend/vendor/laravel/framework/src/Illuminate/Container/Container.php(696): Illuminate\\Container\\BoundMethod::call(Object(Illuminate\\Foundation\\Application), Array, Array, NULL)
#27 /Users/lkmdigital/monbeaupays.com/backend/vendor/laravel/framework/src/Illuminate/Console/Command.php(213): Illuminate\\Container\\Container->call(Array)
#28 /Users/lkmdigital/monbeaupays.com/backend/vendor/symfony/console/Command/Command.php(318): Illuminate\\Console\\Command->execute(Object(Symfony\\Component\\Console\\Input\\ArgvInput), Object(Illuminate\\Console\\OutputStyle))
#29 /Users/lkmdigital/monbeaupays.com/backend/vendor/laravel/framework/src/Illuminate/Console/Command.php(182): Symfony\\Component\\Console\\Command\\Command->run(Object(Symfony\\Component\\Console\\Input\\ArgvInput), Object(Illuminate\\Console\\OutputStyle))
#30 /Users/lkmdigital/monbeaupays.com/backend/vendor/symfony/console/Application.php(1073): Illuminate\\Console\\Command->run(Object(Symfony\\Component\\Console\\Input\\ArgvInput), Object(Symfony\\Component\\Console\\Output\\ConsoleOutput))
#31 /Users/lkmdigital/monbeaupays.com/backend/vendor/symfony/console/Application.php(356): Symfony\\Component\\Console\\Application->doRunCommand(Object(Illuminate\\Database\\Console\\Migrations\\MigrateCommand), Object(Symfony\\Component\\Console\\Input\\ArgvInput), Object(Symfony\\Component\\Console\\Output\\ConsoleOutput))
#32 /Users/lkmdigital/monbeaupays.com/backend/vendor/symfony/console/Application.php(195): Symfony\\Component\\Console\\Application->doRun(Object(Symfony\\Component\\Console\\Input\\ArgvInput), Object(Symfony\\Component\\Console\\Output\\ConsoleOutput))
#33 /Users/lkmdigital/monbeaupays.com/backend/vendor/laravel/framework/src/Illuminate/Foundation/Console/Kernel.php(198): Symfony\\Component\\Console\\Application->run(Object(Symfony\\Component\\Console\\Input\\ArgvInput), Object(Symfony\\Component\\Console\\Output\\ConsoleOutput))
#34 /Users/lkmdigital/monbeaupays.com/backend/artisan(12): Illuminate\\Foundation\\Console\\Kernel->handle(Object(Symfony\\Component\\Console\\Input\\ArgvInput), Object(Symfony\\Component\\Console\\Output\\ConsoleOutput))
#35 {main}
"} 
[2025-11-11 15:04:01] local.INFO: Profil mis à jour avec succès {"user_id":2,"completion":20,"fields_updated":[]} 
[2025-11-11 15:10:40] local.INFO: Profil mis à jour avec succès {"user_id":2,"completion":20,"fields_updated":[],"request_data":[]} 
[2025-11-11 15:19:17] local.INFO: Données reçues pour mise à jour profil {"all":{"name":"Jean Kouassi","phone":"+225 07 12 34 56 78","date_of_birth":"2025-11-08","bio":"sllslld slskdssls","address_line1":"abidjan , ci","address_line2":"qqqq","city":"abidjan","postal_code":"829ZZ92","country":"Côte d'Ivoire","id_type":"Passeport","id_number":"ci98767890","avatar":{"Illuminate\\Http\\UploadedFile":"/private/var/tmp/phpn22439ne7tc8dZDLXXb"},"id_document":{"Illuminate\\Http\\UploadedFile":"/private/var/tmp/phpbokdcmsk6j757dpffXz"},"proof_of_address":{"Illuminate\\Http\\UploadedFile":"/private/var/tmp/phpisfv137f4al8bgrTI6h"},"business_license":{"Illuminate\\Http\\UploadedFile":"/private/var/tmp/phpju7nb9gls2ne9Sz9Jwz"}},"input":{"name":"Jean Kouassi","phone":"+225 07 12 34 56 78","date_of_birth":"2025-11-08","bio":"sllslld slskdssls","address_line1":"abidjan , ci","address_line2":"qqqq","city":"abidjan","postal_code":"829ZZ92","country":"Côte d'Ivoire","id_type":"Passeport","id_number":"ci98767890"},"has_name":true,"name_value":"Jean Kouassi","content_type":"multipart/form-data; boundary=----WebKitFormBoundarysGHBOsyv4j3Cmkw6","method":"POST"} 
[2025-11-11 15:19:17] local.INFO: Profil mis à jour avec succès {"user_id":2,"completion":100,"fields_updated":["name","phone","date_of_birth","bio","address_line1","address_line2","city","postal_code","country","id_type","id_number"],"request_data":{"name":"Jean Kouassi","phone":"+225 07 12 34 56 78","date_of_birth":"2025-11-08","bio":"sllslld slskdssls","address_line1":"abidjan , ci","address_line2":"qqqq","city":"abidjan","postal_code":"829ZZ92","country":"Côte d'Ivoire","id_type":"Passeport","id_number":"ci98767890","avatar":{"Illuminate\\Http\\UploadedFile":"/private/var/tmp/phpn22439ne7tc8dZDLXXb"},"id_document":{"Illuminate\\Http\\UploadedFile":"/private/var/tmp/phpbokdcmsk6j757dpffXz"},"proof_of_address":{"Illuminate\\Http\\UploadedFile":"/private/var/tmp/phpisfv137f4al8bgrTI6h"},"business_license":{"Illuminate\\Http\\UploadedFile":"/private/var/tmp/phpju7nb9gls2ne9Sz9Jwz"}}} 
[2025-11-11 16:13:25] local.ERROR: Please provide a valid cache path. {"exception":"[object] (InvalidArgumentException(code: 0): Please provide a valid cache path. at /Users/lkmdigital/monbeaupays.com/backend/vendor/laravel/framework/src/Illuminate/View/Compilers/Compiler.php:67)
[stacktrace]
#0 /Users/lkmdigital/monbeaupays.com/backend/vendor/laravel/framework/src/Illuminate/View/ViewServiceProvider.php(97): Illuminate\\View\\Compilers\\Compiler->__construct(Object(Illuminate\\Filesystem\\Filesystem), false, '', true, 'php')
#1 /Users/lkmdigital/monbeaupays.com/backend/vendor/laravel/framework/src/Illuminate/Container/Container.php(952): Illuminate\\View\\ViewServiceProvider->{closure:Illuminate\\View\\ViewServiceProvider::registerBladeCompiler():96}(Object(Illuminate\\Foundation\\Application), Array)
#2 /Users/lkmdigital/monbeaupays.com/backend/vendor/laravel/framework/src/Illuminate/Container/Container.php(832): Illuminate\\Container\\Container->build(Object(Closure))
#3 /Users/lkmdigital/monbeaupays.com/backend/vendor/laravel/framework/src/Illuminate/Foundation/Application.php(1078): Illuminate\\Container\\Container->resolve('blade.compiler', Array, true)
#4 /Users/lkmdigital/monbeaupays.com/backend/vendor/laravel/framework/src/Illuminate/Container/Container.php(763): Illuminate\\Foundation\\Application->resolve('blade.compiler', Array)
#5 /Users/lkmdigital/monbeaupays.com/backend/vendor/laravel/framework/src/Illuminate/Foundation/Application.php(1058): Illuminate\\Container\\Container->make('blade.compiler', Array)
#6 /Users/lkmdigital/monbeaupays.com/backend/vendor/laravel/framework/src/Illuminate/View/ViewServiceProvider.php(168): Illuminate\\Foundation\\Application->make('blade.compiler')
#7 [internal function]: Illuminate\\View\\ViewServiceProvider->{closure:Illuminate\\View\\ViewServiceProvider::registerBladeEngine():164}()
#8 /Users/lkmdigital/monbeaupays.com/backend/vendor/laravel/framework/src/Illuminate/View/Engines/EngineResolver.php(55): call_user_func(Object(Closure))
#9 /Users/lkmdigital/monbeaupays.com/backend/vendor/laravel/framework/src/Illuminate/View/Factory.php(326): Illuminate\\View\\Engines\\EngineResolver->resolve('blade')
#10 /Users/lkmdigital/monbeaupays.com/backend/vendor/laravel/framework/src/Illuminate/View/Factory.php(288): Illuminate\\View\\Factory->getEngineFromPath('/Users/lkmdigit...')
#11 /Users/lkmdigital/monbeaupays.com/backend/vendor/laravel/framework/src/Illuminate/View/Factory.php(160): Illuminate\\View\\Factory->viewInstance('errors::404', '/Users/lkmdigit...', Array)
#12 /Users/lkmdigital/monbeaupays.com/backend/vendor/laravel/framework/src/Illuminate/Routing/ResponseFactory.php(90): Illuminate\\View\\Factory->make('errors::404', Array)
#13 /Users/lkmdigital/monbeaupays.com/backend/vendor/laravel/framework/src/Illuminate/Foundation/Exceptions/Handler.php(894): Illuminate\\Routing\\ResponseFactory->view('errors::404', Array, 404, Array)
#14 /Users/lkmdigital/monbeaupays.com/backend/vendor/laravel/framework/src/Illuminate/Foundation/Exceptions/Handler.php(815): Illuminate\\Foundation\\Exceptions\\Handler->renderHttpException(Object(Symfony\\Component\\HttpKernel\\Exception\\NotFoundHttpException))
#15 /Users/lkmdigital/monbeaupays.com/backend/vendor/laravel/framework/src/Illuminate/Foundation/Exceptions/Handler.php(706): Illuminate\\Foundation\\Exceptions\\Handler->prepareResponse(Object(Illuminate\\Http\\Request), Object(Symfony\\Component\\HttpKernel\\Exception\\NotFoundHttpException))
#16 /Users/lkmdigital/monbeaupays.com/backend/vendor/laravel/framework/src/Illuminate/Foundation/Exceptions/Handler.php(594): Illuminate\\Foundation\\Exceptions\\Handler->renderExceptionResponse(Object(Illuminate\\Http\\Request), Object(Symfony\\Component\\HttpKernel\\Exception\\NotFoundHttpException))
#17 /Users/lkmdigital/monbeaupays.com/backend/vendor/laravel/framework/src/Illuminate/Routing/Pipeline.php(51): Illuminate\\Foundation\\Exceptions\\Handler->render(Object(Illuminate\\Http\\Request), Object(Symfony\\Component\\HttpKernel\\Exception\\NotFoundHttpException))
#18 /Users/lkmdigital/monbeaupays.com/backend/vendor/laravel/framework/src/Illuminate/Pipeline/Pipeline.php(172): Illuminate\\Routing\\Pipeline->handleException(Object(Illuminate\\Http\\Request), Object(Symfony\\Component\\HttpKernel\\Exception\\NotFoundHttpException))
#19 /Users/lkmdigital/monbeaupays.com/backend/vendor/laravel/framework/src/Illuminate/Foundation/Http/Middleware/TransformsRequest.php(21): Illuminate\\Pipeline\\Pipeline->{closure:Illuminate\\Pipeline\\Pipeline::prepareDestination():168}(Object(Illuminate\\Http\\Request))
#20 /Users/lkmdigital/monbeaupays.com/backend/vendor/laravel/framework/src/Illuminate/Foundation/Http/Middleware/ConvertEmptyStringsToNull.php(31): Illuminate\\Foundation\\Http\\Middleware\\TransformsRequest->handle(Object(Illuminate\\Http\\Request), Object(Closure))
#21 /Users/lkmdigital/monbeaupays.com/backend/vendor/laravel/framework/src/Illuminate/Pipeline/Pipeline.php(209): Illuminate\\Foundation\\Http\\Middleware\\ConvertEmptyStringsToNull->handle(Object(Illuminate\\Http\\Request), Object(Closure))
#22 /Users/lkmdigital/monbeaupays.com/backend/vendor/laravel/framework/src/Illuminate/Foundation/Http/Middleware/TransformsRequest.php(21): Illuminate\\Pipeline\\Pipeline->{closure:{closure:Illuminate\\Pipeline\\Pipeline::carry():184}:185}(Object(Illuminate\\Http\\Request))
#23 /Users/lkmdigital/monbeaupays.com/backend/vendor/laravel/framework/src/Illuminate/Foundation/Http/Middleware/TrimStrings.php(51): Illuminate\\Foundation\\Http\\Middleware\\TransformsRequest->handle(Object(Illuminate\\Http\\Request), Object(Closure))
#24 /Users/lkmdigital/monbeaupays.com/backend/vendor/laravel/framework/src/Illuminate/Pipeline/Pipeline.php(209): Illuminate\\Foundation\\Http\\Middleware\\TrimStrings->handle(Object(Illuminate\\Http\\Request), Object(Closure))
#25 /Users/lkmdigital/monbeaupays.com/backend/vendor/laravel/framework/src/Illuminate/Http/Middleware/ValidatePostSize.php(27): Illuminate\\Pipeline\\Pipeline->{closure:{closure:Illuminate\\Pipeline\\Pipeline::carry():184}:185}(Object(Illuminate\\Http\\Request))
#26 /Users/lkmdigital/monbeaupays.com/backend/vendor/laravel/framework/src/Illuminate/Pipeline/Pipeline.php(209): Illuminate\\Http\\Middleware\\ValidatePostSize->handle(Object(Illuminate\\Http\\Request), Object(Closure))
#27 /Users/lkmdigital/monbeaupays.com/backend/vendor/laravel/framework/src/Illuminate/Foundation/Http/Middleware/PreventRequestsDuringMaintenance.php(110): Illuminate\\Pipeline\\Pipeline->{closure:{closure:Illuminate\\Pipeline\\Pipeline::carry():184}:185}(Object(Illuminate\\Http\\Request))
#28 /Users/lkmdigital/monbeaupays.com/backend/vendor/laravel/framework/src/Illuminate/Pipeline/Pipeline.php(209): Illuminate\\Foundation\\Http\\Middleware\\PreventRequestsDuringMaintenance->handle(Object(Illuminate\\Http\\Request), Object(Closure))
#29 /Users/lkmdigital/monbeaupays.com/backend/vendor/laravel/framework/src/Illuminate/Http/Middleware/HandleCors.php(49): Illuminate\\Pipeline\\Pipeline->{closure:{closure:Illuminate\\Pipeline\\Pipeline::carry():184}:185}(Object(Illuminate\\Http\\Request))
#30 /Users/lkmdigital/monbeaupays.com/backend/vendor/laravel/framework/src/Illuminate/Pipeline/Pipeline.php(209): Illuminate\\Http\\Middleware\\HandleCors->handle(Object(Illuminate\\Http\\Request), Object(Closure))
#31 /Users/lkmdigital/monbeaupays.com/backend/vendor/laravel/framework/src/Illuminate/Http/Middleware/TrustProxies.php(58): Illuminate\\Pipeline\\Pipeline->{closure:{closure:Illuminate\\Pipeline\\Pipeline::carry():184}:185}(Object(Illuminate\\Http\\Request))
#32 /Users/lkmdigital/monbeaupays.com/backend/vendor/laravel/framework/src/Illuminate/Pipeline/Pipeline.php(209): Illuminate\\Http\\Middleware\\TrustProxies->handle(Object(Illuminate\\Http\\Request), Object(Closure))
#33 /Users/lkmdigital/monbeaupays.com/backend/vendor/laravel/framework/src/Illuminate/Foundation/Http/Middleware/InvokeDeferredCallbacks.php(22): Illuminate\\Pipeline\\Pipeline->{closure:{closure:Illuminate\\Pipeline\\Pipeline::carry():184}:185}(Object(Illuminate\\Http\\Request))
#34 /Users/lkmdigital/monbeaupays.com/backend/vendor/laravel/framework/src/Illuminate/Pipeline/Pipeline.php(209): Illuminate\\Foundation\\Http\\Middleware\\InvokeDeferredCallbacks->handle(Object(Illuminate\\Http\\Request), Object(Closure))
#35 /Users/lkmdigital/monbeaupays.com/backend/vendor/laravel/framework/src/Illuminate/Pipeline/Pipeline.php(127): Illuminate\\Pipeline\\Pipeline->{closure:{closure:Illuminate\\Pipeline\\Pipeline::carry():184}:185}(Object(Illuminate\\Http\\Request))
#36 /Users/lkmdigital/monbeaupays.com/backend/vendor/laravel/framework/src/Illuminate/Foundation/Http/Kernel.php(176): Illuminate\\Pipeline\\Pipeline->then(Object(Closure))
#37 /Users/lkmdigital/monbeaupays.com/backend/vendor/laravel/framework/src/Illuminate/Foundation/Http/Kernel.php(145): Illuminate\\Foundation\\Http\\Kernel->sendRequestThroughRouter(Object(Illuminate\\Http\\Request))
#38 /Users/lkmdigital/monbeaupays.com/backend/public/index.php(17): Illuminate\\Foundation\\Http\\Kernel->handle(Object(Illuminate\\Http\\Request))
#39 /Users/lkmdigital/monbeaupays.com/backend/vendor/laravel/framework/src/Illuminate/Foundation/resources/server.php(23): require_once('/Users/lkmdigit...')
#40 {main}
"} 
[2025-11-11 16:14:05] local.ERROR: Please provide a valid cache path. {"exception":"[object] (InvalidArgumentException(code: 0): Please provide a valid cache path. at /Users/lkmdigital/monbeaupays.com/backend/vendor/laravel/framework/src/Illuminate/View/Compilers/Compiler.php:67)
[stacktrace]
#0 /Users/lkmdigital/monbeaupays.com/backend/vendor/laravel/framework/src/Illuminate/View/ViewServiceProvider.php(97): Illuminate\\View\\Compilers\\Compiler->__construct(Object(Illuminate\\Filesystem\\Filesystem), false, '', true, 'php')
#1 /Users/lkmdigital/monbeaupays.com/backend/vendor/laravel/framework/src/Illuminate/Container/Container.php(952): Illuminate\\View\\ViewServiceProvider->{closure:Illuminate\\View\\ViewServiceProvider::registerBladeCompiler():96}(Object(Illuminate\\Foundation\\Application), Array)
#2 /Users/lkmdigital/monbeaupays.com/backend/vendor/laravel/framework/src/Illuminate/Container/Container.php(832): Illuminate\\Container\\Container->build(Object(Closure))
#3 /Users/lkmdigital/monbeaupays.com/backend/vendor/laravel/framework/src/Illuminate/Foundation/Application.php(1078): Illuminate\\Container\\Container->resolve('blade.compiler', Array, true)
#4 /Users/lkmdigital/monbeaupays.com/backend/vendor/laravel/framework/src/Illuminate/Container/Container.php(763): Illuminate\\Foundation\\Application->resolve('blade.compiler', Array)
#5 /Users/lkmdigital/monbeaupays.com/backend/vendor/laravel/framework/src/Illuminate/Foundation/Application.php(1058): Illuminate\\Container\\Container->make('blade.compiler', Array)
#6 /Users/lkmdigital/monbeaupays.com/backend/vendor/laravel/framework/src/Illuminate/View/ViewServiceProvider.php(168): Illuminate\\Foundation\\Application->make('blade.compiler')
#7 [internal function]: Illuminate\\View\\ViewServiceProvider->{closure:Illuminate\\View\\ViewServiceProvider::registerBladeEngine():164}()
#8 /Users/lkmdigital/monbeaupays.com/backend/vendor/laravel/framework/src/Illuminate/View/Engines/EngineResolver.php(55): call_user_func(Object(Closure))
#9 /Users/lkmdigital/monbeaupays.com/backend/vendor/laravel/framework/src/Illuminate/View/Factory.php(326): Illuminate\\View\\Engines\\EngineResolver->resolve('blade')
#10 /Users/lkmdigital/monbeaupays.com/backend/vendor/laravel/framework/src/Illuminate/View/Factory.php(288): Illuminate\\View\\Factory->getEngineFromPath('/Users/lkmdigit...')
#11 /Users/lkmdigital/monbeaupays.com/backend/vendor/laravel/framework/src/Illuminate/View/Factory.php(160): Illuminate\\View\\Factory->viewInstance('errors::404', '/Users/lkmdigit...', Array)
#12 /Users/lkmdigital/monbeaupays.com/backend/vendor/laravel/framework/src/Illuminate/Routing/ResponseFactory.php(90): Illuminate\\View\\Factory->make('errors::404', Array)
#13 /Users/lkmdigital/monbeaupays.com/backend/vendor/laravel/framework/src/Illuminate/Foundation/Exceptions/Handler.php(894): Illuminate\\Routing\\ResponseFactory->view('errors::404', Array, 404, Array)
#14 /Users/lkmdigital/monbeaupays.com/backend/vendor/laravel/framework/src/Illuminate/Foundation/Exceptions/Handler.php(815): Illuminate\\Foundation\\Exceptions\\Handler->renderHttpException(Object(Symfony\\Component\\HttpKernel\\Exception\\NotFoundHttpException))
#15 /Users/lkmdigital/monbeaupays.com/backend/vendor/laravel/framework/src/Illuminate/Foundation/Exceptions/Handler.php(706): Illuminate\\Foundation\\Exceptions\\Handler->prepareResponse(Object(Illuminate\\Http\\Request), Object(Symfony\\Component\\HttpKernel\\Exception\\NotFoundHttpException))
#16 /Users/lkmdigital/monbeaupays.com/backend/vendor/laravel/framework/src/Illuminate/Foundation/Exceptions/Handler.php(594): Illuminate\\Foundation\\Exceptions\\Handler->renderExceptionResponse(Object(Illuminate\\Http\\Request), Object(Symfony\\Component\\HttpKernel\\Exception\\NotFoundHttpException))
#17 /Users/lkmdigital/monbeaupays.com/backend/vendor/laravel/framework/src/Illuminate/Routing/Pipeline.php(51): Illuminate\\Foundation\\Exceptions\\Handler->render(Object(Illuminate\\Http\\Request), Object(Symfony\\Component\\HttpKernel\\Exception\\NotFoundHttpException))
#18 /Users/lkmdigital/monbeaupays.com/backend/vendor/laravel/framework/src/Illuminate/Pipeline/Pipeline.php(172): Illuminate\\Routing\\Pipeline->handleException(Object(Illuminate\\Http\\Request), Object(Symfony\\Component\\HttpKernel\\Exception\\NotFoundHttpException))
#19 /Users/lkmdigital/monbeaupays.com/backend/vendor/laravel/framework/src/Illuminate/Foundation/Http/Middleware/TransformsRequest.php(21): Illuminate\\Pipeline\\Pipeline->{closure:Illuminate\\Pipeline\\Pipeline::prepareDestination():168}(Object(Illuminate\\Http\\Request))
#20 /Users/lkmdigital/monbeaupays.com/backend/vendor/laravel/framework/src/Illuminate/Foundation/Http/Middleware/ConvertEmptyStringsToNull.php(31): Illuminate\\Foundation\\Http\\Middleware\\TransformsRequest->handle(Object(Illuminate\\Http\\Request), Object(Closure))
#21 /Users/lkmdigital/monbeaupays.com/backend/vendor/laravel/framework/src/Illuminate/Pipeline/Pipeline.php(209): Illuminate\\Foundation\\Http\\Middleware\\ConvertEmptyStringsToNull->handle(Object(Illuminate\\Http\\Request), Object(Closure))
#22 /Users/lkmdigital/monbeaupays.com/backend/vendor/laravel/framework/src/Illuminate/Foundation/Http/Middleware/TransformsRequest.php(21): Illuminate\\Pipeline\\Pipeline->{closure:{closure:Illuminate\\Pipeline\\Pipeline::carry():184}:185}(Object(Illuminate\\Http\\Request))
#23 /Users/lkmdigital/monbeaupays.com/backend/vendor/laravel/framework/src/Illuminate/Foundation/Http/Middleware/TrimStrings.php(51): Illuminate\\Foundation\\Http\\Middleware\\TransformsRequest->handle(Object(Illuminate\\Http\\Request), Object(Closure))
#24 /Users/lkmdigital/monbeaupays.com/backend/vendor/laravel/framework/src/Illuminate/Pipeline/Pipeline.php(209): Illuminate\\Foundation\\Http\\Middleware\\TrimStrings->handle(Object(Illuminate\\Http\\Request), Object(Closure))
#25 /Users/lkmdigital/monbeaupays.com/backend/vendor/laravel/framework/src/Illuminate/Http/Middleware/ValidatePostSize.php(27): Illuminate\\Pipeline\\Pipeline->{closure:{closure:Illuminate\\Pipeline\\Pipeline::carry():184}:185}(Object(Illuminate\\Http\\Request))
#26 /Users/lkmdigital/monbeaupays.com/backend/vendor/laravel/framework/src/Illuminate/Pipeline/Pipeline.php(209): Illuminate\\Http\\Middleware\\ValidatePostSize->handle(Object(Illuminate\\Http\\Request), Object(Closure))
#27 /Users/lkmdigital/monbeaupays.com/backend/vendor/laravel/framework/src/Illuminate/Foundation/Http/Middleware/PreventRequestsDuringMaintenance.php(110): Illuminate\\Pipeline\\Pipeline->{closure:{closure:Illuminate\\Pipeline\\Pipeline::carry():184}:185}(Object(Illuminate\\Http\\Request))
#28 /Users/lkmdigital/monbeaupays.com/backend/vendor/laravel/framework/src/Illuminate/Pipeline/Pipeline.php(209): Illuminate\\Foundation\\Http\\Middleware\\PreventRequestsDuringMaintenance->handle(Object(Illuminate\\Http\\Request), Object(Closure))
#29 /Users/lkmdigital/monbeaupays.com/backend/vendor/laravel/framework/src/Illuminate/Http/Middleware/HandleCors.php(49): Illuminate\\Pipeline\\Pipeline->{closure:{closure:Illuminate\\Pipeline\\Pipeline::carry():184}:185}(Object(Illuminate\\Http\\Request))
#30 /Users/lkmdigital/monbeaupays.com/backend/vendor/laravel/framework/src/Illuminate/Pipeline/Pipeline.php(209): Illuminate\\Http\\Middleware\\HandleCors->handle(Object(Illuminate\\Http\\Request), Object(Closure))
#31 /Users/lkmdigital/monbeaupays.com/backend/vendor/laravel/framework/src/Illuminate/Http/Middleware/TrustProxies.php(58): Illuminate\\Pipeline\\Pipeline->{closure:{closure:Illuminate\\Pipeline\\Pipeline::carry():184}:185}(Object(Illuminate\\Http\\Request))
#32 /Users/lkmdigital/monbeaupays.com/backend/vendor/laravel/framework/src/Illuminate/Pipeline/Pipeline.php(209): Illuminate\\Http\\Middleware\\TrustProxies->handle(Object(Illuminate\\Http\\Request), Object(Closure))
#33 /Users/lkmdigital/monbeaupays.com/backend/vendor/laravel/framework/src/Illuminate/Foundation/Http/Middleware/InvokeDeferredCallbacks.php(22): Illuminate\\Pipeline\\Pipeline->{closure:{closure:Illuminate\\Pipeline\\Pipeline::carry():184}:185}(Object(Illuminate\\Http\\Request))
#34 /Users/lkmdigital/monbeaupays.com/backend/vendor/laravel/framework/src/Illuminate/Pipeline/Pipeline.php(209): Illuminate\\Foundation\\Http\\Middleware\\InvokeDeferredCallbacks->handle(Object(Illuminate\\Http\\Request), Object(Closure))
#35 /Users/lkmdigital/monbeaupays.com/backend/vendor/laravel/framework/src/Illuminate/Pipeline/Pipeline.php(127): Illuminate\\Pipeline\\Pipeline->{closure:{closure:Illuminate\\Pipeline\\Pipeline::carry():184}:185}(Object(Illuminate\\Http\\Request))
#36 /Users/lkmdigital/monbeaupays.com/backend/vendor/laravel/framework/src/Illuminate/Foundation/Http/Kernel.php(176): Illuminate\\Pipeline\\Pipeline->then(Object(Closure))
#37 /Users/lkmdigital/monbeaupays.com/backend/vendor/laravel/framework/src/Illuminate/Foundation/Http/Kernel.php(145): Illuminate\\Foundation\\Http\\Kernel->sendRequestThroughRouter(Object(Illuminate\\Http\\Request))
#38 /Users/lkmdigital/monbeaupays.com/backend/public/index.php(17): Illuminate\\Foundation\\Http\\Kernel->handle(Object(Illuminate\\Http\\Request))
#39 /Users/lkmdigital/monbeaupays.com/backend/vendor/laravel/framework/src/Illuminate/Foundation/resources/server.php(23): require_once('/Users/lkmdigit...')
#40 {main}
"} 
[2025-11-11 16:14:51] local.ERROR: Please provide a valid cache path. {"exception":"[object] (InvalidArgumentException(code: 0): Please provide a valid cache path. at /Users/lkmdigital/monbeaupays.com/backend/vendor/laravel/framework/src/Illuminate/View/Compilers/Compiler.php:67)
[stacktrace]
#0 /Users/lkmdigital/monbeaupays.com/backend/vendor/laravel/framework/src/Illuminate/View/ViewServiceProvider.php(97): Illuminate\\View\\Compilers\\Compiler->__construct(Object(Illuminate\\Filesystem\\Filesystem), false, '', true, 'php')
#1 /Users/lkmdigital/monbeaupays.com/backend/vendor/laravel/framework/src/Illuminate/Container/Container.php(952): Illuminate\\View\\ViewServiceProvider->{closure:Illuminate\\View\\ViewServiceProvider::registerBladeCompiler():96}(Object(Illuminate\\Foundation\\Application), Array)
#2 /Users/lkmdigital/monbeaupays.com/backend/vendor/laravel/framework/src/Illuminate/Container/Container.php(832): Illuminate\\Container\\Container->build(Object(Closure))
#3 /Users/lkmdigital/monbeaupays.com/backend/vendor/laravel/framework/src/Illuminate/Foundation/Application.php(1078): Illuminate\\Container\\Container->resolve('blade.compiler', Array, true)
#4 /Users/lkmdigital/monbeaupays.com/backend/vendor/laravel/framework/src/Illuminate/Container/Container.php(763): Illuminate\\Foundation\\Application->resolve('blade.compiler', Array)
#5 /Users/lkmdigital/monbeaupays.com/backend/vendor/laravel/framework/src/Illuminate/Foundation/Application.php(1058): Illuminate\\Container\\Container->make('blade.compiler', Array)
#6 /Users/lkmdigital/monbeaupays.com/backend/vendor/laravel/framework/src/Illuminate/View/ViewServiceProvider.php(168): Illuminate\\Foundation\\Application->make('blade.compiler')
#7 [internal function]: Illuminate\\View\\ViewServiceProvider->{closure:Illuminate\\View\\ViewServiceProvider::registerBladeEngine():164}()
#8 /Users/lkmdigital/monbeaupays.com/backend/vendor/laravel/framework/src/Illuminate/View/Engines/EngineResolver.php(55): call_user_func(Object(Closure))
#9 /Users/lkmdigital/monbeaupays.com/backend/vendor/laravel/framework/src/Illuminate/View/Factory.php(326): Illuminate\\View\\Engines\\EngineResolver->resolve('blade')
#10 /Users/lkmdigital/monbeaupays.com/backend/vendor/laravel/framework/src/Illuminate/View/Factory.php(288): Illuminate\\View\\Factory->getEngineFromPath('/Users/lkmdigit...')
#11 /Users/lkmdigital/monbeaupays.com/backend/vendor/laravel/framework/src/Illuminate/View/Factory.php(160): Illuminate\\View\\Factory->viewInstance('errors::404', '/Users/lkmdigit...', Array)
#12 /Users/lkmdigital/monbeaupays.com/backend/vendor/laravel/framework/src/Illuminate/Routing/ResponseFactory.php(90): Illuminate\\View\\Factory->make('errors::404', Array)
#13 /Users/lkmdigital/monbeaupays.com/backend/vendor/laravel/framework/src/Illuminate/Foundation/Exceptions/Handler.php(894): Illuminate\\Routing\\ResponseFactory->view('errors::404', Array, 404, Array)
#14 /Users/lkmdigital/monbeaupays.com/backend/vendor/laravel/framework/src/Illuminate/Foundation/Exceptions/Handler.php(815): Illuminate\\Foundation\\Exceptions\\Handler->renderHttpException(Object(Symfony\\Component\\HttpKernel\\Exception\\NotFoundHttpException))
#15 /Users/lkmdigital/monbeaupays.com/backend/vendor/laravel/framework/src/Illuminate/Foundation/Exceptions/Handler.php(706): Illuminate\\Foundation\\Exceptions\\Handler->prepareResponse(Object(Illuminate\\Http\\Request), Object(Symfony\\Component\\HttpKernel\\Exception\\NotFoundHttpException))
#16 /Users/lkmdigital/monbeaupays.com/backend/vendor/laravel/framework/src/Illuminate/Foundation/Exceptions/Handler.php(594): Illuminate\\Foundation\\Exceptions\\Handler->renderExceptionResponse(Object(Illuminate\\Http\\Request), Object(Symfony\\Component\\HttpKernel\\Exception\\NotFoundHttpException))
#17 /Users/lkmdigital/monbeaupays.com/backend/vendor/laravel/framework/src/Illuminate/Routing/Pipeline.php(51): Illuminate\\Foundation\\Exceptions\\Handler->render(Object(Illuminate\\Http\\Request), Object(Symfony\\Component\\HttpKernel\\Exception\\NotFoundHttpException))
#18 /Users/lkmdigital/monbeaupays.com/backend/vendor/laravel/framework/src/Illuminate/Pipeline/Pipeline.php(172): Illuminate\\Routing\\Pipeline->handleException(Object(Illuminate\\Http\\Request), Object(Symfony\\Component\\HttpKernel\\Exception\\NotFoundHttpException))
#19 /Users/lkmdigital/monbeaupays.com/backend/vendor/laravel/framework/src/Illuminate/Foundation/Http/Middleware/TransformsRequest.php(21): Illuminate\\Pipeline\\Pipeline->{closure:Illuminate\\Pipeline\\Pipeline::prepareDestination():168}(Object(Illuminate\\Http\\Request))
#20 /Users/lkmdigital/monbeaupays.com/backend/vendor/laravel/framework/src/Illuminate/Foundation/Http/Middleware/ConvertEmptyStringsToNull.php(31): Illuminate\\Foundation\\Http\\Middleware\\TransformsRequest->handle(Object(Illuminate\\Http\\Request), Object(Closure))
#21 /Users/lkmdigital/monbeaupays.com/backend/vendor/laravel/framework/src/Illuminate/Pipeline/Pipeline.php(209): Illuminate\\Foundation\\Http\\Middleware\\ConvertEmptyStringsToNull->handle(Object(Illuminate\\Http\\Request), Object(Closure))
#22 /Users/lkmdigital/monbeaupays.com/backend/vendor/laravel/framework/src/Illuminate/Foundation/Http/Middleware/TransformsRequest.php(21): Illuminate\\Pipeline\\Pipeline->{closure:{closure:Illuminate\\Pipeline\\Pipeline::carry():184}:185}(Object(Illuminate\\Http\\Request))
#23 /Users/lkmdigital/monbeaupays.com/backend/vendor/laravel/framework/src/Illuminate/Foundation/Http/Middleware/TrimStrings.php(51): Illuminate\\Foundation\\Http\\Middleware\\TransformsRequest->handle(Object(Illuminate\\Http\\Request), Object(Closure))
#24 /Users/lkmdigital/monbeaupays.com/backend/vendor/laravel/framework/src/Illuminate/Pipeline/Pipeline.php(209): Illuminate\\Foundation\\Http\\Middleware\\TrimStrings->handle(Object(Illuminate\\Http\\Request), Object(Closure))
#25 /Users/lkmdigital/monbeaupays.com/backend/vendor/laravel/framework/src/Illuminate/Http/Middleware/ValidatePostSize.php(27): Illuminate\\Pipeline\\Pipeline->{closure:{closure:Illuminate\\Pipeline\\Pipeline::carry():184}:185}(Object(Illuminate\\Http\\Request))
#26 /Users/lkmdigital/monbeaupays.com/backend/vendor/laravel/framework/src/Illuminate/Pipeline/Pipeline.php(209): Illuminate\\Http\\Middleware\\ValidatePostSize->handle(Object(Illuminate\\Http\\Request), Object(Closure))
#27 /Users/lkmdigital/monbeaupays.com/backend/vendor/laravel/framework/src/Illuminate/Foundation/Http/Middleware/PreventRequestsDuringMaintenance.php(110): Illuminate\\Pipeline\\Pipeline->{closure:{closure:Illuminate\\Pipeline\\Pipeline::carry():184}:185}(Object(Illuminate\\Http\\Request))
#28 /Users/lkmdigital/monbeaupays.com/backend/vendor/laravel/framework/src/Illuminate/Pipeline/Pipeline.php(209): Illuminate\\Foundation\\Http\\Middleware\\PreventRequestsDuringMaintenance->handle(Object(Illuminate\\Http\\Request), Object(Closure))
#29 /Users/lkmdigital/monbeaupays.com/backend/vendor/laravel/framework/src/Illuminate/Http/Middleware/HandleCors.php(49): Illuminate\\Pipeline\\Pipeline->{closure:{closure:Illuminate\\Pipeline\\Pipeline::carry():184}:185}(Object(Illuminate\\Http\\Request))
#30 /Users/lkmdigital/monbeaupays.com/backend/vendor/laravel/framework/src/Illuminate/Pipeline/Pipeline.php(209): Illuminate\\Http\\Middleware\\HandleCors->handle(Object(Illuminate\\Http\\Request), Object(Closure))
#31 /Users/lkmdigital/monbeaupays.com/backend/vendor/laravel/framework/src/Illuminate/Http/Middleware/TrustProxies.php(58): Illuminate\\Pipeline\\Pipeline->{closure:{closure:Illuminate\\Pipeline\\Pipeline::carry():184}:185}(Object(Illuminate\\Http\\Request))
#32 /Users/lkmdigital/monbeaupays.com/backend/vendor/laravel/framework/src/Illuminate/Pipeline/Pipeline.php(209): Illuminate\\Http\\Middleware\\TrustProxies->handle(Object(Illuminate\\Http\\Request), Object(Closure))
#33 /Users/lkmdigital/monbeaupays.com/backend/vendor/laravel/framework/src/Illuminate/Foundation/Http/Middleware/InvokeDeferredCallbacks.php(22): Illuminate\\Pipeline\\Pipeline->{closure:{closure:Illuminate\\Pipeline\\Pipeline::carry():184}:185}(Object(Illuminate\\Http\\Request))
#34 /Users/lkmdigital/monbeaupays.com/backend/vendor/laravel/framework/src/Illuminate/Pipeline/Pipeline.php(209): Illuminate\\Foundation\\Http\\Middleware\\InvokeDeferredCallbacks->handle(Object(Illuminate\\Http\\Request), Object(Closure))
#35 /Users/lkmdigital/monbeaupays.com/backend/vendor/laravel/framework/src/Illuminate/Pipeline/Pipeline.php(127): Illuminate\\Pipeline\\Pipeline->{closure:{closure:Illuminate\\Pipeline\\Pipeline::carry():184}:185}(Object(Illuminate\\Http\\Request))
#36 /Users/lkmdigital/monbeaupays.com/backend/vendor/laravel/framework/src/Illuminate/Foundation/Http/Kernel.php(176): Illuminate\\Pipeline\\Pipeline->then(Object(Closure))
#37 /Users/lkmdigital/monbeaupays.com/backend/vendor/laravel/framework/src/Illuminate/Foundation/Http/Kernel.php(145): Illuminate\\Foundation\\Http\\Kernel->sendRequestThroughRouter(Object(Illuminate\\Http\\Request))
#38 /Users/lkmdigital/monbeaupays.com/backend/public/index.php(17): Illuminate\\Foundation\\Http\\Kernel->handle(Object(Illuminate\\Http\\Request))
#39 /Users/lkmdigital/monbeaupays.com/backend/vendor/laravel/framework/src/Illuminate/Foundation/resources/server.php(23): require_once('/Users/lkmdigit...')
#40 {main}
"} 
[2025-11-11 16:14:54] local.ERROR: Please provide a valid cache path. {"exception":"[object] (InvalidArgumentException(code: 0): Please provide a valid cache path. at /Users/lkmdigital/monbeaupays.com/backend/vendor/laravel/framework/src/Illuminate/View/Compilers/Compiler.php:67)
[stacktrace]
#0 /Users/lkmdigital/monbeaupays.com/backend/vendor/laravel/framework/src/Illuminate/View/ViewServiceProvider.php(97): Illuminate\\View\\Compilers\\Compiler->__construct(Object(Illuminate\\Filesystem\\Filesystem), false, '', true, 'php')
#1 /Users/lkmdigital/monbeaupays.com/backend/vendor/laravel/framework/src/Illuminate/Container/Container.php(952): Illuminate\\View\\ViewServiceProvider->{closure:Illuminate\\View\\ViewServiceProvider::registerBladeCompiler():96}(Object(Illuminate\\Foundation\\Application), Array)
#2 /Users/lkmdigital/monbeaupays.com/backend/vendor/laravel/framework/src/Illuminate/Container/Container.php(832): Illuminate\\Container\\Container->build(Object(Closure))
#3 /Users/lkmdigital/monbeaupays.com/backend/vendor/laravel/framework/src/Illuminate/Foundation/Application.php(1078): Illuminate\\Container\\Container->resolve('blade.compiler', Array, true)
#4 /Users/lkmdigital/monbeaupays.com/backend/vendor/laravel/framework/src/Illuminate/Container/Container.php(763): Illuminate\\Foundation\\Application->resolve('blade.compiler', Array)
#5 /Users/lkmdigital/monbeaupays.com/backend/vendor/laravel/framework/src/Illuminate/Foundation/Application.php(1058): Illuminate\\Container\\Container->make('blade.compiler', Array)
#6 /Users/lkmdigital/monbeaupays.com/backend/vendor/laravel/framework/src/Illuminate/View/ViewServiceProvider.php(168): Illuminate\\Foundation\\Application->make('blade.compiler')
#7 [internal function]: Illuminate\\View\\ViewServiceProvider->{closure:Illuminate\\View\\ViewServiceProvider::registerBladeEngine():164}()
#8 /Users/lkmdigital/monbeaupays.com/backend/vendor/laravel/framework/src/Illuminate/View/Engines/EngineResolver.php(55): call_user_func(Object(Closure))
#9 /Users/lkmdigital/monbeaupays.com/backend/vendor/laravel/framework/src/Illuminate/View/Factory.php(326): Illuminate\\View\\Engines\\EngineResolver->resolve('blade')
#10 /Users/lkmdigital/monbeaupays.com/backend/vendor/laravel/framework/src/Illuminate/View/Factory.php(288): Illuminate\\View\\Factory->getEngineFromPath('/Users/lkmdigit...')
#11 /Users/lkmdigital/monbeaupays.com/backend/vendor/laravel/framework/src/Illuminate/View/Factory.php(160): Illuminate\\View\\Factory->viewInstance('errors::404', '/Users/lkmdigit...', Array)
#12 /Users/lkmdigital/monbeaupays.com/backend/vendor/laravel/framework/src/Illuminate/Routing/ResponseFactory.php(90): Illuminate\\View\\Factory->make('errors::404', Array)
#13 /Users/lkmdigital/monbeaupays.com/backend/vendor/laravel/framework/src/Illuminate/Foundation/Exceptions/Handler.php(894): Illuminate\\Routing\\ResponseFactory->view('errors::404', Array, 404, Array)
#14 /Users/lkmdigital/monbeaupays.com/backend/vendor/laravel/framework/src/Illuminate/Foundation/Exceptions/Handler.php(815): Illuminate\\Foundation\\Exceptions\\Handler->renderHttpException(Object(Symfony\\Component\\HttpKernel\\Exception\\NotFoundHttpException))
#15 /Users/lkmdigital/monbeaupays.com/backend/vendor/laravel/framework/src/Illuminate/Foundation/Exceptions/Handler.php(706): Illuminate\\Foundation\\Exceptions\\Handler->prepareResponse(Object(Illuminate\\Http\\Request), Object(Symfony\\Component\\HttpKernel\\Exception\\NotFoundHttpException))
#16 /Users/lkmdigital/monbeaupays.com/backend/vendor/laravel/framework/src/Illuminate/Foundation/Exceptions/Handler.php(594): Illuminate\\Foundation\\Exceptions\\Handler->renderExceptionResponse(Object(Illuminate\\Http\\Request), Object(Symfony\\Component\\HttpKernel\\Exception\\NotFoundHttpException))
#17 /Users/lkmdigital/monbeaupays.com/backend/vendor/laravel/framework/src/Illuminate/Routing/Pipeline.php(51): Illuminate\\Foundation\\Exceptions\\Handler->render(Object(Illuminate\\Http\\Request), Object(Symfony\\Component\\HttpKernel\\Exception\\NotFoundHttpException))
#18 /Users/lkmdigital/monbeaupays.com/backend/vendor/laravel/framework/src/Illuminate/Pipeline/Pipeline.php(172): Illuminate\\Routing\\Pipeline->handleException(Object(Illuminate\\Http\\Request), Object(Symfony\\Component\\HttpKernel\\Exception\\NotFoundHttpException))
#19 /Users/lkmdigital/monbeaupays.com/backend/vendor/laravel/framework/src/Illuminate/Foundation/Http/Middleware/TransformsRequest.php(21): Illuminate\\Pipeline\\Pipeline->{closure:Illuminate\\Pipeline\\Pipeline::prepareDestination():168}(Object(Illuminate\\Http\\Request))
#20 /Users/lkmdigital/monbeaupays.com/backend/vendor/laravel/framework/src/Illuminate/Foundation/Http/Middleware/ConvertEmptyStringsToNull.php(31): Illuminate\\Foundation\\Http\\Middleware\\TransformsRequest->handle(Object(Illuminate\\Http\\Request), Object(Closure))
#21 /Users/lkmdigital/monbeaupays.com/backend/vendor/laravel/framework/src/Illuminate/Pipeline/Pipeline.php(209): Illuminate\\Foundation\\Http\\Middleware\\ConvertEmptyStringsToNull->handle(Object(Illuminate\\Http\\Request), Object(Closure))
#22 /Users/lkmdigital/monbeaupays.com/backend/vendor/laravel/framework/src/Illuminate/Foundation/Http/Middleware/TransformsRequest.php(21): Illuminate\\Pipeline\\Pipeline->{closure:{closure:Illuminate\\Pipeline\\Pipeline::carry():184}:185}(Object(Illuminate\\Http\\Request))
#23 /Users/lkmdigital/monbeaupays.com/backend/vendor/laravel/framework/src/Illuminate/Foundation/Http/Middleware/TrimStrings.php(51): Illuminate\\Foundation\\Http\\Middleware\\TransformsRequest->handle(Object(Illuminate\\Http\\Request), Object(Closure))
#24 /Users/lkmdigital/monbeaupays.com/backend/vendor/laravel/framework/src/Illuminate/Pipeline/Pipeline.php(209): Illuminate\\Foundation\\Http\\Middleware\\TrimStrings->handle(Object(Illuminate\\Http\\Request), Object(Closure))
#25 /Users/lkmdigital/monbeaupays.com/backend/vendor/laravel/framework/src/Illuminate/Http/Middleware/ValidatePostSize.php(27): Illuminate\\Pipeline\\Pipeline->{closure:{closure:Illuminate\\Pipeline\\Pipeline::carry():184}:185}(Object(Illuminate\\Http\\Request))
#26 /Users/lkmdigital/monbeaupays.com/backend/vendor/laravel/framework/src/Illuminate/Pipeline/Pipeline.php(209): Illuminate\\Http\\Middleware\\ValidatePostSize->handle(Object(Illuminate\\Http\\Request), Object(Closure))
#27 /Users/lkmdigital/monbeaupays.com/backend/vendor/laravel/framework/src/Illuminate/Foundation/Http/Middleware/PreventRequestsDuringMaintenance.php(110): Illuminate\\Pipeline\\Pipeline->{closure:{closure:Illuminate\\Pipeline\\Pipeline::carry():184}:185}(Object(Illuminate\\Http\\Request))
#28 /Users/lkmdigital/monbeaupays.com/backend/vendor/laravel/framework/src/Illuminate/Pipeline/Pipeline.php(209): Illuminate\\Foundation\\Http\\Middleware\\PreventRequestsDuringMaintenance->handle(Object(Illuminate\\Http\\Request), Object(Closure))
#29 /Users/lkmdigital/monbeaupays.com/backend/vendor/laravel/framework/src/Illuminate/Http/Middleware/HandleCors.php(49): Illuminate\\Pipeline\\Pipeline->{closure:{closure:Illuminate\\Pipeline\\Pipeline::carry():184}:185}(Object(Illuminate\\Http\\Request))
#30 /Users/lkmdigital/monbeaupays.com/backend/vendor/laravel/framework/src/Illuminate/Pipeline/Pipeline.php(209): Illuminate\\Http\\Middleware\\HandleCors->handle(Object(Illuminate\\Http\\Request), Object(Closure))
#31 /Users/lkmdigital/monbeaupays.com/backend/vendor/laravel/framework/src/Illuminate/Http/Middleware/TrustProxies.php(58): Illuminate\\Pipeline\\Pipeline->{closure:{closure:Illuminate\\Pipeline\\Pipeline::carry():184}:185}(Object(Illuminate\\Http\\Request))
#32 /Users/lkmdigital/monbeaupays.com/backend/vendor/laravel/framework/src/Illuminate/Pipeline/Pipeline.php(209): Illuminate\\Http\\Middleware\\TrustProxies->handle(Object(Illuminate\\Http\\Request), Object(Closure))
#33 /Users/lkmdigital/monbeaupays.com/backend/vendor/laravel/framework/src/Illuminate/Foundation/Http/Middleware/InvokeDeferredCallbacks.php(22): Illuminate\\Pipeline\\Pipeline->{closure:{closure:Illuminate\\Pipeline\\Pipeline::carry():184}:185}(Object(Illuminate\\Http\\Request))
#34 /Users/lkmdigital/monbeaupays.com/backend/vendor/laravel/framework/src/Illuminate/Pipeline/Pipeline.php(209): Illuminate\\Foundation\\Http\\Middleware\\InvokeDeferredCallbacks->handle(Object(Illuminate\\Http\\Request), Object(Closure))
#35 /Users/lkmdigital/monbeaupays.com/backend/vendor/laravel/framework/src/Illuminate/Pipeline/Pipeline.php(127): Illuminate\\Pipeline\\Pipeline->{closure:{closure:Illuminate\\Pipeline\\Pipeline::carry():184}:185}(Object(Illuminate\\Http\\Request))
#36 /Users/lkmdigital/monbeaupays.com/backend/vendor/laravel/framework/src/Illuminate/Foundation/Http/Kernel.php(176): Illuminate\\Pipeline\\Pipeline->then(Object(Closure))
#37 /Users/lkmdigital/monbeaupays.com/backend/vendor/laravel/framework/src/Illuminate/Foundation/Http/Kernel.php(145): Illuminate\\Foundation\\Http\\Kernel->sendRequestThroughRouter(Object(Illuminate\\Http\\Request))
#38 /Users/lkmdigital/monbeaupays.com/backend/public/index.php(17): Illuminate\\Foundation\\Http\\Kernel->handle(Object(Illuminate\\Http\\Request))
#39 /Users/lkmdigital/monbeaupays.com/backend/vendor/laravel/framework/src/Illuminate/Foundation/resources/server.php(23): require_once('/Users/lkmdigit...')
#40 {main}
"} 
[2025-11-11 16:15:21] local.ERROR: Please provide a valid cache path. {"exception":"[object] (InvalidArgumentException(code: 0): Please provide a valid cache path. at /Users/lkmdigital/monbeaupays.com/backend/vendor/laravel/framework/src/Illuminate/View/Compilers/Compiler.php:67)
[stacktrace]
#0 /Users/lkmdigital/monbeaupays.com/backend/vendor/laravel/framework/src/Illuminate/View/ViewServiceProvider.php(97): Illuminate\\View\\Compilers\\Compiler->__construct(Object(Illuminate\\Filesystem\\Filesystem), false, '', true, 'php')
#1 /Users/lkmdigital/monbeaupays.com/backend/vendor/laravel/framework/src/Illuminate/Container/Container.php(952): Illuminate\\View\\ViewServiceProvider->{closure:Illuminate\\View\\ViewServiceProvider::registerBladeCompiler():96}(Object(Illuminate\\Foundation\\Application), Array)
#2 /Users/lkmdigital/monbeaupays.com/backend/vendor/laravel/framework/src/Illuminate/Container/Container.php(832): Illuminate\\Container\\Container->build(Object(Closure))
#3 /Users/lkmdigital/monbeaupays.com/backend/vendor/laravel/framework/src/Illuminate/Foundation/Application.php(1078): Illuminate\\Container\\Container->resolve('blade.compiler', Array, true)
#4 /Users/lkmdigital/monbeaupays.com/backend/vendor/laravel/framework/src/Illuminate/Container/Container.php(763): Illuminate\\Foundation\\Application->resolve('blade.compiler', Array)
#5 /Users/lkmdigital/monbeaupays.com/backend/vendor/laravel/framework/src/Illuminate/Foundation/Application.php(1058): Illuminate\\Container\\Container->make('blade.compiler', Array)
#6 /Users/lkmdigital/monbeaupays.com/backend/vendor/laravel/framework/src/Illuminate/View/ViewServiceProvider.php(168): Illuminate\\Foundation\\Application->make('blade.compiler')
#7 [internal function]: Illuminate\\View\\ViewServiceProvider->{closure:Illuminate\\View\\ViewServiceProvider::registerBladeEngine():164}()
#8 /Users/lkmdigital/monbeaupays.com/backend/vendor/laravel/framework/src/Illuminate/View/Engines/EngineResolver.php(55): call_user_func(Object(Closure))
#9 /Users/lkmdigital/monbeaupays.com/backend/vendor/laravel/framework/src/Illuminate/View/Factory.php(326): Illuminate\\View\\Engines\\EngineResolver->resolve('blade')
#10 /Users/lkmdigital/monbeaupays.com/backend/vendor/laravel/framework/src/Illuminate/View/Factory.php(288): Illuminate\\View\\Factory->getEngineFromPath('/Users/lkmdigit...')
#11 /Users/lkmdigital/monbeaupays.com/backend/vendor/laravel/framework/src/Illuminate/View/Factory.php(160): Illuminate\\View\\Factory->viewInstance('errors::404', '/Users/lkmdigit...', Array)
#12 /Users/lkmdigital/monbeaupays.com/backend/vendor/laravel/framework/src/Illuminate/Routing/ResponseFactory.php(90): Illuminate\\View\\Factory->make('errors::404', Array)
#13 /Users/lkmdigital/monbeaupays.com/backend/vendor/laravel/framework/src/Illuminate/Foundation/Exceptions/Handler.php(894): Illuminate\\Routing\\ResponseFactory->view('errors::404', Array, 404, Array)
#14 /Users/lkmdigital/monbeaupays.com/backend/vendor/laravel/framework/src/Illuminate/Foundation/Exceptions/Handler.php(815): Illuminate\\Foundation\\Exceptions\\Handler->renderHttpException(Object(Symfony\\Component\\HttpKernel\\Exception\\NotFoundHttpException))
#15 /Users/lkmdigital/monbeaupays.com/backend/vendor/laravel/framework/src/Illuminate/Foundation/Exceptions/Handler.php(706): Illuminate\\Foundation\\Exceptions\\Handler->prepareResponse(Object(Illuminate\\Http\\Request), Object(Symfony\\Component\\HttpKernel\\Exception\\NotFoundHttpException))
#16 /Users/lkmdigital/monbeaupays.com/backend/vendor/laravel/framework/src/Illuminate/Foundation/Exceptions/Handler.php(594): Illuminate\\Foundation\\Exceptions\\Handler->renderExceptionResponse(Object(Illuminate\\Http\\Request), Object(Symfony\\Component\\HttpKernel\\Exception\\NotFoundHttpException))
#17 /Users/lkmdigital/monbeaupays.com/backend/vendor/laravel/framework/src/Illuminate/Routing/Pipeline.php(51): Illuminate\\Foundation\\Exceptions\\Handler->render(Object(Illuminate\\Http\\Request), Object(Symfony\\Component\\HttpKernel\\Exception\\NotFoundHttpException))
#18 /Users/lkmdigital/monbeaupays.com/backend/vendor/laravel/framework/src/Illuminate/Pipeline/Pipeline.php(172): Illuminate\\Routing\\Pipeline->handleException(Object(Illuminate\\Http\\Request), Object(Symfony\\Component\\HttpKernel\\Exception\\NotFoundHttpException))
#19 /Users/lkmdigital/monbeaupays.com/backend/vendor/laravel/framework/src/Illuminate/Foundation/Http/Middleware/TransformsRequest.php(21): Illuminate\\Pipeline\\Pipeline->{closure:Illuminate\\Pipeline\\Pipeline::prepareDestination():168}(Object(Illuminate\\Http\\Request))
#20 /Users/lkmdigital/monbeaupays.com/backend/vendor/laravel/framework/src/Illuminate/Foundation/Http/Middleware/ConvertEmptyStringsToNull.php(31): Illuminate\\Foundation\\Http\\Middleware\\TransformsRequest->handle(Object(Illuminate\\Http\\Request), Object(Closure))
#21 /Users/lkmdigital/monbeaupays.com/backend/vendor/laravel/framework/src/Illuminate/Pipeline/Pipeline.php(209): Illuminate\\Foundation\\Http\\Middleware\\ConvertEmptyStringsToNull->handle(Object(Illuminate\\Http\\Request), Object(Closure))
#22 /Users/lkmdigital/monbeaupays.com/backend/vendor/laravel/framework/src/Illuminate/Foundation/Http/Middleware/TransformsRequest.php(21): Illuminate\\Pipeline\\Pipeline->{closure:{closure:Illuminate\\Pipeline\\Pipeline::carry():184}:185}(Object(Illuminate\\Http\\Request))
#23 /Users/lkmdigital/monbeaupays.com/backend/vendor/laravel/framework/src/Illuminate/Foundation/Http/Middleware/TrimStrings.php(51): Illuminate\\Foundation\\Http\\Middleware\\TransformsRequest->handle(Object(Illuminate\\Http\\Request), Object(Closure))
#24 /Users/lkmdigital/monbeaupays.com/backend/vendor/laravel/framework/src/Illuminate/Pipeline/Pipeline.php(209): Illuminate\\Foundation\\Http\\Middleware\\TrimStrings->handle(Object(Illuminate\\Http\\Request), Object(Closure))
#25 /Users/lkmdigital/monbeaupays.com/backend/vendor/laravel/framework/src/Illuminate/Http/Middleware/ValidatePostSize.php(27): Illuminate\\Pipeline\\Pipeline->{closure:{closure:Illuminate\\Pipeline\\Pipeline::carry():184}:185}(Object(Illuminate\\Http\\Request))
#26 /Users/lkmdigital/monbeaupays.com/backend/vendor/laravel/framework/src/Illuminate/Pipeline/Pipeline.php(209): Illuminate\\Http\\Middleware\\ValidatePostSize->handle(Object(Illuminate\\Http\\Request), Object(Closure))
#27 /Users/lkmdigital/monbeaupays.com/backend/vendor/laravel/framework/src/Illuminate/Foundation/Http/Middleware/PreventRequestsDuringMaintenance.php(110): Illuminate\\Pipeline\\Pipeline->{closure:{closure:Illuminate\\Pipeline\\Pipeline::carry():184}:185}(Object(Illuminate\\Http\\Request))
#28 /Users/lkmdigital/monbeaupays.com/backend/vendor/laravel/framework/src/Illuminate/Pipeline/Pipeline.php(209): Illuminate\\Foundation\\Http\\Middleware\\PreventRequestsDuringMaintenance->handle(Object(Illuminate\\Http\\Request), Object(Closure))
#29 /Users/lkmdigital/monbeaupays.com/backend/vendor/laravel/framework/src/Illuminate/Http/Middleware/HandleCors.php(49): Illuminate\\Pipeline\\Pipeline->{closure:{closure:Illuminate\\Pipeline\\Pipeline::carry():184}:185}(Object(Illuminate\\Http\\Request))
#30 /Users/lkmdigital/monbeaupays.com/backend/vendor/laravel/framework/src/Illuminate/Pipeline/Pipeline.php(209): Illuminate\\Http\\Middleware\\HandleCors->handle(Object(Illuminate\\Http\\Request), Object(Closure))
#31 /Users/lkmdigital/monbeaupays.com/backend/vendor/laravel/framework/src/Illuminate/Http/Middleware/TrustProxies.php(58): Illuminate\\Pipeline\\Pipeline->{closure:{closure:Illuminate\\Pipeline\\Pipeline::carry():184}:185}(Object(Illuminate\\Http\\Request))
#32 /Users/lkmdigital/monbeaupays.com/backend/vendor/laravel/framework/src/Illuminate/Pipeline/Pipeline.php(209): Illuminate\\Http\\Middleware\\TrustProxies->handle(Object(Illuminate\\Http\\Request), Object(Closure))
#33 /Users/lkmdigital/monbeaupays.com/backend/vendor/laravel/framework/src/Illuminate/Foundation/Http/Middleware/InvokeDeferredCallbacks.php(22): Illuminate\\Pipeline\\Pipeline->{closure:{closure:Illuminate\\Pipeline\\Pipeline::carry():184}:185}(Object(Illuminate\\Http\\Request))
#34 /Users/lkmdigital/monbeaupays.com/backend/vendor/laravel/framework/src/Illuminate/Pipeline/Pipeline.php(209): Illuminate\\Foundation\\Http\\Middleware\\InvokeDeferredCallbacks->handle(Object(Illuminate\\Http\\Request), Object(Closure))
#35 /Users/lkmdigital/monbeaupays.com/backend/vendor/laravel/framework/src/Illuminate/Pipeline/Pipeline.php(127): Illuminate\\Pipeline\\Pipeline->{closure:{closure:Illuminate\\Pipeline\\Pipeline::carry():184}:185}(Object(Illuminate\\Http\\Request))
#36 /Users/lkmdigital/monbeaupays.com/backend/vendor/laravel/framework/src/Illuminate/Foundation/Http/Kernel.php(176): Illuminate\\Pipeline\\Pipeline->then(Object(Closure))
#37 /Users/lkmdigital/monbeaupays.com/backend/vendor/laravel/framework/src/Illuminate/Foundation/Http/Kernel.php(145): Illuminate\\Foundation\\Http\\Kernel->sendRequestThroughRouter(Object(Illuminate\\Http\\Request))
#38 /Users/lkmdigital/monbeaupays.com/backend/public/index.php(17): Illuminate\\Foundation\\Http\\Kernel->handle(Object(Illuminate\\Http\\Request))
#39 /Users/lkmdigital/monbeaupays.com/backend/vendor/laravel/framework/src/Illuminate/Foundation/resources/server.php(23): require_once('/Users/lkmdigit...')
#40 {main}
"} 
[2025-11-11 16:15:32] local.ERROR: Please provide a valid cache path. {"exception":"[object] (InvalidArgumentException(code: 0): Please provide a valid cache path. at /Users/lkmdigital/monbeaupays.com/backend/vendor/laravel/framework/src/Illuminate/View/Compilers/Compiler.php:67)
[stacktrace]
#0 /Users/lkmdigital/monbeaupays.com/backend/vendor/laravel/framework/src/Illuminate/View/ViewServiceProvider.php(97): Illuminate\\View\\Compilers\\Compiler->__construct(Object(Illuminate\\Filesystem\\Filesystem), false, '', true, 'php')
#1 /Users/lkmdigital/monbeaupays.com/backend/vendor/laravel/framework/src/Illuminate/Container/Container.php(952): Illuminate\\View\\ViewServiceProvider->{closure:Illuminate\\View\\ViewServiceProvider::registerBladeCompiler():96}(Object(Illuminate\\Foundation\\Application), Array)
#2 /Users/lkmdigital/monbeaupays.com/backend/vendor/laravel/framework/src/Illuminate/Container/Container.php(832): Illuminate\\Container\\Container->build(Object(Closure))
#3 /Users/lkmdigital/monbeaupays.com/backend/vendor/laravel/framework/src/Illuminate/Foundation/Application.php(1078): Illuminate\\Container\\Container->resolve('blade.compiler', Array, true)
#4 /Users/lkmdigital/monbeaupays.com/backend/vendor/laravel/framework/src/Illuminate/Container/Container.php(763): Illuminate\\Foundation\\Application->resolve('blade.compiler', Array)
#5 /Users/lkmdigital/monbeaupays.com/backend/vendor/laravel/framework/src/Illuminate/Foundation/Application.php(1058): Illuminate\\Container\\Container->make('blade.compiler', Array)
#6 /Users/lkmdigital/monbeaupays.com/backend/vendor/laravel/framework/src/Illuminate/View/ViewServiceProvider.php(168): Illuminate\\Foundation\\Application->make('blade.compiler')
#7 [internal function]: Illuminate\\View\\ViewServiceProvider->{closure:Illuminate\\View\\ViewServiceProvider::registerBladeEngine():164}()
#8 /Users/lkmdigital/monbeaupays.com/backend/vendor/laravel/framework/src/Illuminate/View/Engines/EngineResolver.php(55): call_user_func(Object(Closure))
#9 /Users/lkmdigital/monbeaupays.com/backend/vendor/laravel/framework/src/Illuminate/View/Factory.php(326): Illuminate\\View\\Engines\\EngineResolver->resolve('blade')
#10 /Users/lkmdigital/monbeaupays.com/backend/vendor/laravel/framework/src/Illuminate/View/Factory.php(288): Illuminate\\View\\Factory->getEngineFromPath('/Users/lkmdigit...')
#11 /Users/lkmdigital/monbeaupays.com/backend/vendor/laravel/framework/src/Illuminate/View/Factory.php(160): Illuminate\\View\\Factory->viewInstance('errors::404', '/Users/lkmdigit...', Array)
#12 /Users/lkmdigital/monbeaupays.com/backend/vendor/laravel/framework/src/Illuminate/Routing/ResponseFactory.php(90): Illuminate\\View\\Factory->make('errors::404', Array)
#13 /Users/lkmdigital/monbeaupays.com/backend/vendor/laravel/framework/src/Illuminate/Foundation/Exceptions/Handler.php(894): Illuminate\\Routing\\ResponseFactory->view('errors::404', Array, 404, Array)
#14 /Users/lkmdigital/monbeaupays.com/backend/vendor/laravel/framework/src/Illuminate/Foundation/Exceptions/Handler.php(815): Illuminate\\Foundation\\Exceptions\\Handler->renderHttpException(Object(Symfony\\Component\\HttpKernel\\Exception\\NotFoundHttpException))
#15 /Users/lkmdigital/monbeaupays.com/backend/vendor/laravel/framework/src/Illuminate/Foundation/Exceptions/Handler.php(706): Illuminate\\Foundation\\Exceptions\\Handler->prepareResponse(Object(Illuminate\\Http\\Request), Object(Symfony\\Component\\HttpKernel\\Exception\\NotFoundHttpException))
#16 /Users/lkmdigital/monbeaupays.com/backend/vendor/laravel/framework/src/Illuminate/Foundation/Exceptions/Handler.php(594): Illuminate\\Foundation\\Exceptions\\Handler->renderExceptionResponse(Object(Illuminate\\Http\\Request), Object(Symfony\\Component\\HttpKernel\\Exception\\NotFoundHttpException))
#17 /Users/lkmdigital/monbeaupays.com/backend/vendor/laravel/framework/src/Illuminate/Routing/Pipeline.php(51): Illuminate\\Foundation\\Exceptions\\Handler->render(Object(Illuminate\\Http\\Request), Object(Symfony\\Component\\HttpKernel\\Exception\\NotFoundHttpException))
#18 /Users/lkmdigital/monbeaupays.com/backend/vendor/laravel/framework/src/Illuminate/Pipeline/Pipeline.php(172): Illuminate\\Routing\\Pipeline->handleException(Object(Illuminate\\Http\\Request), Object(Symfony\\Component\\HttpKernel\\Exception\\NotFoundHttpException))
#19 /Users/lkmdigital/monbeaupays.com/backend/vendor/laravel/framework/src/Illuminate/Foundation/Http/Middleware/TransformsRequest.php(21): Illuminate\\Pipeline\\Pipeline->{closure:Illuminate\\Pipeline\\Pipeline::prepareDestination():168}(Object(Illuminate\\Http\\Request))
#20 /Users/lkmdigital/monbeaupays.com/backend/vendor/laravel/framework/src/Illuminate/Foundation/Http/Middleware/ConvertEmptyStringsToNull.php(31): Illuminate\\Foundation\\Http\\Middleware\\TransformsRequest->handle(Object(Illuminate\\Http\\Request), Object(Closure))
#21 /Users/lkmdigital/monbeaupays.com/backend/vendor/laravel/framework/src/Illuminate/Pipeline/Pipeline.php(209): Illuminate\\Foundation\\Http\\Middleware\\ConvertEmptyStringsToNull->handle(Object(Illuminate\\Http\\Request), Object(Closure))
#22 /Users/lkmdigital/monbeaupays.com/backend/vendor/laravel/framework/src/Illuminate/Foundation/Http/Middleware/TransformsRequest.php(21): Illuminate\\Pipeline\\Pipeline->{closure:{closure:Illuminate\\Pipeline\\Pipeline::carry():184}:185}(Object(Illuminate\\Http\\Request))
#23 /Users/lkmdigital/monbeaupays.com/backend/vendor/laravel/framework/src/Illuminate/Foundation/Http/Middleware/TrimStrings.php(51): Illuminate\\Foundation\\Http\\Middleware\\TransformsRequest->handle(Object(Illuminate\\Http\\Request), Object(Closure))
#24 /Users/lkmdigital/monbeaupays.com/backend/vendor/laravel/framework/src/Illuminate/Pipeline/Pipeline.php(209): Illuminate\\Foundation\\Http\\Middleware\\TrimStrings->handle(Object(Illuminate\\Http\\Request), Object(Closure))
#25 /Users/lkmdigital/monbeaupays.com/backend/vendor/laravel/framework/src/Illuminate/Http/Middleware/ValidatePostSize.php(27): Illuminate\\Pipeline\\Pipeline->{closure:{closure:Illuminate\\Pipeline\\Pipeline::carry():184}:185}(Object(Illuminate\\Http\\Request))
#26 /Users/lkmdigital/monbeaupays.com/backend/vendor/laravel/framework/src/Illuminate/Pipeline/Pipeline.php(209): Illuminate\\Http\\Middleware\\ValidatePostSize->handle(Object(Illuminate\\Http\\Request), Object(Closure))
#27 /Users/lkmdigital/monbeaupays.com/backend/vendor/laravel/framework/src/Illuminate/Foundation/Http/Middleware/PreventRequestsDuringMaintenance.php(110): Illuminate\\Pipeline\\Pipeline->{closure:{closure:Illuminate\\Pipeline\\Pipeline::carry():184}:185}(Object(Illuminate\\Http\\Request))
#28 /Users/lkmdigital/monbeaupays.com/backend/vendor/laravel/framework/src/Illuminate/Pipeline/Pipeline.php(209): Illuminate\\Foundation\\Http\\Middleware\\PreventRequestsDuringMaintenance->handle(Object(Illuminate\\Http\\Request), Object(Closure))
#29 /Users/lkmdigital/monbeaupays.com/backend/vendor/laravel/framework/src/Illuminate/Http/Middleware/HandleCors.php(49): Illuminate\\Pipeline\\Pipeline->{closure:{closure:Illuminate\\Pipeline\\Pipeline::carry():184}:185}(Object(Illuminate\\Http\\Request))
#30 /Users/lkmdigital/monbeaupays.com/backend/vendor/laravel/framework/src/Illuminate/Pipeline/Pipeline.php(209): Illuminate\\Http\\Middleware\\HandleCors->handle(Object(Illuminate\\Http\\Request), Object(Closure))
#31 /Users/lkmdigital/monbeaupays.com/backend/vendor/laravel/framework/src/Illuminate/Http/Middleware/TrustProxies.php(58): Illuminate\\Pipeline\\Pipeline->{closure:{closure:Illuminate\\Pipeline\\Pipeline::carry():184}:185}(Object(Illuminate\\Http\\Request))
#32 /Users/lkmdigital/monbeaupays.com/backend/vendor/laravel/framework/src/Illuminate/Pipeline/Pipeline.php(209): Illuminate\\Http\\Middleware\\TrustProxies->handle(Object(Illuminate\\Http\\Request), Object(Closure))
#33 /Users/lkmdigital/monbeaupays.com/backend/vendor/laravel/framework/src/Illuminate/Foundation/Http/Middleware/InvokeDeferredCallbacks.php(22): Illuminate\\Pipeline\\Pipeline->{closure:{closure:Illuminate\\Pipeline\\Pipeline::carry():184}:185}(Object(Illuminate\\Http\\Request))
#34 /Users/lkmdigital/monbeaupays.com/backend/vendor/laravel/framework/src/Illuminate/Pipeline/Pipeline.php(209): Illuminate\\Foundation\\Http\\Middleware\\InvokeDeferredCallbacks->handle(Object(Illuminate\\Http\\Request), Object(Closure))
#35 /Users/lkmdigital/monbeaupays.com/backend/vendor/laravel/framework/src/Illuminate/Pipeline/Pipeline.php(127): Illuminate\\Pipeline\\Pipeline->{closure:{closure:Illuminate\\Pipeline\\Pipeline::carry():184}:185}(Object(Illuminate\\Http\\Request))
#36 /Users/lkmdigital/monbeaupays.com/backend/vendor/laravel/framework/src/Illuminate/Foundation/Http/Kernel.php(176): Illuminate\\Pipeline\\Pipeline->then(Object(Closure))
#37 /Users/lkmdigital/monbeaupays.com/backend/vendor/laravel/framework/src/Illuminate/Foundation/Http/Kernel.php(145): Illuminate\\Foundation\\Http\\Kernel->sendRequestThroughRouter(Object(Illuminate\\Http\\Request))
#38 /Users/lkmdigital/monbeaupays.com/backend/public/index.php(17): Illuminate\\Foundation\\Http\\Kernel->handle(Object(Illuminate\\Http\\Request))
#39 /Users/lkmdigital/monbeaupays.com/backend/vendor/laravel/framework/src/Illuminate/Foundation/resources/server.php(23): require_once('/Users/lkmdigit...')
#40 {main}
"} 
[2025-11-11 16:17:03] local.ERROR: Please provide a valid cache path. {"exception":"[object] (InvalidArgumentException(code: 0): Please provide a valid cache path. at /Users/lkmdigital/monbeaupays.com/backend/vendor/laravel/framework/src/Illuminate/View/Compilers/Compiler.php:67)
[stacktrace]
#0 /Users/lkmdigital/monbeaupays.com/backend/vendor/laravel/framework/src/Illuminate/View/ViewServiceProvider.php(97): Illuminate\\View\\Compilers\\Compiler->__construct(Object(Illuminate\\Filesystem\\Filesystem), false, '', true, 'php')
#1 /Users/lkmdigital/monbeaupays.com/backend/vendor/laravel/framework/src/Illuminate/Container/Container.php(952): Illuminate\\View\\ViewServiceProvider->{closure:Illuminate\\View\\ViewServiceProvider::registerBladeCompiler():96}(Object(Illuminate\\Foundation\\Application), Array)
#2 /Users/lkmdigital/monbeaupays.com/backend/vendor/laravel/framework/src/Illuminate/Container/Container.php(832): Illuminate\\Container\\Container->build(Object(Closure))
#3 /Users/lkmdigital/monbeaupays.com/backend/vendor/laravel/framework/src/Illuminate/Foundation/Application.php(1078): Illuminate\\Container\\Container->resolve('blade.compiler', Array, true)
#4 /Users/lkmdigital/monbeaupays.com/backend/vendor/laravel/framework/src/Illuminate/Container/Container.php(763): Illuminate\\Foundation\\Application->resolve('blade.compiler', Array)
#5 /Users/lkmdigital/monbeaupays.com/backend/vendor/laravel/framework/src/Illuminate/Foundation/Application.php(1058): Illuminate\\Container\\Container->make('blade.compiler', Array)
#6 /Users/lkmdigital/monbeaupays.com/backend/vendor/laravel/framework/src/Illuminate/View/ViewServiceProvider.php(168): Illuminate\\Foundation\\Application->make('blade.compiler')
#7 [internal function]: Illuminate\\View\\ViewServiceProvider->{closure:Illuminate\\View\\ViewServiceProvider::registerBladeEngine():164}()
#8 /Users/lkmdigital/monbeaupays.com/backend/vendor/laravel/framework/src/Illuminate/View/Engines/EngineResolver.php(55): call_user_func(Object(Closure))
#9 /Users/lkmdigital/monbeaupays.com/backend/vendor/laravel/framework/src/Illuminate/View/Factory.php(326): Illuminate\\View\\Engines\\EngineResolver->resolve('blade')
#10 /Users/lkmdigital/monbeaupays.com/backend/vendor/laravel/framework/src/Illuminate/View/Factory.php(288): Illuminate\\View\\Factory->getEngineFromPath('/Users/lkmdigit...')
#11 /Users/lkmdigital/monbeaupays.com/backend/vendor/laravel/framework/src/Illuminate/View/Factory.php(160): Illuminate\\View\\Factory->viewInstance('errors::404', '/Users/lkmdigit...', Array)
#12 /Users/lkmdigital/monbeaupays.com/backend/vendor/laravel/framework/src/Illuminate/Routing/ResponseFactory.php(90): Illuminate\\View\\Factory->make('errors::404', Array)
#13 /Users/lkmdigital/monbeaupays.com/backend/vendor/laravel/framework/src/Illuminate/Foundation/Exceptions/Handler.php(894): Illuminate\\Routing\\ResponseFactory->view('errors::404', Array, 404, Array)
#14 /Users/lkmdigital/monbeaupays.com/backend/vendor/laravel/framework/src/Illuminate/Foundation/Exceptions/Handler.php(815): Illuminate\\Foundation\\Exceptions\\Handler->renderHttpException(Object(Symfony\\Component\\HttpKernel\\Exception\\NotFoundHttpException))
#15 /Users/lkmdigital/monbeaupays.com/backend/vendor/laravel/framework/src/Illuminate/Foundation/Exceptions/Handler.php(706): Illuminate\\Foundation\\Exceptions\\Handler->prepareResponse(Object(Illuminate\\Http\\Request), Object(Symfony\\Component\\HttpKernel\\Exception\\NotFoundHttpException))
#16 /Users/lkmdigital/monbeaupays.com/backend/vendor/laravel/framework/src/Illuminate/Foundation/Exceptions/Handler.php(594): Illuminate\\Foundation\\Exceptions\\Handler->renderExceptionResponse(Object(Illuminate\\Http\\Request), Object(Symfony\\Component\\HttpKernel\\Exception\\NotFoundHttpException))
#17 /Users/lkmdigital/monbeaupays.com/backend/vendor/laravel/framework/src/Illuminate/Routing/Pipeline.php(51): Illuminate\\Foundation\\Exceptions\\Handler->render(Object(Illuminate\\Http\\Request), Object(Symfony\\Component\\HttpKernel\\Exception\\NotFoundHttpException))
#18 /Users/lkmdigital/monbeaupays.com/backend/vendor/laravel/framework/src/Illuminate/Pipeline/Pipeline.php(172): Illuminate\\Routing\\Pipeline->handleException(Object(Illuminate\\Http\\Request), Object(Symfony\\Component\\HttpKernel\\Exception\\NotFoundHttpException))
#19 /Users/lkmdigital/monbeaupays.com/backend/vendor/laravel/framework/src/Illuminate/Foundation/Http/Middleware/TransformsRequest.php(21): Illuminate\\Pipeline\\Pipeline->{closure:Illuminate\\Pipeline\\Pipeline::prepareDestination():168}(Object(Illuminate\\Http\\Request))
#20 /Users/lkmdigital/monbeaupays.com/backend/vendor/laravel/framework/src/Illuminate/Foundation/Http/Middleware/ConvertEmptyStringsToNull.php(31): Illuminate\\Foundation\\Http\\Middleware\\TransformsRequest->handle(Object(Illuminate\\Http\\Request), Object(Closure))
#21 /Users/lkmdigital/monbeaupays.com/backend/vendor/laravel/framework/src/Illuminate/Pipeline/Pipeline.php(209): Illuminate\\Foundation\\Http\\Middleware\\ConvertEmptyStringsToNull->handle(Object(Illuminate\\Http\\Request), Object(Closure))
#22 /Users/lkmdigital/monbeaupays.com/backend/vendor/laravel/framework/src/Illuminate/Foundation/Http/Middleware/TransformsRequest.php(21): Illuminate\\Pipeline\\Pipeline->{closure:{closure:Illuminate\\Pipeline\\Pipeline::carry():184}:185}(Object(Illuminate\\Http\\Request))
#23 /Users/lkmdigital/monbeaupays.com/backend/vendor/laravel/framework/src/Illuminate/Foundation/Http/Middleware/TrimStrings.php(51): Illuminate\\Foundation\\Http\\Middleware\\TransformsRequest->handle(Object(Illuminate\\Http\\Request), Object(Closure))
#24 /Users/lkmdigital/monbeaupays.com/backend/vendor/laravel/framework/src/Illuminate/Pipeline/Pipeline.php(209): Illuminate\\Foundation\\Http\\Middleware\\TrimStrings->handle(Object(Illuminate\\Http\\Request), Object(Closure))
#25 /Users/lkmdigital/monbeaupays.com/backend/vendor/laravel/framework/src/Illuminate/Http/Middleware/ValidatePostSize.php(27): Illuminate\\Pipeline\\Pipeline->{closure:{closure:Illuminate\\Pipeline\\Pipeline::carry():184}:185}(Object(Illuminate\\Http\\Request))
#26 /Users/lkmdigital/monbeaupays.com/backend/vendor/laravel/framework/src/Illuminate/Pipeline/Pipeline.php(209): Illuminate\\Http\\Middleware\\ValidatePostSize->handle(Object(Illuminate\\Http\\Request), Object(Closure))
#27 /Users/lkmdigital/monbeaupays.com/backend/vendor/laravel/framework/src/Illuminate/Foundation/Http/Middleware/PreventRequestsDuringMaintenance.php(110): Illuminate\\Pipeline\\Pipeline->{closure:{closure:Illuminate\\Pipeline\\Pipeline::carry():184}:185}(Object(Illuminate\\Http\\Request))
#28 /Users/lkmdigital/monbeaupays.com/backend/vendor/laravel/framework/src/Illuminate/Pipeline/Pipeline.php(209): Illuminate\\Foundation\\Http\\Middleware\\PreventRequestsDuringMaintenance->handle(Object(Illuminate\\Http\\Request), Object(Closure))
#29 /Users/lkmdigital/monbeaupays.com/backend/vendor/laravel/framework/src/Illuminate/Http/Middleware/HandleCors.php(49): Illuminate\\Pipeline\\Pipeline->{closure:{closure:Illuminate\\Pipeline\\Pipeline::carry():184}:185}(Object(Illuminate\\Http\\Request))
#30 /Users/lkmdigital/monbeaupays.com/backend/vendor/laravel/framework/src/Illuminate/Pipeline/Pipeline.php(209): Illuminate\\Http\\Middleware\\HandleCors->handle(Object(Illuminate\\Http\\Request), Object(Closure))
#31 /Users/lkmdigital/monbeaupays.com/backend/vendor/laravel/framework/src/Illuminate/Http/Middleware/TrustProxies.php(58): Illuminate\\Pipeline\\Pipeline->{closure:{closure:Illuminate\\Pipeline\\Pipeline::carry():184}:185}(Object(Illuminate\\Http\\Request))
#32 /Users/lkmdigital/monbeaupays.com/backend/vendor/laravel/framework/src/Illuminate/Pipeline/Pipeline.php(209): Illuminate\\Http\\Middleware\\TrustProxies->handle(Object(Illuminate\\Http\\Request), Object(Closure))
#33 /Users/lkmdigital/monbeaupays.com/backend/vendor/laravel/framework/src/Illuminate/Foundation/Http/Middleware/InvokeDeferredCallbacks.php(22): Illuminate\\Pipeline\\Pipeline->{closure:{closure:Illuminate\\Pipeline\\Pipeline::carry():184}:185}(Object(Illuminate\\Http\\Request))
#34 /Users/lkmdigital/monbeaupays.com/backend/vendor/laravel/framework/src/Illuminate/Pipeline/Pipeline.php(209): Illuminate\\Foundation\\Http\\Middleware\\InvokeDeferredCallbacks->handle(Object(Illuminate\\Http\\Request), Object(Closure))
#35 /Users/lkmdigital/monbeaupays.com/backend/vendor/laravel/framework/src/Illuminate/Pipeline/Pipeline.php(127): Illuminate\\Pipeline\\Pipeline->{closure:{closure:Illuminate\\Pipeline\\Pipeline::carry():184}:185}(Object(Illuminate\\Http\\Request))
#36 /Users/lkmdigital/monbeaupays.com/backend/vendor/laravel/framework/src/Illuminate/Foundation/Http/Kernel.php(176): Illuminate\\Pipeline\\Pipeline->then(Object(Closure))
#37 /Users/lkmdigital/monbeaupays.com/backend/vendor/laravel/framework/src/Illuminate/Foundation/Http/Kernel.php(145): Illuminate\\Foundation\\Http\\Kernel->sendRequestThroughRouter(Object(Illuminate\\Http\\Request))
#38 /Users/lkmdigital/monbeaupays.com/backend/public/index.php(17): Illuminate\\Foundation\\Http\\Kernel->handle(Object(Illuminate\\Http\\Request))
#39 /Users/lkmdigital/monbeaupays.com/backend/vendor/laravel/framework/src/Illuminate/Foundation/resources/server.php(23): require_once('/Users/lkmdigit...')
#40 {main}
"} 
[2025-11-11 16:17:04] local.ERROR: Please provide a valid cache path. {"exception":"[object] (InvalidArgumentException(code: 0): Please provide a valid cache path. at /Users/lkmdigital/monbeaupays.com/backend/vendor/laravel/framework/src/Illuminate/View/Compilers/Compiler.php:67)
[stacktrace]
#0 /Users/lkmdigital/monbeaupays.com/backend/vendor/laravel/framework/src/Illuminate/View/ViewServiceProvider.php(97): Illuminate\\View\\Compilers\\Compiler->__construct(Object(Illuminate\\Filesystem\\Filesystem), false, '', true, 'php')
#1 /Users/lkmdigital/monbeaupays.com/backend/vendor/laravel/framework/src/Illuminate/Container/Container.php(952): Illuminate\\View\\ViewServiceProvider->{closure:Illuminate\\View\\ViewServiceProvider::registerBladeCompiler():96}(Object(Illuminate\\Foundation\\Application), Array)
#2 /Users/lkmdigital/monbeaupays.com/backend/vendor/laravel/framework/src/Illuminate/Container/Container.php(832): Illuminate\\Container\\Container->build(Object(Closure))
#3 /Users/lkmdigital/monbeaupays.com/backend/vendor/laravel/framework/src/Illuminate/Foundation/Application.php(1078): Illuminate\\Container\\Container->resolve('blade.compiler', Array, true)
#4 /Users/lkmdigital/monbeaupays.com/backend/vendor/laravel/framework/src/Illuminate/Container/Container.php(763): Illuminate\\Foundation\\Application->resolve('blade.compiler', Array)
#5 /Users/lkmdigital/monbeaupays.com/backend/vendor/laravel/framework/src/Illuminate/Foundation/Application.php(1058): Illuminate\\Container\\Container->make('blade.compiler', Array)
#6 /Users/lkmdigital/monbeaupays.com/backend/vendor/laravel/framework/src/Illuminate/View/ViewServiceProvider.php(168): Illuminate\\Foundation\\Application->make('blade.compiler')
#7 [internal function]: Illuminate\\View\\ViewServiceProvider->{closure:Illuminate\\View\\ViewServiceProvider::registerBladeEngine():164}()
#8 /Users/lkmdigital/monbeaupays.com/backend/vendor/laravel/framework/src/Illuminate/View/Engines/EngineResolver.php(55): call_user_func(Object(Closure))
#9 /Users/lkmdigital/monbeaupays.com/backend/vendor/laravel/framework/src/Illuminate/View/Factory.php(326): Illuminate\\View\\Engines\\EngineResolver->resolve('blade')
#10 /Users/lkmdigital/monbeaupays.com/backend/vendor/laravel/framework/src/Illuminate/View/Factory.php(288): Illuminate\\View\\Factory->getEngineFromPath('/Users/lkmdigit...')
#11 /Users/lkmdigital/monbeaupays.com/backend/vendor/laravel/framework/src/Illuminate/View/Factory.php(160): Illuminate\\View\\Factory->viewInstance('errors::404', '/Users/lkmdigit...', Array)
#12 /Users/lkmdigital/monbeaupays.com/backend/vendor/laravel/framework/src/Illuminate/Routing/ResponseFactory.php(90): Illuminate\\View\\Factory->make('errors::404', Array)
#13 /Users/lkmdigital/monbeaupays.com/backend/vendor/laravel/framework/src/Illuminate/Foundation/Exceptions/Handler.php(894): Illuminate\\Routing\\ResponseFactory->view('errors::404', Array, 404, Array)
#14 /Users/lkmdigital/monbeaupays.com/backend/vendor/laravel/framework/src/Illuminate/Foundation/Exceptions/Handler.php(815): Illuminate\\Foundation\\Exceptions\\Handler->renderHttpException(Object(Symfony\\Component\\HttpKernel\\Exception\\NotFoundHttpException))
#15 /Users/lkmdigital/monbeaupays.com/backend/vendor/laravel/framework/src/Illuminate/Foundation/Exceptions/Handler.php(706): Illuminate\\Foundation\\Exceptions\\Handler->prepareResponse(Object(Illuminate\\Http\\Request), Object(Symfony\\Component\\HttpKernel\\Exception\\NotFoundHttpException))
#16 /Users/lkmdigital/monbeaupays.com/backend/vendor/laravel/framework/src/Illuminate/Foundation/Exceptions/Handler.php(594): Illuminate\\Foundation\\Exceptions\\Handler->renderExceptionResponse(Object(Illuminate\\Http\\Request), Object(Symfony\\Component\\HttpKernel\\Exception\\NotFoundHttpException))
#17 /Users/lkmdigital/monbeaupays.com/backend/vendor/laravel/framework/src/Illuminate/Routing/Pipeline.php(51): Illuminate\\Foundation\\Exceptions\\Handler->render(Object(Illuminate\\Http\\Request), Object(Symfony\\Component\\HttpKernel\\Exception\\NotFoundHttpException))
#18 /Users/lkmdigital/monbeaupays.com/backend/vendor/laravel/framework/src/Illuminate/Pipeline/Pipeline.php(172): Illuminate\\Routing\\Pipeline->handleException(Object(Illuminate\\Http\\Request), Object(Symfony\\Component\\HttpKernel\\Exception\\NotFoundHttpException))
#19 /Users/lkmdigital/monbeaupays.com/backend/vendor/laravel/framework/src/Illuminate/Foundation/Http/Middleware/TransformsRequest.php(21): Illuminate\\Pipeline\\Pipeline->{closure:Illuminate\\Pipeline\\Pipeline::prepareDestination():168}(Object(Illuminate\\Http\\Request))
#20 /Users/lkmdigital/monbeaupays.com/backend/vendor/laravel/framework/src/Illuminate/Foundation/Http/Middleware/ConvertEmptyStringsToNull.php(31): Illuminate\\Foundation\\Http\\Middleware\\TransformsRequest->handle(Object(Illuminate\\Http\\Request), Object(Closure))
#21 /Users/lkmdigital/monbeaupays.com/backend/vendor/laravel/framework/src/Illuminate/Pipeline/Pipeline.php(209): Illuminate\\Foundation\\Http\\Middleware\\ConvertEmptyStringsToNull->handle(Object(Illuminate\\Http\\Request), Object(Closure))
#22 /Users/lkmdigital/monbeaupays.com/backend/vendor/laravel/framework/src/Illuminate/Foundation/Http/Middleware/TransformsRequest.php(21): Illuminate\\Pipeline\\Pipeline->{closure:{closure:Illuminate\\Pipeline\\Pipeline::carry():184}:185}(Object(Illuminate\\Http\\Request))
#23 /Users/lkmdigital/monbeaupays.com/backend/vendor/laravel/framework/src/Illuminate/Foundation/Http/Middleware/TrimStrings.php(51): Illuminate\\Foundation\\Http\\Middleware\\TransformsRequest->handle(Object(Illuminate\\Http\\Request), Object(Closure))
#24 /Users/lkmdigital/monbeaupays.com/backend/vendor/laravel/framework/src/Illuminate/Pipeline/Pipeline.php(209): Illuminate\\Foundation\\Http\\Middleware\\TrimStrings->handle(Object(Illuminate\\Http\\Request), Object(Closure))
#25 /Users/lkmdigital/monbeaupays.com/backend/vendor/laravel/framework/src/Illuminate/Http/Middleware/ValidatePostSize.php(27): Illuminate\\Pipeline\\Pipeline->{closure:{closure:Illuminate\\Pipeline\\Pipeline::carry():184}:185}(Object(Illuminate\\Http\\Request))
#26 /Users/lkmdigital/monbeaupays.com/backend/vendor/laravel/framework/src/Illuminate/Pipeline/Pipeline.php(209): Illuminate\\Http\\Middleware\\ValidatePostSize->handle(Object(Illuminate\\Http\\Request), Object(Closure))
#27 /Users/lkmdigital/monbeaupays.com/backend/vendor/laravel/framework/src/Illuminate/Foundation/Http/Middleware/PreventRequestsDuringMaintenance.php(110): Illuminate\\Pipeline\\Pipeline->{closure:{closure:Illuminate\\Pipeline\\Pipeline::carry():184}:185}(Object(Illuminate\\Http\\Request))
#28 /Users/lkmdigital/monbeaupays.com/backend/vendor/laravel/framework/src/Illuminate/Pipeline/Pipeline.php(209): Illuminate\\Foundation\\Http\\Middleware\\PreventRequestsDuringMaintenance->handle(Object(Illuminate\\Http\\Request), Object(Closure))
#29 /Users/lkmdigital/monbeaupays.com/backend/vendor/laravel/framework/src/Illuminate/Http/Middleware/HandleCors.php(49): Illuminate\\Pipeline\\Pipeline->{closure:{closure:Illuminate\\Pipeline\\Pipeline::carry():184}:185}(Object(Illuminate\\Http\\Request))
#30 /Users/lkmdigital/monbeaupays.com/backend/vendor/laravel/framework/src/Illuminate/Pipeline/Pipeline.php(209): Illuminate\\Http\\Middleware\\HandleCors->handle(Object(Illuminate\\Http\\Request), Object(Closure))
#31 /Users/lkmdigital/monbeaupays.com/backend/vendor/laravel/framework/src/Illuminate/Http/Middleware/TrustProxies.php(58): Illuminate\\Pipeline\\Pipeline->{closure:{closure:Illuminate\\Pipeline\\Pipeline::carry():184}:185}(Object(Illuminate\\Http\\Request))
#32 /Users/lkmdigital/monbeaupays.com/backend/vendor/laravel/framework/src/Illuminate/Pipeline/Pipeline.php(209): Illuminate\\Http\\Middleware\\TrustProxies->handle(Object(Illuminate\\Http\\Request), Object(Closure))
#33 /Users/lkmdigital/monbeaupays.com/backend/vendor/laravel/framework/src/Illuminate/Foundation/Http/Middleware/InvokeDeferredCallbacks.php(22): Illuminate\\Pipeline\\Pipeline->{closure:{closure:Illuminate\\Pipeline\\Pipeline::carry():184}:185}(Object(Illuminate\\Http\\Request))
#34 /Users/lkmdigital/monbeaupays.com/backend/vendor/laravel/framework/src/Illuminate/Pipeline/Pipeline.php(209): Illuminate\\Foundation\\Http\\Middleware\\InvokeDeferredCallbacks->handle(Object(Illuminate\\Http\\Request), Object(Closure))
#35 /Users/lkmdigital/monbeaupays.com/backend/vendor/laravel/framework/src/Illuminate/Pipeline/Pipeline.php(127): Illuminate\\Pipeline\\Pipeline->{closure:{closure:Illuminate\\Pipeline\\Pipeline::carry():184}:185}(Object(Illuminate\\Http\\Request))
#36 /Users/lkmdigital/monbeaupays.com/backend/vendor/laravel/framework/src/Illuminate/Foundation/Http/Kernel.php(176): Illuminate\\Pipeline\\Pipeline->then(Object(Closure))
#37 /Users/lkmdigital/monbeaupays.com/backend/vendor/laravel/framework/src/Illuminate/Foundation/Http/Kernel.php(145): Illuminate\\Foundation\\Http\\Kernel->sendRequestThroughRouter(Object(Illuminate\\Http\\Request))
#38 /Users/lkmdigital/monbeaupays.com/backend/public/index.php(17): Illuminate\\Foundation\\Http\\Kernel->handle(Object(Illuminate\\Http\\Request))
#39 /Users/lkmdigital/monbeaupays.com/backend/vendor/laravel/framework/src/Illuminate/Foundation/resources/server.php(23): require_once('/Users/lkmdigit...')
#40 {main}
"} 
[2025-11-11 16:17:06] local.ERROR: Please provide a valid cache path. {"exception":"[object] (InvalidArgumentException(code: 0): Please provide a valid cache path. at /Users/lkmdigital/monbeaupays.com/backend/vendor/laravel/framework/src/Illuminate/View/Compilers/Compiler.php:67)
[stacktrace]
#0 /Users/lkmdigital/monbeaupays.com/backend/vendor/laravel/framework/src/Illuminate/View/ViewServiceProvider.php(97): Illuminate\\View\\Compilers\\Compiler->__construct(Object(Illuminate\\Filesystem\\Filesystem), false, '', true, 'php')
#1 /Users/lkmdigital/monbeaupays.com/backend/vendor/laravel/framework/src/Illuminate/Container/Container.php(952): Illuminate\\View\\ViewServiceProvider->{closure:Illuminate\\View\\ViewServiceProvider::registerBladeCompiler():96}(Object(Illuminate\\Foundation\\Application), Array)
#2 /Users/lkmdigital/monbeaupays.com/backend/vendor/laravel/framework/src/Illuminate/Container/Container.php(832): Illuminate\\Container\\Container->build(Object(Closure))
#3 /Users/lkmdigital/monbeaupays.com/backend/vendor/laravel/framework/src/Illuminate/Foundation/Application.php(1078): Illuminate\\Container\\Container->resolve('blade.compiler', Array, true)
#4 /Users/lkmdigital/monbeaupays.com/backend/vendor/laravel/framework/src/Illuminate/Container/Container.php(763): Illuminate\\Foundation\\Application->resolve('blade.compiler', Array)
#5 /Users/lkmdigital/monbeaupays.com/backend/vendor/laravel/framework/src/Illuminate/Foundation/Application.php(1058): Illuminate\\Container\\Container->make('blade.compiler', Array)
#6 /Users/lkmdigital/monbeaupays.com/backend/vendor/laravel/framework/src/Illuminate/View/ViewServiceProvider.php(168): Illuminate\\Foundation\\Application->make('blade.compiler')
#7 [internal function]: Illuminate\\View\\ViewServiceProvider->{closure:Illuminate\\View\\ViewServiceProvider::registerBladeEngine():164}()
#8 /Users/lkmdigital/monbeaupays.com/backend/vendor/laravel/framework/src/Illuminate/View/Engines/EngineResolver.php(55): call_user_func(Object(Closure))
#9 /Users/lkmdigital/monbeaupays.com/backend/vendor/laravel/framework/src/Illuminate/View/Factory.php(326): Illuminate\\View\\Engines\\EngineResolver->resolve('blade')
#10 /Users/lkmdigital/monbeaupays.com/backend/vendor/laravel/framework/src/Illuminate/View/Factory.php(288): Illuminate\\View\\Factory->getEngineFromPath('/Users/lkmdigit...')
#11 /Users/lkmdigital/monbeaupays.com/backend/vendor/laravel/framework/src/Illuminate/View/Factory.php(160): Illuminate\\View\\Factory->viewInstance('errors::404', '/Users/lkmdigit...', Array)
#12 /Users/lkmdigital/monbeaupays.com/backend/vendor/laravel/framework/src/Illuminate/Routing/ResponseFactory.php(90): Illuminate\\View\\Factory->make('errors::404', Array)
#13 /Users/lkmdigital/monbeaupays.com/backend/vendor/laravel/framework/src/Illuminate/Foundation/Exceptions/Handler.php(894): Illuminate\\Routing\\ResponseFactory->view('errors::404', Array, 404, Array)
#14 /Users/lkmdigital/monbeaupays.com/backend/vendor/laravel/framework/src/Illuminate/Foundation/Exceptions/Handler.php(815): Illuminate\\Foundation\\Exceptions\\Handler->renderHttpException(Object(Symfony\\Component\\HttpKernel\\Exception\\NotFoundHttpException))
#15 /Users/lkmdigital/monbeaupays.com/backend/vendor/laravel/framework/src/Illuminate/Foundation/Exceptions/Handler.php(706): Illuminate\\Foundation\\Exceptions\\Handler->prepareResponse(Object(Illuminate\\Http\\Request), Object(Symfony\\Component\\HttpKernel\\Exception\\NotFoundHttpException))
#16 /Users/lkmdigital/monbeaupays.com/backend/vendor/laravel/framework/src/Illuminate/Foundation/Exceptions/Handler.php(594): Illuminate\\Foundation\\Exceptions\\Handler->renderExceptionResponse(Object(Illuminate\\Http\\Request), Object(Symfony\\Component\\HttpKernel\\Exception\\NotFoundHttpException))
#17 /Users/lkmdigital/monbeaupays.com/backend/vendor/laravel/framework/src/Illuminate/Routing/Pipeline.php(51): Illuminate\\Foundation\\Exceptions\\Handler->render(Object(Illuminate\\Http\\Request), Object(Symfony\\Component\\HttpKernel\\Exception\\NotFoundHttpException))
#18 /Users/lkmdigital/monbeaupays.com/backend/vendor/laravel/framework/src/Illuminate/Pipeline/Pipeline.php(172): Illuminate\\Routing\\Pipeline->handleException(Object(Illuminate\\Http\\Request), Object(Symfony\\Component\\HttpKernel\\Exception\\NotFoundHttpException))
#19 /Users/lkmdigital/monbeaupays.com/backend/vendor/laravel/framework/src/Illuminate/Foundation/Http/Middleware/TransformsRequest.php(21): Illuminate\\Pipeline\\Pipeline->{closure:Illuminate\\Pipeline\\Pipeline::prepareDestination():168}(Object(Illuminate\\Http\\Request))
#20 /Users/lkmdigital/monbeaupays.com/backend/vendor/laravel/framework/src/Illuminate/Foundation/Http/Middleware/ConvertEmptyStringsToNull.php(31): Illuminate\\Foundation\\Http\\Middleware\\TransformsRequest->handle(Object(Illuminate\\Http\\Request), Object(Closure))
#21 /Users/lkmdigital/monbeaupays.com/backend/vendor/laravel/framework/src/Illuminate/Pipeline/Pipeline.php(209): Illuminate\\Foundation\\Http\\Middleware\\ConvertEmptyStringsToNull->handle(Object(Illuminate\\Http\\Request), Object(Closure))
#22 /Users/lkmdigital/monbeaupays.com/backend/vendor/laravel/framework/src/Illuminate/Foundation/Http/Middleware/TransformsRequest.php(21): Illuminate\\Pipeline\\Pipeline->{closure:{closure:Illuminate\\Pipeline\\Pipeline::carry():184}:185}(Object(Illuminate\\Http\\Request))
#23 /Users/lkmdigital/monbeaupays.com/backend/vendor/laravel/framework/src/Illuminate/Foundation/Http/Middleware/TrimStrings.php(51): Illuminate\\Foundation\\Http\\Middleware\\TransformsRequest->handle(Object(Illuminate\\Http\\Request), Object(Closure))
#24 /Users/lkmdigital/monbeaupays.com/backend/vendor/laravel/framework/src/Illuminate/Pipeline/Pipeline.php(209): Illuminate\\Foundation\\Http\\Middleware\\TrimStrings->handle(Object(Illuminate\\Http\\Request), Object(Closure))
#25 /Users/lkmdigital/monbeaupays.com/backend/vendor/laravel/framework/src/Illuminate/Http/Middleware/ValidatePostSize.php(27): Illuminate\\Pipeline\\Pipeline->{closure:{closure:Illuminate\\Pipeline\\Pipeline::carry():184}:185}(Object(Illuminate\\Http\\Request))
#26 /Users/lkmdigital/monbeaupays.com/backend/vendor/laravel/framework/src/Illuminate/Pipeline/Pipeline.php(209): Illuminate\\Http\\Middleware\\ValidatePostSize->handle(Object(Illuminate\\Http\\Request), Object(Closure))
#27 /Users/lkmdigital/monbeaupays.com/backend/vendor/laravel/framework/src/Illuminate/Foundation/Http/Middleware/PreventRequestsDuringMaintenance.php(110): Illuminate\\Pipeline\\Pipeline->{closure:{closure:Illuminate\\Pipeline\\Pipeline::carry():184}:185}(Object(Illuminate\\Http\\Request))
#28 /Users/lkmdigital/monbeaupays.com/backend/vendor/laravel/framework/src/Illuminate/Pipeline/Pipeline.php(209): Illuminate\\Foundation\\Http\\Middleware\\PreventRequestsDuringMaintenance->handle(Object(Illuminate\\Http\\Request), Object(Closure))
#29 /Users/lkmdigital/monbeaupays.com/backend/vendor/laravel/framework/src/Illuminate/Http/Middleware/HandleCors.php(49): Illuminate\\Pipeline\\Pipeline->{closure:{closure:Illuminate\\Pipeline\\Pipeline::carry():184}:185}(Object(Illuminate\\Http\\Request))
#30 /Users/lkmdigital/monbeaupays.com/backend/vendor/laravel/framework/src/Illuminate/Pipeline/Pipeline.php(209): Illuminate\\Http\\Middleware\\HandleCors->handle(Object(Illuminate\\Http\\Request), Object(Closure))
#31 /Users/lkmdigital/monbeaupays.com/backend/vendor/laravel/framework/src/Illuminate/Http/Middleware/TrustProxies.php(58): Illuminate\\Pipeline\\Pipeline->{closure:{closure:Illuminate\\Pipeline\\Pipeline::carry():184}:185}(Object(Illuminate\\Http\\Request))
#32 /Users/lkmdigital/monbeaupays.com/backend/vendor/laravel/framework/src/Illuminate/Pipeline/Pipeline.php(209): Illuminate\\Http\\Middleware\\TrustProxies->handle(Object(Illuminate\\Http\\Request), Object(Closure))
#33 /Users/lkmdigital/monbeaupays.com/backend/vendor/laravel/framework/src/Illuminate/Foundation/Http/Middleware/InvokeDeferredCallbacks.php(22): Illuminate\\Pipeline\\Pipeline->{closure:{closure:Illuminate\\Pipeline\\Pipeline::carry():184}:185}(Object(Illuminate\\Http\\Request))
#34 /Users/lkmdigital/monbeaupays.com/backend/vendor/laravel/framework/src/Illuminate/Pipeline/Pipeline.php(209): Illuminate\\Foundation\\Http\\Middleware\\InvokeDeferredCallbacks->handle(Object(Illuminate\\Http\\Request), Object(Closure))
#35 /Users/lkmdigital/monbeaupays.com/backend/vendor/laravel/framework/src/Illuminate/Pipeline/Pipeline.php(127): Illuminate\\Pipeline\\Pipeline->{closure:{closure:Illuminate\\Pipeline\\Pipeline::carry():184}:185}(Object(Illuminate\\Http\\Request))
#36 /Users/lkmdigital/monbeaupays.com/backend/vendor/laravel/framework/src/Illuminate/Foundation/Http/Kernel.php(176): Illuminate\\Pipeline\\Pipeline->then(Object(Closure))
#37 /Users/lkmdigital/monbeaupays.com/backend/vendor/laravel/framework/src/Illuminate/Foundation/Http/Kernel.php(145): Illuminate\\Foundation\\Http\\Kernel->sendRequestThroughRouter(Object(Illuminate\\Http\\Request))
#38 /Users/lkmdigital/monbeaupays.com/backend/public/index.php(17): Illuminate\\Foundation\\Http\\Kernel->handle(Object(Illuminate\\Http\\Request))
#39 /Users/lkmdigital/monbeaupays.com/backend/vendor/laravel/framework/src/Illuminate/Foundation/resources/server.php(23): require_once('/Users/lkmdigit...')
#40 {main}
"} 
[2025-11-11 16:17:22] local.ERROR: Please provide a valid cache path. {"exception":"[object] (InvalidArgumentException(code: 0): Please provide a valid cache path. at /Users/lkmdigital/monbeaupays.com/backend/vendor/laravel/framework/src/Illuminate/View/Compilers/Compiler.php:67)
[stacktrace]
#0 /Users/lkmdigital/monbeaupays.com/backend/vendor/laravel/framework/src/Illuminate/View/ViewServiceProvider.php(97): Illuminate\\View\\Compilers\\Compiler->__construct(Object(Illuminate\\Filesystem\\Filesystem), false, '', true, 'php')
#1 /Users/lkmdigital/monbeaupays.com/backend/vendor/laravel/framework/src/Illuminate/Container/Container.php(952): Illuminate\\View\\ViewServiceProvider->{closure:Illuminate\\View\\ViewServiceProvider::registerBladeCompiler():96}(Object(Illuminate\\Foundation\\Application), Array)
#2 /Users/lkmdigital/monbeaupays.com/backend/vendor/laravel/framework/src/Illuminate/Container/Container.php(832): Illuminate\\Container\\Container->build(Object(Closure))
#3 /Users/lkmdigital/monbeaupays.com/backend/vendor/laravel/framework/src/Illuminate/Foundation/Application.php(1078): Illuminate\\Container\\Container->resolve('blade.compiler', Array, true)
#4 /Users/lkmdigital/monbeaupays.com/backend/vendor/laravel/framework/src/Illuminate/Container/Container.php(763): Illuminate\\Foundation\\Application->resolve('blade.compiler', Array)
#5 /Users/lkmdigital/monbeaupays.com/backend/vendor/laravel/framework/src/Illuminate/Foundation/Application.php(1058): Illuminate\\Container\\Container->make('blade.compiler', Array)
#6 /Users/lkmdigital/monbeaupays.com/backend/vendor/laravel/framework/src/Illuminate/View/ViewServiceProvider.php(168): Illuminate\\Foundation\\Application->make('blade.compiler')
#7 [internal function]: Illuminate\\View\\ViewServiceProvider->{closure:Illuminate\\View\\ViewServiceProvider::registerBladeEngine():164}()
#8 /Users/lkmdigital/monbeaupays.com/backend/vendor/laravel/framework/src/Illuminate/View/Engines/EngineResolver.php(55): call_user_func(Object(Closure))
#9 /Users/lkmdigital/monbeaupays.com/backend/vendor/laravel/framework/src/Illuminate/View/Factory.php(326): Illuminate\\View\\Engines\\EngineResolver->resolve('blade')
#10 /Users/lkmdigital/monbeaupays.com/backend/vendor/laravel/framework/src/Illuminate/View/Factory.php(288): Illuminate\\View\\Factory->getEngineFromPath('/Users/lkmdigit...')
#11 /Users/lkmdigital/monbeaupays.com/backend/vendor/laravel/framework/src/Illuminate/View/Factory.php(160): Illuminate\\View\\Factory->viewInstance('errors::404', '/Users/lkmdigit...', Array)
#12 /Users/lkmdigital/monbeaupays.com/backend/vendor/laravel/framework/src/Illuminate/Routing/ResponseFactory.php(90): Illuminate\\View\\Factory->make('errors::404', Array)
#13 /Users/lkmdigital/monbeaupays.com/backend/vendor/laravel/framework/src/Illuminate/Foundation/Exceptions/Handler.php(894): Illuminate\\Routing\\ResponseFactory->view('errors::404', Array, 404, Array)
#14 /Users/lkmdigital/monbeaupays.com/backend/vendor/laravel/framework/src/Illuminate/Foundation/Exceptions/Handler.php(815): Illuminate\\Foundation\\Exceptions\\Handler->renderHttpException(Object(Symfony\\Component\\HttpKernel\\Exception\\NotFoundHttpException))
#15 /Users/lkmdigital/monbeaupays.com/backend/vendor/laravel/framework/src/Illuminate/Foundation/Exceptions/Handler.php(706): Illuminate\\Foundation\\Exceptions\\Handler->prepareResponse(Object(Illuminate\\Http\\Request), Object(Symfony\\Component\\HttpKernel\\Exception\\NotFoundHttpException))
#16 /Users/lkmdigital/monbeaupays.com/backend/vendor/laravel/framework/src/Illuminate/Foundation/Exceptions/Handler.php(594): Illuminate\\Foundation\\Exceptions\\Handler->renderExceptionResponse(Object(Illuminate\\Http\\Request), Object(Symfony\\Component\\HttpKernel\\Exception\\NotFoundHttpException))
#17 /Users/lkmdigital/monbeaupays.com/backend/vendor/laravel/framework/src/Illuminate/Routing/Pipeline.php(51): Illuminate\\Foundation\\Exceptions\\Handler->render(Object(Illuminate\\Http\\Request), Object(Symfony\\Component\\HttpKernel\\Exception\\NotFoundHttpException))
#18 /Users/lkmdigital/monbeaupays.com/backend/vendor/laravel/framework/src/Illuminate/Pipeline/Pipeline.php(172): Illuminate\\Routing\\Pipeline->handleException(Object(Illuminate\\Http\\Request), Object(Symfony\\Component\\HttpKernel\\Exception\\NotFoundHttpException))
#19 /Users/lkmdigital/monbeaupays.com/backend/vendor/laravel/framework/src/Illuminate/Foundation/Http/Middleware/TransformsRequest.php(21): Illuminate\\Pipeline\\Pipeline->{closure:Illuminate\\Pipeline\\Pipeline::prepareDestination():168}(Object(Illuminate\\Http\\Request))
#20 /Users/lkmdigital/monbeaupays.com/backend/vendor/laravel/framework/src/Illuminate/Foundation/Http/Middleware/ConvertEmptyStringsToNull.php(31): Illuminate\\Foundation\\Http\\Middleware\\TransformsRequest->handle(Object(Illuminate\\Http\\Request), Object(Closure))
#21 /Users/lkmdigital/monbeaupays.com/backend/vendor/laravel/framework/src/Illuminate/Pipeline/Pipeline.php(209): Illuminate\\Foundation\\Http\\Middleware\\ConvertEmptyStringsToNull->handle(Object(Illuminate\\Http\\Request), Object(Closure))
#22 /Users/lkmdigital/monbeaupays.com/backend/vendor/laravel/framework/src/Illuminate/Foundation/Http/Middleware/TransformsRequest.php(21): Illuminate\\Pipeline\\Pipeline->{closure:{closure:Illuminate\\Pipeline\\Pipeline::carry():184}:185}(Object(Illuminate\\Http\\Request))
#23 /Users/lkmdigital/monbeaupays.com/backend/vendor/laravel/framework/src/Illuminate/Foundation/Http/Middleware/TrimStrings.php(51): Illuminate\\Foundation\\Http\\Middleware\\TransformsRequest->handle(Object(Illuminate\\Http\\Request), Object(Closure))
#24 /Users/lkmdigital/monbeaupays.com/backend/vendor/laravel/framework/src/Illuminate/Pipeline/Pipeline.php(209): Illuminate\\Foundation\\Http\\Middleware\\TrimStrings->handle(Object(Illuminate\\Http\\Request), Object(Closure))
#25 /Users/lkmdigital/monbeaupays.com/backend/vendor/laravel/framework/src/Illuminate/Http/Middleware/ValidatePostSize.php(27): Illuminate\\Pipeline\\Pipeline->{closure:{closure:Illuminate\\Pipeline\\Pipeline::carry():184}:185}(Object(Illuminate\\Http\\Request))
#26 /Users/lkmdigital/monbeaupays.com/backend/vendor/laravel/framework/src/Illuminate/Pipeline/Pipeline.php(209): Illuminate\\Http\\Middleware\\ValidatePostSize->handle(Object(Illuminate\\Http\\Request), Object(Closure))
#27 /Users/lkmdigital/monbeaupays.com/backend/vendor/laravel/framework/src/Illuminate/Foundation/Http/Middleware/PreventRequestsDuringMaintenance.php(110): Illuminate\\Pipeline\\Pipeline->{closure:{closure:Illuminate\\Pipeline\\Pipeline::carry():184}:185}(Object(Illuminate\\Http\\Request))
#28 /Users/lkmdigital/monbeaupays.com/backend/vendor/laravel/framework/src/Illuminate/Pipeline/Pipeline.php(209): Illuminate\\Foundation\\Http\\Middleware\\PreventRequestsDuringMaintenance->handle(Object(Illuminate\\Http\\Request), Object(Closure))
#29 /Users/lkmdigital/monbeaupays.com/backend/vendor/laravel/framework/src/Illuminate/Http/Middleware/HandleCors.php(49): Illuminate\\Pipeline\\Pipeline->{closure:{closure:Illuminate\\Pipeline\\Pipeline::carry():184}:185}(Object(Illuminate\\Http\\Request))
#30 /Users/lkmdigital/monbeaupays.com/backend/vendor/laravel/framework/src/Illuminate/Pipeline/Pipeline.php(209): Illuminate\\Http\\Middleware\\HandleCors->handle(Object(Illuminate\\Http\\Request), Object(Closure))
#31 /Users/lkmdigital/monbeaupays.com/backend/vendor/laravel/framework/src/Illuminate/Http/Middleware/TrustProxies.php(58): Illuminate\\Pipeline\\Pipeline->{closure:{closure:Illuminate\\Pipeline\\Pipeline::carry():184}:185}(Object(Illuminate\\Http\\Request))
#32 /Users/lkmdigital/monbeaupays.com/backend/vendor/laravel/framework/src/Illuminate/Pipeline/Pipeline.php(209): Illuminate\\Http\\Middleware\\TrustProxies->handle(Object(Illuminate\\Http\\Request), Object(Closure))
#33 /Users/lkmdigital/monbeaupays.com/backend/vendor/laravel/framework/src/Illuminate/Foundation/Http/Middleware/InvokeDeferredCallbacks.php(22): Illuminate\\Pipeline\\Pipeline->{closure:{closure:Illuminate\\Pipeline\\Pipeline::carry():184}:185}(Object(Illuminate\\Http\\Request))
#34 /Users/lkmdigital/monbeaupays.com/backend/vendor/laravel/framework/src/Illuminate/Pipeline/Pipeline.php(209): Illuminate\\Foundation\\Http\\Middleware\\InvokeDeferredCallbacks->handle(Object(Illuminate\\Http\\Request), Object(Closure))
#35 /Users/lkmdigital/monbeaupays.com/backend/vendor/laravel/framework/src/Illuminate/Pipeline/Pipeline.php(127): Illuminate\\Pipeline\\Pipeline->{closure:{closure:Illuminate\\Pipeline\\Pipeline::carry():184}:185}(Object(Illuminate\\Http\\Request))
#36 /Users/lkmdigital/monbeaupays.com/backend/vendor/laravel/framework/src/Illuminate/Foundation/Http/Kernel.php(176): Illuminate\\Pipeline\\Pipeline->then(Object(Closure))
#37 /Users/lkmdigital/monbeaupays.com/backend/vendor/laravel/framework/src/Illuminate/Foundation/Http/Kernel.php(145): Illuminate\\Foundation\\Http\\Kernel->sendRequestThroughRouter(Object(Illuminate\\Http\\Request))
#38 /Users/lkmdigital/monbeaupays.com/backend/public/index.php(17): Illuminate\\Foundation\\Http\\Kernel->handle(Object(Illuminate\\Http\\Request))
#39 /Users/lkmdigital/monbeaupays.com/backend/vendor/laravel/framework/src/Illuminate/Foundation/resources/server.php(23): require_once('/Users/lkmdigit...')
#40 {main}
"} 
[2025-11-12 11:41:15] local.INFO: Payment initiation started {"booking_id":"5","user_id":4} 
[2025-11-12 11:41:15] local.INFO: Booking found {"booking_id":5,"booking_user_id":4,"request_user_id":4} 
[2025-11-12 11:41:15] local.INFO: Creating or retrieving payment {"booking_id":5,"user_id":4,"payment_method":"wave-ci","amount":"740000.00"} 
[2025-11-12 11:41:15] local.INFO: Payment created/retrieved {"payment_id":1,"payment_reference":"U5LIMT3R1ZZFX4E","status":"pending"} 
[2025-11-12 11:41:15] local.INFO: Creating payment link via malia-pay API {"payment_id":1,"payment_method":"wave-ci","amount":"740000.00"} 
[2025-11-12 11:41:15] local.INFO: createPaymentLink called {"payment_id":1,"booking_id":5,"user_id":4,"payment_method":"wave-ci"} 
[2025-11-12 11:41:15] local.INFO: Channel mapped {"payment_method":"wave-ci","channel":"WAVECI"} 
[2025-11-12 11:41:15] local.INFO: Payment data prepared {"data":{"montant":"740000.00","reference":"U5LIMT3R1ZZFX4E","description":"Paiement de réservation #5 - Maison d'Hôtes San-Pédro","channel":"WAVECI","merchant_id":"MI_AOXBNNUD2J","aggregated_merchant_id":"am-1j54gkvb820we","customer_name":"Pierre Yapi","customer_surname":"","customer_phone_number":"+225 01 23 45 67 89","customer_email":"user1@monbeaupays.com","notification_url":"http://localhost:8000/api/payments/webhook","return_url":"http://localhost:8000/bookings/5?payment=success","error_url":"http://localhost:8000/bookings/5/payment?error=1","success_url":"http://localhost:8000/bookings/5?payment=success"},"merchant_id":"MI_AOXBNNUD2J","aggregated_merchant_id":"am-1j54gkvb820we"} 
[2025-11-12 11:41:15] local.INFO: Sending request to malia-pay {"url":"https://malia-pay.com/api/v1/OnlinePaymentService/add_payer","json_data":"{\"montant\":\"740000.00\",\"reference\":\"U5LIMT3R1ZZFX4E\",\"description\":\"Paiement de r\\u00e9servation #5 - Maison d'H\\u00f4tes San-P\\u00e9dro\",\"channel\":\"WAVECI\",\"merchant_id\":\"MI_AOXBNNUD2J\",\"aggregated_merchant_id\":\"am-1j54gkvb820we\",\"customer_name\":\"Pierre Yapi\",\"customer_surname\":\"\",\"customer_phone_number\":\"+225 01 23 45 67 89\",\"customer_email\":\"user1@monbeaupays.com\",\"notification_url\":\"http:\\/\\/localhost:8000\\/api\\/payments\\/webhook\",\"return_url\":\"http:\\/\\/localhost:8000\\/bookings\\/5?payment=success\",\"error_url\":\"http:\\/\\/localhost:8000\\/bookings\\/5\\/payment?error=1\",\"success_url\":\"http:\\/\\/localhost:8000\\/bookings\\/5?payment=success\"}"} 
[2025-11-12 11:41:16] local.INFO: Malia-pay API response {"http_code":200,"response":"{\"message\":\"Veuillez indiquer le pr\\u00e9nom\",\"status\":\"error\"}","curl_error":""} 
[2025-11-12 11:41:16] local.ERROR: Link not found in response {"response":"{\"message\":\"Veuillez indiquer le pr\\u00e9nom\",\"status\":\"error\"}","decoded_response":{"stdClass":{"message":"Veuillez indiquer le prénom","status":"error"}}} 
[2025-11-12 11:41:16] local.ERROR: Error creating payment link {"payment_id":1,"error":"Lien de paiement introuvable dans la réponse API: {\"message\":\"Veuillez indiquer le pr\\u00e9nom\",\"status\":\"error\"}","trace":"#0 /Users/lkmdigital/monbeaupays.com/backend/app/Http/Controllers/PaymentController.php(137): App\\Http\\Controllers\\PaymentController->createPaymentLink(Object(App\\Models\\Payment), Object(App\\Models\\Booking), Object(App\\Models\\User), 'wave-ci')
#1 /Users/lkmdigital/monbeaupays.com/backend/vendor/laravel/framework/src/Illuminate/Routing/ControllerDispatcher.php(47): App\\Http\\Controllers\\PaymentController->initiate(Object(Illuminate\\Http\\Request), '5')
#2 /Users/lkmdigital/monbeaupays.com/backend/vendor/laravel/framework/src/Illuminate/Routing/Route.php(266): Illuminate\\Routing\\ControllerDispatcher->dispatch(Object(Illuminate\\Routing\\Route), Object(App\\Http\\Controllers\\PaymentController), 'initiate')
#3 /Users/lkmdigital/monbeaupays.com/backend/vendor/laravel/framework/src/Illuminate/Routing/Route.php(212): Illuminate\\Routing\\Route->runController()
#4 /Users/lkmdigital/monbeaupays.com/backend/vendor/laravel/framework/src/Illuminate/Routing/Router.php(808): Illuminate\\Routing\\Route->run()
#5 /Users/lkmdigital/monbeaupays.com/backend/vendor/laravel/framework/src/Illuminate/Pipeline/Pipeline.php(170): Illuminate\\Routing\\Router->{closure:Illuminate\\Routing\\Router::runRouteWithinStack():807}(Object(Illuminate\\Http\\Request))
#6 /Users/lkmdigital/monbeaupays.com/backend/vendor/laravel/framework/src/Illuminate/Routing/Middleware/SubstituteBindings.php(51): Illuminate\\Pipeline\\Pipeline->{closure:Illuminate\\Pipeline\\Pipeline::prepareDestination():168}(Object(Illuminate\\Http\\Request))
#7 /Users/lkmdigital/monbeaupays.com/backend/vendor/laravel/framework/src/Illuminate/Pipeline/Pipeline.php(209): Illuminate\\Routing\\Middleware\\SubstituteBindings->handle(Object(Illuminate\\Http\\Request), Object(Closure))
#8 /Users/lkmdigital/monbeaupays.com/backend/vendor/laravel/framework/src/Illuminate/Auth/Middleware/Authenticate.php(64): Illuminate\\Pipeline\\Pipeline->{closure:{closure:Illuminate\\Pipeline\\Pipeline::carry():184}:185}(Object(Illuminate\\Http\\Request))
#9 /Users/lkmdigital/monbeaupays.com/backend/vendor/laravel/framework/src/Illuminate/Pipeline/Pipeline.php(209): Illuminate\\Auth\\Middleware\\Authenticate->handle(Object(Illuminate\\Http\\Request), Object(Closure), 'sanctum')
#10 /Users/lkmdigital/monbeaupays.com/backend/vendor/laravel/framework/src/Illuminate/Pipeline/Pipeline.php(127): Illuminate\\Pipeline\\Pipeline->{closure:{closure:Illuminate\\Pipeline\\Pipeline::carry():184}:185}(Object(Illuminate\\Http\\Request))
#11 /Users/lkmdigital/monbeaupays.com/backend/vendor/laravel/framework/src/Illuminate/Routing/Router.php(807): Illuminate\\Pipeline\\Pipeline->then(Object(Closure))
#12 /Users/lkmdigital/monbeaupays.com/backend/vendor/laravel/framework/src/Illuminate/Routing/Router.php(786): Illuminate\\Routing\\Router->runRouteWithinStack(Object(Illuminate\\Routing\\Route), Object(Illuminate\\Http\\Request))
#13 /Users/lkmdigital/monbeaupays.com/backend/vendor/laravel/framework/src/Illuminate/Routing/Router.php(750): Illuminate\\Routing\\Router->runRoute(Object(Illuminate\\Http\\Request), Object(Illuminate\\Routing\\Route))
#14 /Users/lkmdigital/monbeaupays.com/backend/vendor/laravel/framework/src/Illuminate/Routing/Router.php(739): Illuminate\\Routing\\Router->dispatchToRoute(Object(Illuminate\\Http\\Request))
#15 /Users/lkmdigital/monbeaupays.com/backend/vendor/laravel/framework/src/Illuminate/Foundation/Http/Kernel.php(201): Illuminate\\Routing\\Router->dispatch(Object(Illuminate\\Http\\Request))
#16 /Users/lkmdigital/monbeaupays.com/backend/vendor/laravel/framework/src/Illuminate/Pipeline/Pipeline.php(170): Illuminate\\Foundation\\Http\\Kernel->{closure:Illuminate\\Foundation\\Http\\Kernel::dispatchToRouter():198}(Object(Illuminate\\Http\\Request))
#17 /Users/lkmdigital/monbeaupays.com/backend/vendor/laravel/framework/src/Illuminate/Foundation/Http/Middleware/TransformsRequest.php(21): Illuminate\\Pipeline\\Pipeline->{closure:Illuminate\\Pipeline\\Pipeline::prepareDestination():168}(Object(Illuminate\\Http\\Request))
#18 /Users/lkmdigital/monbeaupays.com/backend/vendor/laravel/framework/src/Illuminate/Foundation/Http/Middleware/ConvertEmptyStringsToNull.php(31): Illuminate\\Foundation\\Http\\Middleware\\TransformsRequest->handle(Object(Illuminate\\Http\\Request), Object(Closure))
#19 /Users/lkmdigital/monbeaupays.com/backend/vendor/laravel/framework/src/Illuminate/Pipeline/Pipeline.php(209): Illuminate\\Foundation\\Http\\Middleware\\ConvertEmptyStringsToNull->handle(Object(Illuminate\\Http\\Request), Object(Closure))
#20 /Users/lkmdigital/monbeaupays.com/backend/vendor/laravel/framework/src/Illuminate/Foundation/Http/Middleware/TransformsRequest.php(21): Illuminate\\Pipeline\\Pipeline->{closure:{closure:Illuminate\\Pipeline\\Pipeline::carry():184}:185}(Object(Illuminate\\Http\\Request))
#21 /Users/lkmdigital/monbeaupays.com/backend/vendor/laravel/framework/src/Illuminate/Foundation/Http/Middleware/TrimStrings.php(51): Illuminate\\Foundation\\Http\\Middleware\\TransformsRequest->handle(Object(Illuminate\\Http\\Request), Object(Closure))
#22 /Users/lkmdigital/monbeaupays.com/backend/vendor/laravel/framework/src/Illuminate/Pipeline/Pipeline.php(209): Illuminate\\Foundation\\Http\\Middleware\\TrimStrings->handle(Object(Illuminate\\Http\\Request), Object(Closure))
#23 /Users/lkmdigital/monbeaupays.com/backend/vendor/laravel/framework/src/Illuminate/Http/Middleware/ValidatePostSize.php(27): Illuminate\\Pipeline\\Pipeline->{closure:{closure:Illuminate\\Pipeline\\Pipeline::carry():184}:185}(Object(Illuminate\\Http\\Request))
#24 /Users/lkmdigital/monbeaupays.com/backend/vendor/laravel/framework/src/Illuminate/Pipeline/Pipeline.php(209): Illuminate\\Http\\Middleware\\ValidatePostSize->handle(Object(Illuminate\\Http\\Request), Object(Closure))
#25 /Users/lkmdigital/monbeaupays.com/backend/vendor/laravel/framework/src/Illuminate/Foundation/Http/Middleware/PreventRequestsDuringMaintenance.php(110): Illuminate\\Pipeline\\Pipeline->{closure:{closure:Illuminate\\Pipeline\\Pipeline::carry():184}:185}(Object(Illuminate\\Http\\Request))
#26 /Users/lkmdigital/monbeaupays.com/backend/vendor/laravel/framework/src/Illuminate/Pipeline/Pipeline.php(209): Illuminate\\Foundation\\Http\\Middleware\\PreventRequestsDuringMaintenance->handle(Object(Illuminate\\Http\\Request), Object(Closure))
#27 /Users/lkmdigital/monbeaupays.com/backend/vendor/laravel/framework/src/Illuminate/Http/Middleware/HandleCors.php(62): Illuminate\\Pipeline\\Pipeline->{closure:{closure:Illuminate\\Pipeline\\Pipeline::carry():184}:185}(Object(Illuminate\\Http\\Request))
#28 /Users/lkmdigital/monbeaupays.com/backend/vendor/laravel/framework/src/Illuminate/Pipeline/Pipeline.php(209): Illuminate\\Http\\Middleware\\HandleCors->handle(Object(Illuminate\\Http\\Request), Object(Closure))
#29 /Users/lkmdigital/monbeaupays.com/backend/vendor/laravel/framework/src/Illuminate/Http/Middleware/TrustProxies.php(58): Illuminate\\Pipeline\\Pipeline->{closure:{closure:Illuminate\\Pipeline\\Pipeline::carry():184}:185}(Object(Illuminate\\Http\\Request))
#30 /Users/lkmdigital/monbeaupays.com/backend/vendor/laravel/framework/src/Illuminate/Pipeline/Pipeline.php(209): Illuminate\\Http\\Middleware\\TrustProxies->handle(Object(Illuminate\\Http\\Request), Object(Closure))
#31 /Users/lkmdigital/monbeaupays.com/backend/vendor/laravel/framework/src/Illuminate/Foundation/Http/Middleware/InvokeDeferredCallbacks.php(22): Illuminate\\Pipeline\\Pipeline->{closure:{closure:Illuminate\\Pipeline\\Pipeline::carry():184}:185}(Object(Illuminate\\Http\\Request))
#32 /Users/lkmdigital/monbeaupays.com/backend/vendor/laravel/framework/src/Illuminate/Pipeline/Pipeline.php(209): Illuminate\\Foundation\\Http\\Middleware\\InvokeDeferredCallbacks->handle(Object(Illuminate\\Http\\Request), Object(Closure))
#33 /Users/lkmdigital/monbeaupays.com/backend/vendor/laravel/framework/src/Illuminate/Pipeline/Pipeline.php(127): Illuminate\\Pipeline\\Pipeline->{closure:{closure:Illuminate\\Pipeline\\Pipeline::carry():184}:185}(Object(Illuminate\\Http\\Request))
#34 /Users/lkmdigital/monbeaupays.com/backend/vendor/laravel/framework/src/Illuminate/Foundation/Http/Kernel.php(176): Illuminate\\Pipeline\\Pipeline->then(Object(Closure))
#35 /Users/lkmdigital/monbeaupays.com/backend/vendor/laravel/framework/src/Illuminate/Foundation/Http/Kernel.php(145): Illuminate\\Foundation\\Http\\Kernel->sendRequestThroughRouter(Object(Illuminate\\Http\\Request))
#36 /Users/lkmdigital/monbeaupays.com/backend/public/index.php(17): Illuminate\\Foundation\\Http\\Kernel->handle(Object(Illuminate\\Http\\Request))
#37 /Users/lkmdigital/monbeaupays.com/backend/vendor/laravel/framework/src/Illuminate/Foundation/resources/server.php(23): require_once('/Users/lkmdigit...')
#38 {main}"} 
[2025-11-12 11:42:22] local.INFO: Payment initiation started {"booking_id":"5","user_id":4} 
[2025-11-12 11:42:22] local.INFO: Booking found {"booking_id":5,"booking_user_id":4,"request_user_id":4} 
[2025-11-12 11:42:22] local.INFO: Creating or retrieving payment {"booking_id":5,"user_id":4,"payment_method":"wave-ci","amount":"740000.00"} 
[2025-11-12 11:42:22] local.INFO: Payment created/retrieved {"payment_id":1,"payment_reference":"U5LIMT3R1ZZFX4E","status":"pending"} 
[2025-11-12 11:42:22] local.INFO: Creating payment link via malia-pay API {"payment_id":1,"payment_method":"wave-ci","amount":"740000.00"} 
[2025-11-12 11:42:22] local.INFO: createPaymentLink called {"payment_id":1,"booking_id":5,"user_id":4,"payment_method":"wave-ci"} 
[2025-11-12 11:42:22] local.INFO: Channel mapped {"payment_method":"wave-ci","channel":"WAVECI"} 
[2025-11-12 11:42:22] local.INFO: Customer name parsed {"full_name":"Pierre Yapi","customer_name":"Pierre","customer_surname":"Yapi"} 
[2025-11-12 11:42:22] local.INFO: Payment data prepared {"data":{"montant":"740000.00","reference":"U5LIMT3R1ZZFX4E","description":"Paiement de réservation #5 - Maison d'Hôtes San-Pédro","channel":"WAVECI","merchant_id":"MI_AOXBNNUD2J","aggregated_merchant_id":"am-1j54gkvb820we","customer_name":"Pierre","customer_surname":"Yapi","customer_phone_number":"+225 01 23 45 67 89","customer_email":"user1@monbeaupays.com","notification_url":"http://localhost:8000/api/payments/webhook","return_url":"http://localhost:8000/bookings/5?payment=success","error_url":"http://localhost:8000/bookings/5/payment?error=1","success_url":"http://localhost:8000/bookings/5?payment=success"},"merchant_id":"MI_AOXBNNUD2J","aggregated_merchant_id":"am-1j54gkvb820we"} 
[2025-11-12 11:42:22] local.INFO: Sending request to malia-pay {"url":"https://malia-pay.com/api/v1/OnlinePaymentService/add_payer","json_data":"{\"montant\":\"740000.00\",\"reference\":\"U5LIMT3R1ZZFX4E\",\"description\":\"Paiement de r\\u00e9servation #5 - Maison d'H\\u00f4tes San-P\\u00e9dro\",\"channel\":\"WAVECI\",\"merchant_id\":\"MI_AOXBNNUD2J\",\"aggregated_merchant_id\":\"am-1j54gkvb820we\",\"customer_name\":\"Pierre\",\"customer_surname\":\"Yapi\",\"customer_phone_number\":\"+225 01 23 45 67 89\",\"customer_email\":\"user1@monbeaupays.com\",\"notification_url\":\"http:\\/\\/localhost:8000\\/api\\/payments\\/webhook\",\"return_url\":\"http:\\/\\/localhost:8000\\/bookings\\/5?payment=success\",\"error_url\":\"http:\\/\\/localhost:8000\\/bookings\\/5\\/payment?error=1\",\"success_url\":\"http:\\/\\/localhost:8000\\/bookings\\/5?payment=success\"}"} 
[2025-11-12 11:42:23] local.INFO: Malia-pay API response {"http_code":201,"response":"{\"message\":\"Created\",\"status\":\"success\",\"link\":null}","curl_error":""} 
[2025-11-12 11:42:23] local.ERROR: HTTP error from malia-pay {"http_code":201,"response":"{\"message\":\"Created\",\"status\":\"success\",\"link\":null}"} 
[2025-11-12 11:42:23] local.ERROR: Error creating payment link {"payment_id":1,"error":"Created","trace":"#0 /Users/lkmdigital/monbeaupays.com/backend/app/Http/Controllers/PaymentController.php(137): App\\Http\\Controllers\\PaymentController->createPaymentLink(Object(App\\Models\\Payment), Object(App\\Models\\Booking), Object(App\\Models\\User), 'wave-ci')
#1 /Users/lkmdigital/monbeaupays.com/backend/vendor/laravel/framework/src/Illuminate/Routing/ControllerDispatcher.php(47): App\\Http\\Controllers\\PaymentController->initiate(Object(Illuminate\\Http\\Request), '5')
#2 /Users/lkmdigital/monbeaupays.com/backend/vendor/laravel/framework/src/Illuminate/Routing/Route.php(266): Illuminate\\Routing\\ControllerDispatcher->dispatch(Object(Illuminate\\Routing\\Route), Object(App\\Http\\Controllers\\PaymentController), 'initiate')
#3 /Users/lkmdigital/monbeaupays.com/backend/vendor/laravel/framework/src/Illuminate/Routing/Route.php(212): Illuminate\\Routing\\Route->runController()
#4 /Users/lkmdigital/monbeaupays.com/backend/vendor/laravel/framework/src/Illuminate/Routing/Router.php(808): Illuminate\\Routing\\Route->run()
#5 /Users/lkmdigital/monbeaupays.com/backend/vendor/laravel/framework/src/Illuminate/Pipeline/Pipeline.php(170): Illuminate\\Routing\\Router->{closure:Illuminate\\Routing\\Router::runRouteWithinStack():807}(Object(Illuminate\\Http\\Request))
#6 /Users/lkmdigital/monbeaupays.com/backend/vendor/laravel/framework/src/Illuminate/Routing/Middleware/SubstituteBindings.php(51): Illuminate\\Pipeline\\Pipeline->{closure:Illuminate\\Pipeline\\Pipeline::prepareDestination():168}(Object(Illuminate\\Http\\Request))
#7 /Users/lkmdigital/monbeaupays.com/backend/vendor/laravel/framework/src/Illuminate/Pipeline/Pipeline.php(209): Illuminate\\Routing\\Middleware\\SubstituteBindings->handle(Object(Illuminate\\Http\\Request), Object(Closure))
#8 /Users/lkmdigital/monbeaupays.com/backend/vendor/laravel/framework/src/Illuminate/Auth/Middleware/Authenticate.php(64): Illuminate\\Pipeline\\Pipeline->{closure:{closure:Illuminate\\Pipeline\\Pipeline::carry():184}:185}(Object(Illuminate\\Http\\Request))
#9 /Users/lkmdigital/monbeaupays.com/backend/vendor/laravel/framework/src/Illuminate/Pipeline/Pipeline.php(209): Illuminate\\Auth\\Middleware\\Authenticate->handle(Object(Illuminate\\Http\\Request), Object(Closure), 'sanctum')
#10 /Users/lkmdigital/monbeaupays.com/backend/vendor/laravel/framework/src/Illuminate/Pipeline/Pipeline.php(127): Illuminate\\Pipeline\\Pipeline->{closure:{closure:Illuminate\\Pipeline\\Pipeline::carry():184}:185}(Object(Illuminate\\Http\\Request))
#11 /Users/lkmdigital/monbeaupays.com/backend/vendor/laravel/framework/src/Illuminate/Routing/Router.php(807): Illuminate\\Pipeline\\Pipeline->then(Object(Closure))
#12 /Users/lkmdigital/monbeaupays.com/backend/vendor/laravel/framework/src/Illuminate/Routing/Router.php(786): Illuminate\\Routing\\Router->runRouteWithinStack(Object(Illuminate\\Routing\\Route), Object(Illuminate\\Http\\Request))
#13 /Users/lkmdigital/monbeaupays.com/backend/vendor/laravel/framework/src/Illuminate/Routing/Router.php(750): Illuminate\\Routing\\Router->runRoute(Object(Illuminate\\Http\\Request), Object(Illuminate\\Routing\\Route))
#14 /Users/lkmdigital/monbeaupays.com/backend/vendor/laravel/framework/src/Illuminate/Routing/Router.php(739): Illuminate\\Routing\\Router->dispatchToRoute(Object(Illuminate\\Http\\Request))
#15 /Users/lkmdigital/monbeaupays.com/backend/vendor/laravel/framework/src/Illuminate/Foundation/Http/Kernel.php(201): Illuminate\\Routing\\Router->dispatch(Object(Illuminate\\Http\\Request))
#16 /Users/lkmdigital/monbeaupays.com/backend/vendor/laravel/framework/src/Illuminate/Pipeline/Pipeline.php(170): Illuminate\\Foundation\\Http\\Kernel->{closure:Illuminate\\Foundation\\Http\\Kernel::dispatchToRouter():198}(Object(Illuminate\\Http\\Request))
#17 /Users/lkmdigital/monbeaupays.com/backend/vendor/laravel/framework/src/Illuminate/Foundation/Http/Middleware/TransformsRequest.php(21): Illuminate\\Pipeline\\Pipeline->{closure:Illuminate\\Pipeline\\Pipeline::prepareDestination():168}(Object(Illuminate\\Http\\Request))
#18 /Users/lkmdigital/monbeaupays.com/backend/vendor/laravel/framework/src/Illuminate/Foundation/Http/Middleware/ConvertEmptyStringsToNull.php(31): Illuminate\\Foundation\\Http\\Middleware\\TransformsRequest->handle(Object(Illuminate\\Http\\Request), Object(Closure))
#19 /Users/lkmdigital/monbeaupays.com/backend/vendor/laravel/framework/src/Illuminate/Pipeline/Pipeline.php(209): Illuminate\\Foundation\\Http\\Middleware\\ConvertEmptyStringsToNull->handle(Object(Illuminate\\Http\\Request), Object(Closure))
#20 /Users/lkmdigital/monbeaupays.com/backend/vendor/laravel/framework/src/Illuminate/Foundation/Http/Middleware/TransformsRequest.php(21): Illuminate\\Pipeline\\Pipeline->{closure:{closure:Illuminate\\Pipeline\\Pipeline::carry():184}:185}(Object(Illuminate\\Http\\Request))
#21 /Users/lkmdigital/monbeaupays.com/backend/vendor/laravel/framework/src/Illuminate/Foundation/Http/Middleware/TrimStrings.php(51): Illuminate\\Foundation\\Http\\Middleware\\TransformsRequest->handle(Object(Illuminate\\Http\\Request), Object(Closure))
#22 /Users/lkmdigital/monbeaupays.com/backend/vendor/laravel/framework/src/Illuminate/Pipeline/Pipeline.php(209): Illuminate\\Foundation\\Http\\Middleware\\TrimStrings->handle(Object(Illuminate\\Http\\Request), Object(Closure))
#23 /Users/lkmdigital/monbeaupays.com/backend/vendor/laravel/framework/src/Illuminate/Http/Middleware/ValidatePostSize.php(27): Illuminate\\Pipeline\\Pipeline->{closure:{closure:Illuminate\\Pipeline\\Pipeline::carry():184}:185}(Object(Illuminate\\Http\\Request))
#24 /Users/lkmdigital/monbeaupays.com/backend/vendor/laravel/framework/src/Illuminate/Pipeline/Pipeline.php(209): Illuminate\\Http\\Middleware\\ValidatePostSize->handle(Object(Illuminate\\Http\\Request), Object(Closure))
#25 /Users/lkmdigital/monbeaupays.com/backend/vendor/laravel/framework/src/Illuminate/Foundation/Http/Middleware/PreventRequestsDuringMaintenance.php(110): Illuminate\\Pipeline\\Pipeline->{closure:{closure:Illuminate\\Pipeline\\Pipeline::carry():184}:185}(Object(Illuminate\\Http\\Request))
#26 /Users/lkmdigital/monbeaupays.com/backend/vendor/laravel/framework/src/Illuminate/Pipeline/Pipeline.php(209): Illuminate\\Foundation\\Http\\Middleware\\PreventRequestsDuringMaintenance->handle(Object(Illuminate\\Http\\Request), Object(Closure))
#27 /Users/lkmdigital/monbeaupays.com/backend/vendor/laravel/framework/src/Illuminate/Http/Middleware/HandleCors.php(62): Illuminate\\Pipeline\\Pipeline->{closure:{closure:Illuminate\\Pipeline\\Pipeline::carry():184}:185}(Object(Illuminate\\Http\\Request))
#28 /Users/lkmdigital/monbeaupays.com/backend/vendor/laravel/framework/src/Illuminate/Pipeline/Pipeline.php(209): Illuminate\\Http\\Middleware\\HandleCors->handle(Object(Illuminate\\Http\\Request), Object(Closure))
#29 /Users/lkmdigital/monbeaupays.com/backend/vendor/laravel/framework/src/Illuminate/Http/Middleware/TrustProxies.php(58): Illuminate\\Pipeline\\Pipeline->{closure:{closure:Illuminate\\Pipeline\\Pipeline::carry():184}:185}(Object(Illuminate\\Http\\Request))
#30 /Users/lkmdigital/monbeaupays.com/backend/vendor/laravel/framework/src/Illuminate/Pipeline/Pipeline.php(209): Illuminate\\Http\\Middleware\\TrustProxies->handle(Object(Illuminate\\Http\\Request), Object(Closure))
#31 /Users/lkmdigital/monbeaupays.com/backend/vendor/laravel/framework/src/Illuminate/Foundation/Http/Middleware/InvokeDeferredCallbacks.php(22): Illuminate\\Pipeline\\Pipeline->{closure:{closure:Illuminate\\Pipeline\\Pipeline::carry():184}:185}(Object(Illuminate\\Http\\Request))
#32 /Users/lkmdigital/monbeaupays.com/backend/vendor/laravel/framework/src/Illuminate/Pipeline/Pipeline.php(209): Illuminate\\Foundation\\Http\\Middleware\\InvokeDeferredCallbacks->handle(Object(Illuminate\\Http\\Request), Object(Closure))
#33 /Users/lkmdigital/monbeaupays.com/backend/vendor/laravel/framework/src/Illuminate/Pipeline/Pipeline.php(127): Illuminate\\Pipeline\\Pipeline->{closure:{closure:Illuminate\\Pipeline\\Pipeline::carry():184}:185}(Object(Illuminate\\Http\\Request))
#34 /Users/lkmdigital/monbeaupays.com/backend/vendor/laravel/framework/src/Illuminate/Foundation/Http/Kernel.php(176): Illuminate\\Pipeline\\Pipeline->then(Object(Closure))
#35 /Users/lkmdigital/monbeaupays.com/backend/vendor/laravel/framework/src/Illuminate/Foundation/Http/Kernel.php(145): Illuminate\\Foundation\\Http\\Kernel->sendRequestThroughRouter(Object(Illuminate\\Http\\Request))
#36 /Users/lkmdigital/monbeaupays.com/backend/public/index.php(17): Illuminate\\Foundation\\Http\\Kernel->handle(Object(Illuminate\\Http\\Request))
#37 /Users/lkmdigital/monbeaupays.com/backend/vendor/laravel/framework/src/Illuminate/Foundation/resources/server.php(23): require_once('/Users/lkmdigit...')
#38 {main}"} 
[2025-11-12 11:43:55] local.INFO: Payment initiation started {"booking_id":"5","user_id":4} 
[2025-11-12 11:43:55] local.INFO: Booking found {"booking_id":5,"booking_user_id":4,"request_user_id":4} 
[2025-11-12 11:43:55] local.INFO: Creating or retrieving payment {"booking_id":5,"user_id":4,"payment_method":"wave-ci","amount":"740000.00"} 
[2025-11-12 11:43:55] local.INFO: Payment created/retrieved {"payment_id":1,"payment_reference":"U5LIMT3R1ZZFX4E","status":"pending"} 
[2025-11-12 11:43:55] local.INFO: Creating payment link via malia-pay API {"payment_id":1,"payment_method":"wave-ci","amount":"740000.00"} 
[2025-11-12 11:43:55] local.INFO: createPaymentLink called {"payment_id":1,"booking_id":5,"user_id":4,"payment_method":"wave-ci"} 
[2025-11-12 11:43:55] local.INFO: Channel mapped {"payment_method":"wave-ci","channel":"WAVECI"} 
[2025-11-12 11:43:55] local.INFO: Customer name parsed {"full_name":"Pierre Yapi","customer_name":"Pierre","customer_surname":"Yapi"} 
[2025-11-12 11:43:55] local.INFO: Payment data prepared {"data":{"montant":"740000.00","reference":"U5LIMT3R1ZZFX4E","description":"Paiement de réservation #5 - Maison d'Hôtes San-Pédro","channel":"WAVECI","merchant_id":"MI_AOXBNNUD2J","aggregated_merchant_id":"am-1j54gkvb820we","customer_name":"Pierre","customer_surname":"Yapi","customer_phone_number":"+225 01 23 45 67 89","customer_email":"user1@monbeaupays.com","notification_url":"http://localhost:8000/api/payments/webhook","return_url":"http://localhost:8000/bookings/5?payment=success","error_url":"http://localhost:8000/bookings/5/payment?error=1","success_url":"http://localhost:8000/bookings/5?payment=success"},"merchant_id":"MI_AOXBNNUD2J","aggregated_merchant_id":"am-1j54gkvb820we"} 
[2025-11-12 11:43:55] local.INFO: Sending request to malia-pay {"url":"https://malia-pay.com/api/v1/OnlinePaymentService/add_payer","json_data":"{\"montant\":\"740000.00\",\"reference\":\"U5LIMT3R1ZZFX4E\",\"description\":\"Paiement de r\\u00e9servation #5 - Maison d'H\\u00f4tes San-P\\u00e9dro\",\"channel\":\"WAVECI\",\"merchant_id\":\"MI_AOXBNNUD2J\",\"aggregated_merchant_id\":\"am-1j54gkvb820we\",\"customer_name\":\"Pierre\",\"customer_surname\":\"Yapi\",\"customer_phone_number\":\"+225 01 23 45 67 89\",\"customer_email\":\"user1@monbeaupays.com\",\"notification_url\":\"http:\\/\\/localhost:8000\\/api\\/payments\\/webhook\",\"return_url\":\"http:\\/\\/localhost:8000\\/bookings\\/5?payment=success\",\"error_url\":\"http:\\/\\/localhost:8000\\/bookings\\/5\\/payment?error=1\",\"success_url\":\"http:\\/\\/localhost:8000\\/bookings\\/5?payment=success\"}"} 
[2025-11-12 11:43:56] local.INFO: Malia-pay API response {"http_code":201,"response":"{\"message\":\"Created\",\"status\":\"success\",\"link\":null}","curl_error":""} 
[2025-11-12 11:43:56] local.ERROR: Link not found in response {"response":"{\"message\":\"Created\",\"status\":\"success\",\"link\":null}","decoded_response":{"stdClass":{"message":"Created","status":"success","link":null}},"http_code":201} 
[2025-11-12 11:43:56] local.ERROR: Error creating payment link {"payment_id":1,"error":"Created","trace":"#0 /Users/lkmdigital/monbeaupays.com/backend/app/Http/Controllers/PaymentController.php(137): App\\Http\\Controllers\\PaymentController->createPaymentLink(Object(App\\Models\\Payment), Object(App\\Models\\Booking), Object(App\\Models\\User), 'wave-ci')
#1 /Users/lkmdigital/monbeaupays.com/backend/vendor/laravel/framework/src/Illuminate/Routing/ControllerDispatcher.php(47): App\\Http\\Controllers\\PaymentController->initiate(Object(Illuminate\\Http\\Request), '5')
#2 /Users/lkmdigital/monbeaupays.com/backend/vendor/laravel/framework/src/Illuminate/Routing/Route.php(266): Illuminate\\Routing\\ControllerDispatcher->dispatch(Object(Illuminate\\Routing\\Route), Object(App\\Http\\Controllers\\PaymentController), 'initiate')
#3 /Users/lkmdigital/monbeaupays.com/backend/vendor/laravel/framework/src/Illuminate/Routing/Route.php(212): Illuminate\\Routing\\Route->runController()
#4 /Users/lkmdigital/monbeaupays.com/backend/vendor/laravel/framework/src/Illuminate/Routing/Router.php(808): Illuminate\\Routing\\Route->run()
#5 /Users/lkmdigital/monbeaupays.com/backend/vendor/laravel/framework/src/Illuminate/Pipeline/Pipeline.php(170): Illuminate\\Routing\\Router->{closure:Illuminate\\Routing\\Router::runRouteWithinStack():807}(Object(Illuminate\\Http\\Request))
#6 /Users/lkmdigital/monbeaupays.com/backend/vendor/laravel/framework/src/Illuminate/Routing/Middleware/SubstituteBindings.php(51): Illuminate\\Pipeline\\Pipeline->{closure:Illuminate\\Pipeline\\Pipeline::prepareDestination():168}(Object(Illuminate\\Http\\Request))
#7 /Users/lkmdigital/monbeaupays.com/backend/vendor/laravel/framework/src/Illuminate/Pipeline/Pipeline.php(209): Illuminate\\Routing\\Middleware\\SubstituteBindings->handle(Object(Illuminate\\Http\\Request), Object(Closure))
#8 /Users/lkmdigital/monbeaupays.com/backend/vendor/laravel/framework/src/Illuminate/Auth/Middleware/Authenticate.php(64): Illuminate\\Pipeline\\Pipeline->{closure:{closure:Illuminate\\Pipeline\\Pipeline::carry():184}:185}(Object(Illuminate\\Http\\Request))
#9 /Users/lkmdigital/monbeaupays.com/backend/vendor/laravel/framework/src/Illuminate/Pipeline/Pipeline.php(209): Illuminate\\Auth\\Middleware\\Authenticate->handle(Object(Illuminate\\Http\\Request), Object(Closure), 'sanctum')
#10 /Users/lkmdigital/monbeaupays.com/backend/vendor/laravel/framework/src/Illuminate/Pipeline/Pipeline.php(127): Illuminate\\Pipeline\\Pipeline->{closure:{closure:Illuminate\\Pipeline\\Pipeline::carry():184}:185}(Object(Illuminate\\Http\\Request))
#11 /Users/lkmdigital/monbeaupays.com/backend/vendor/laravel/framework/src/Illuminate/Routing/Router.php(807): Illuminate\\Pipeline\\Pipeline->then(Object(Closure))
#12 /Users/lkmdigital/monbeaupays.com/backend/vendor/laravel/framework/src/Illuminate/Routing/Router.php(786): Illuminate\\Routing\\Router->runRouteWithinStack(Object(Illuminate\\Routing\\Route), Object(Illuminate\\Http\\Request))
#13 /Users/lkmdigital/monbeaupays.com/backend/vendor/laravel/framework/src/Illuminate/Routing/Router.php(750): Illuminate\\Routing\\Router->runRoute(Object(Illuminate\\Http\\Request), Object(Illuminate\\Routing\\Route))
#14 /Users/lkmdigital/monbeaupays.com/backend/vendor/laravel/framework/src/Illuminate/Routing/Router.php(739): Illuminate\\Routing\\Router->dispatchToRoute(Object(Illuminate\\Http\\Request))
#15 /Users/lkmdigital/monbeaupays.com/backend/vendor/laravel/framework/src/Illuminate/Foundation/Http/Kernel.php(201): Illuminate\\Routing\\Router->dispatch(Object(Illuminate\\Http\\Request))
#16 /Users/lkmdigital/monbeaupays.com/backend/vendor/laravel/framework/src/Illuminate/Pipeline/Pipeline.php(170): Illuminate\\Foundation\\Http\\Kernel->{closure:Illuminate\\Foundation\\Http\\Kernel::dispatchToRouter():198}(Object(Illuminate\\Http\\Request))
#17 /Users/lkmdigital/monbeaupays.com/backend/vendor/laravel/framework/src/Illuminate/Foundation/Http/Middleware/TransformsRequest.php(21): Illuminate\\Pipeline\\Pipeline->{closure:Illuminate\\Pipeline\\Pipeline::prepareDestination():168}(Object(Illuminate\\Http\\Request))
#18 /Users/lkmdigital/monbeaupays.com/backend/vendor/laravel/framework/src/Illuminate/Foundation/Http/Middleware/ConvertEmptyStringsToNull.php(31): Illuminate\\Foundation\\Http\\Middleware\\TransformsRequest->handle(Object(Illuminate\\Http\\Request), Object(Closure))
#19 /Users/lkmdigital/monbeaupays.com/backend/vendor/laravel/framework/src/Illuminate/Pipeline/Pipeline.php(209): Illuminate\\Foundation\\Http\\Middleware\\ConvertEmptyStringsToNull->handle(Object(Illuminate\\Http\\Request), Object(Closure))
#20 /Users/lkmdigital/monbeaupays.com/backend/vendor/laravel/framework/src/Illuminate/Foundation/Http/Middleware/TransformsRequest.php(21): Illuminate\\Pipeline\\Pipeline->{closure:{closure:Illuminate\\Pipeline\\Pipeline::carry():184}:185}(Object(Illuminate\\Http\\Request))
#21 /Users/lkmdigital/monbeaupays.com/backend/vendor/laravel/framework/src/Illuminate/Foundation/Http/Middleware/TrimStrings.php(51): Illuminate\\Foundation\\Http\\Middleware\\TransformsRequest->handle(Object(Illuminate\\Http\\Request), Object(Closure))
#22 /Users/lkmdigital/monbeaupays.com/backend/vendor/laravel/framework/src/Illuminate/Pipeline/Pipeline.php(209): Illuminate\\Foundation\\Http\\Middleware\\TrimStrings->handle(Object(Illuminate\\Http\\Request), Object(Closure))
#23 /Users/lkmdigital/monbeaupays.com/backend/vendor/laravel/framework/src/Illuminate/Http/Middleware/ValidatePostSize.php(27): Illuminate\\Pipeline\\Pipeline->{closure:{closure:Illuminate\\Pipeline\\Pipeline::carry():184}:185}(Object(Illuminate\\Http\\Request))
#24 /Users/lkmdigital/monbeaupays.com/backend/vendor/laravel/framework/src/Illuminate/Pipeline/Pipeline.php(209): Illuminate\\Http\\Middleware\\ValidatePostSize->handle(Object(Illuminate\\Http\\Request), Object(Closure))
#25 /Users/lkmdigital/monbeaupays.com/backend/vendor/laravel/framework/src/Illuminate/Foundation/Http/Middleware/PreventRequestsDuringMaintenance.php(110): Illuminate\\Pipeline\\Pipeline->{closure:{closure:Illuminate\\Pipeline\\Pipeline::carry():184}:185}(Object(Illuminate\\Http\\Request))
#26 /Users/lkmdigital/monbeaupays.com/backend/vendor/laravel/framework/src/Illuminate/Pipeline/Pipeline.php(209): Illuminate\\Foundation\\Http\\Middleware\\PreventRequestsDuringMaintenance->handle(Object(Illuminate\\Http\\Request), Object(Closure))
#27 /Users/lkmdigital/monbeaupays.com/backend/vendor/laravel/framework/src/Illuminate/Http/Middleware/HandleCors.php(62): Illuminate\\Pipeline\\Pipeline->{closure:{closure:Illuminate\\Pipeline\\Pipeline::carry():184}:185}(Object(Illuminate\\Http\\Request))
#28 /Users/lkmdigital/monbeaupays.com/backend/vendor/laravel/framework/src/Illuminate/Pipeline/Pipeline.php(209): Illuminate\\Http\\Middleware\\HandleCors->handle(Object(Illuminate\\Http\\Request), Object(Closure))
#29 /Users/lkmdigital/monbeaupays.com/backend/vendor/laravel/framework/src/Illuminate/Http/Middleware/TrustProxies.php(58): Illuminate\\Pipeline\\Pipeline->{closure:{closure:Illuminate\\Pipeline\\Pipeline::carry():184}:185}(Object(Illuminate\\Http\\Request))
#30 /Users/lkmdigital/monbeaupays.com/backend/vendor/laravel/framework/src/Illuminate/Pipeline/Pipeline.php(209): Illuminate\\Http\\Middleware\\TrustProxies->handle(Object(Illuminate\\Http\\Request), Object(Closure))
#31 /Users/lkmdigital/monbeaupays.com/backend/vendor/laravel/framework/src/Illuminate/Foundation/Http/Middleware/InvokeDeferredCallbacks.php(22): Illuminate\\Pipeline\\Pipeline->{closure:{closure:Illuminate\\Pipeline\\Pipeline::carry():184}:185}(Object(Illuminate\\Http\\Request))
#32 /Users/lkmdigital/monbeaupays.com/backend/vendor/laravel/framework/src/Illuminate/Pipeline/Pipeline.php(209): Illuminate\\Foundation\\Http\\Middleware\\InvokeDeferredCallbacks->handle(Object(Illuminate\\Http\\Request), Object(Closure))
#33 /Users/lkmdigital/monbeaupays.com/backend/vendor/laravel/framework/src/Illuminate/Pipeline/Pipeline.php(127): Illuminate\\Pipeline\\Pipeline->{closure:{closure:Illuminate\\Pipeline\\Pipeline::carry():184}:185}(Object(Illuminate\\Http\\Request))
#34 /Users/lkmdigital/monbeaupays.com/backend/vendor/laravel/framework/src/Illuminate/Foundation/Http/Kernel.php(176): Illuminate\\Pipeline\\Pipeline->then(Object(Closure))
#35 /Users/lkmdigital/monbeaupays.com/backend/vendor/laravel/framework/src/Illuminate/Foundation/Http/Kernel.php(145): Illuminate\\Foundation\\Http\\Kernel->sendRequestThroughRouter(Object(Illuminate\\Http\\Request))
#36 /Users/lkmdigital/monbeaupays.com/backend/public/index.php(17): Illuminate\\Foundation\\Http\\Kernel->handle(Object(Illuminate\\Http\\Request))
#37 /Users/lkmdigital/monbeaupays.com/backend/vendor/laravel/framework/src/Illuminate/Foundation/resources/server.php(23): require_once('/Users/lkmdigit...')
#38 {main}"} 
[2025-11-12 11:47:24] local.INFO: Payment initiation started {"booking_id":"5","user_id":4} 
[2025-11-12 11:47:24] local.INFO: Booking found {"booking_id":5,"booking_user_id":4,"request_user_id":4} 
[2025-11-12 11:47:24] local.INFO: Creating or retrieving payment {"booking_id":5,"user_id":4,"payment_method":"wave-ci","amount":"740000.00"} 
[2025-11-12 11:47:24] local.INFO: Payment created/retrieved {"payment_id":1,"payment_reference":"U5LIMT3R1ZZFX4E","status":"pending"} 
[2025-11-12 11:47:24] local.INFO: Creating payment link via malia-pay API {"payment_id":1,"payment_method":"wave-ci","amount":"740000.00"} 
[2025-11-12 11:47:24] local.INFO: createPaymentLink called {"payment_id":1,"booking_id":5,"user_id":4,"payment_method":"wave-ci"} 
[2025-11-12 11:47:24] local.INFO: Channel mapped {"payment_method":"wave-ci","channel":"WAVECI"} 
[2025-11-12 11:47:24] local.INFO: Customer name parsed {"full_name":"Pierre Yapi","customer_name":"Pierre","customer_surname":"Yapi"} 
[2025-11-12 11:47:24] local.INFO: Payment data prepared {"data":{"montant":"740000.00","reference":"U5LIMT3R1ZZFX4E","description":"Paiement de réservation #5 - Maison d'Hôtes San-Pédro","channel":"WAVECI","merchant_id":"MI_AOXBNNUD2J","aggregated_merchant_id":"am-1j54gkvb820we","customer_name":"Pierre","customer_surname":"Yapi","customer_phone_number":"+225 01 23 45 67 89","customer_email":"user1@monbeaupays.com","notification_url":"http://localhost:8000/api/payments/webhook","return_url":"http://localhost:8000/bookings/5?payment=success","error_url":"http://localhost:8000/bookings/5/payment?error=1","success_url":"http://localhost:8000/bookings/5?payment=success"},"merchant_id":"MI_AOXBNNUD2J","aggregated_merchant_id":"am-1j54gkvb820we"} 
[2025-11-12 11:47:24] local.INFO: Sending request to malia-pay {"url":"https://malia-pay.com/api/v1/OnlinePaymentService/add_payer","json_data":"{\"montant\":\"740000.00\",\"reference\":\"U5LIMT3R1ZZFX4E\",\"description\":\"Paiement de r\\u00e9servation #5 - Maison d'H\\u00f4tes San-P\\u00e9dro\",\"channel\":\"WAVECI\",\"merchant_id\":\"MI_AOXBNNUD2J\",\"aggregated_merchant_id\":\"am-1j54gkvb820we\",\"customer_name\":\"Pierre\",\"customer_surname\":\"Yapi\",\"customer_phone_number\":\"+225 01 23 45 67 89\",\"customer_email\":\"user1@monbeaupays.com\",\"notification_url\":\"http:\\/\\/localhost:8000\\/api\\/payments\\/webhook\",\"return_url\":\"http:\\/\\/localhost:8000\\/bookings\\/5?payment=success\",\"error_url\":\"http:\\/\\/localhost:8000\\/bookings\\/5\\/payment?error=1\",\"success_url\":\"http:\\/\\/localhost:8000\\/bookings\\/5?payment=success\"}"} 
[2025-11-12 11:47:26] local.INFO: Malia-pay API response {"http_code":201,"response":"{\"message\":\"Created\",\"status\":\"success\",\"link\":null}","curl_error":""} 
[2025-11-12 11:47:26] local.ERROR: Link not found in response {"response":"{\"message\":\"Created\",\"status\":\"success\",\"link\":null}","decoded_response":{"stdClass":{"message":"Created","status":"success","link":null}},"http_code":201,"all_response_keys":["message","status","link"]} 
[2025-11-12 11:47:26] local.WARNING: Link is null but status is success, trying to construct link {"reference":"U5LIMT3R1ZZFX4E","possible_links":["https://malia-pay.com/pay/U5LIMT3R1ZZFX4E","https://malia-pay.com/payment/U5LIMT3R1ZZFX4E","https://malia-pay.com/checkout/U5LIMT3R1ZZFX4E","https://pay.malia-pay.com/U5LIMT3R1ZZFX4E"],"api_response":"{\"message\":\"Created\",\"status\":\"success\",\"link\":null}"} 
[2025-11-12 11:47:26] local.ERROR: Error creating payment link {"payment_id":1,"error":"La transaction a été créée avec succès (référence: U5LIMT3R1ZZFX4E), mais le lien de paiement n'est pas disponible dans la réponse de l'API. Veuillez vérifier la documentation de l'API Malia-Pay pour connaître le format du lien de paiement ou contacter le support technique.","trace":"#0 /Users/lkmdigital/monbeaupays.com/backend/app/Http/Controllers/PaymentController.php(137): App\\Http\\Controllers\\PaymentController->createPaymentLink(Object(App\\Models\\Payment), Object(App\\Models\\Booking), Object(App\\Models\\User), 'wave-ci')
#1 /Users/lkmdigital/monbeaupays.com/backend/vendor/laravel/framework/src/Illuminate/Routing/ControllerDispatcher.php(47): App\\Http\\Controllers\\PaymentController->initiate(Object(Illuminate\\Http\\Request), '5')
#2 /Users/lkmdigital/monbeaupays.com/backend/vendor/laravel/framework/src/Illuminate/Routing/Route.php(266): Illuminate\\Routing\\ControllerDispatcher->dispatch(Object(Illuminate\\Routing\\Route), Object(App\\Http\\Controllers\\PaymentController), 'initiate')
#3 /Users/lkmdigital/monbeaupays.com/backend/vendor/laravel/framework/src/Illuminate/Routing/Route.php(212): Illuminate\\Routing\\Route->runController()
#4 /Users/lkmdigital/monbeaupays.com/backend/vendor/laravel/framework/src/Illuminate/Routing/Router.php(808): Illuminate\\Routing\\Route->run()
#5 /Users/lkmdigital/monbeaupays.com/backend/vendor/laravel/framework/src/Illuminate/Pipeline/Pipeline.php(170): Illuminate\\Routing\\Router->{closure:Illuminate\\Routing\\Router::runRouteWithinStack():807}(Object(Illuminate\\Http\\Request))
#6 /Users/lkmdigital/monbeaupays.com/backend/vendor/laravel/framework/src/Illuminate/Routing/Middleware/SubstituteBindings.php(51): Illuminate\\Pipeline\\Pipeline->{closure:Illuminate\\Pipeline\\Pipeline::prepareDestination():168}(Object(Illuminate\\Http\\Request))
#7 /Users/lkmdigital/monbeaupays.com/backend/vendor/laravel/framework/src/Illuminate/Pipeline/Pipeline.php(209): Illuminate\\Routing\\Middleware\\SubstituteBindings->handle(Object(Illuminate\\Http\\Request), Object(Closure))
#8 /Users/lkmdigital/monbeaupays.com/backend/vendor/laravel/framework/src/Illuminate/Auth/Middleware/Authenticate.php(64): Illuminate\\Pipeline\\Pipeline->{closure:{closure:Illuminate\\Pipeline\\Pipeline::carry():184}:185}(Object(Illuminate\\Http\\Request))
#9 /Users/lkmdigital/monbeaupays.com/backend/vendor/laravel/framework/src/Illuminate/Pipeline/Pipeline.php(209): Illuminate\\Auth\\Middleware\\Authenticate->handle(Object(Illuminate\\Http\\Request), Object(Closure), 'sanctum')
#10 /Users/lkmdigital/monbeaupays.com/backend/vendor/laravel/framework/src/Illuminate/Pipeline/Pipeline.php(127): Illuminate\\Pipeline\\Pipeline->{closure:{closure:Illuminate\\Pipeline\\Pipeline::carry():184}:185}(Object(Illuminate\\Http\\Request))
#11 /Users/lkmdigital/monbeaupays.com/backend/vendor/laravel/framework/src/Illuminate/Routing/Router.php(807): Illuminate\\Pipeline\\Pipeline->then(Object(Closure))
#12 /Users/lkmdigital/monbeaupays.com/backend/vendor/laravel/framework/src/Illuminate/Routing/Router.php(786): Illuminate\\Routing\\Router->runRouteWithinStack(Object(Illuminate\\Routing\\Route), Object(Illuminate\\Http\\Request))
#13 /Users/lkmdigital/monbeaupays.com/backend/vendor/laravel/framework/src/Illuminate/Routing/Router.php(750): Illuminate\\Routing\\Router->runRoute(Object(Illuminate\\Http\\Request), Object(Illuminate\\Routing\\Route))
#14 /Users/lkmdigital/monbeaupays.com/backend/vendor/laravel/framework/src/Illuminate/Routing/Router.php(739): Illuminate\\Routing\\Router->dispatchToRoute(Object(Illuminate\\Http\\Request))
#15 /Users/lkmdigital/monbeaupays.com/backend/vendor/laravel/framework/src/Illuminate/Foundation/Http/Kernel.php(201): Illuminate\\Routing\\Router->dispatch(Object(Illuminate\\Http\\Request))
#16 /Users/lkmdigital/monbeaupays.com/backend/vendor/laravel/framework/src/Illuminate/Pipeline/Pipeline.php(170): Illuminate\\Foundation\\Http\\Kernel->{closure:Illuminate\\Foundation\\Http\\Kernel::dispatchToRouter():198}(Object(Illuminate\\Http\\Request))
#17 /Users/lkmdigital/monbeaupays.com/backend/vendor/laravel/framework/src/Illuminate/Foundation/Http/Middleware/TransformsRequest.php(21): Illuminate\\Pipeline\\Pipeline->{closure:Illuminate\\Pipeline\\Pipeline::prepareDestination():168}(Object(Illuminate\\Http\\Request))
#18 /Users/lkmdigital/monbeaupays.com/backend/vendor/laravel/framework/src/Illuminate/Foundation/Http/Middleware/ConvertEmptyStringsToNull.php(31): Illuminate\\Foundation\\Http\\Middleware\\TransformsRequest->handle(Object(Illuminate\\Http\\Request), Object(Closure))
#19 /Users/lkmdigital/monbeaupays.com/backend/vendor/laravel/framework/src/Illuminate/Pipeline/Pipeline.php(209): Illuminate\\Foundation\\Http\\Middleware\\ConvertEmptyStringsToNull->handle(Object(Illuminate\\Http\\Request), Object(Closure))
#20 /Users/lkmdigital/monbeaupays.com/backend/vendor/laravel/framework/src/Illuminate/Foundation/Http/Middleware/TransformsRequest.php(21): Illuminate\\Pipeline\\Pipeline->{closure:{closure:Illuminate\\Pipeline\\Pipeline::carry():184}:185}(Object(Illuminate\\Http\\Request))
#21 /Users/lkmdigital/monbeaupays.com/backend/vendor/laravel/framework/src/Illuminate/Foundation/Http/Middleware/TrimStrings.php(51): Illuminate\\Foundation\\Http\\Middleware\\TransformsRequest->handle(Object(Illuminate\\Http\\Request), Object(Closure))
#22 /Users/lkmdigital/monbeaupays.com/backend/vendor/laravel/framework/src/Illuminate/Pipeline/Pipeline.php(209): Illuminate\\Foundation\\Http\\Middleware\\TrimStrings->handle(Object(Illuminate\\Http\\Request), Object(Closure))
#23 /Users/lkmdigital/monbeaupays.com/backend/vendor/laravel/framework/src/Illuminate/Http/Middleware/ValidatePostSize.php(27): Illuminate\\Pipeline\\Pipeline->{closure:{closure:Illuminate\\Pipeline\\Pipeline::carry():184}:185}(Object(Illuminate\\Http\\Request))
#24 /Users/lkmdigital/monbeaupays.com/backend/vendor/laravel/framework/src/Illuminate/Pipeline/Pipeline.php(209): Illuminate\\Http\\Middleware\\ValidatePostSize->handle(Object(Illuminate\\Http\\Request), Object(Closure))
#25 /Users/lkmdigital/monbeaupays.com/backend/vendor/laravel/framework/src/Illuminate/Foundation/Http/Middleware/PreventRequestsDuringMaintenance.php(110): Illuminate\\Pipeline\\Pipeline->{closure:{closure:Illuminate\\Pipeline\\Pipeline::carry():184}:185}(Object(Illuminate\\Http\\Request))
#26 /Users/lkmdigital/monbeaupays.com/backend/vendor/laravel/framework/src/Illuminate/Pipeline/Pipeline.php(209): Illuminate\\Foundation\\Http\\Middleware\\PreventRequestsDuringMaintenance->handle(Object(Illuminate\\Http\\Request), Object(Closure))
#27 /Users/lkmdigital/monbeaupays.com/backend/vendor/laravel/framework/src/Illuminate/Http/Middleware/HandleCors.php(62): Illuminate\\Pipeline\\Pipeline->{closure:{closure:Illuminate\\Pipeline\\Pipeline::carry():184}:185}(Object(Illuminate\\Http\\Request))
#28 /Users/lkmdigital/monbeaupays.com/backend/vendor/laravel/framework/src/Illuminate/Pipeline/Pipeline.php(209): Illuminate\\Http\\Middleware\\HandleCors->handle(Object(Illuminate\\Http\\Request), Object(Closure))
#29 /Users/lkmdigital/monbeaupays.com/backend/vendor/laravel/framework/src/Illuminate/Http/Middleware/TrustProxies.php(58): Illuminate\\Pipeline\\Pipeline->{closure:{closure:Illuminate\\Pipeline\\Pipeline::carry():184}:185}(Object(Illuminate\\Http\\Request))
#30 /Users/lkmdigital/monbeaupays.com/backend/vendor/laravel/framework/src/Illuminate/Pipeline/Pipeline.php(209): Illuminate\\Http\\Middleware\\TrustProxies->handle(Object(Illuminate\\Http\\Request), Object(Closure))
#31 /Users/lkmdigital/monbeaupays.com/backend/vendor/laravel/framework/src/Illuminate/Foundation/Http/Middleware/InvokeDeferredCallbacks.php(22): Illuminate\\Pipeline\\Pipeline->{closure:{closure:Illuminate\\Pipeline\\Pipeline::carry():184}:185}(Object(Illuminate\\Http\\Request))
#32 /Users/lkmdigital/monbeaupays.com/backend/vendor/laravel/framework/src/Illuminate/Pipeline/Pipeline.php(209): Illuminate\\Foundation\\Http\\Middleware\\InvokeDeferredCallbacks->handle(Object(Illuminate\\Http\\Request), Object(Closure))
#33 /Users/lkmdigital/monbeaupays.com/backend/vendor/laravel/framework/src/Illuminate/Pipeline/Pipeline.php(127): Illuminate\\Pipeline\\Pipeline->{closure:{closure:Illuminate\\Pipeline\\Pipeline::carry():184}:185}(Object(Illuminate\\Http\\Request))
#34 /Users/lkmdigital/monbeaupays.com/backend/vendor/laravel/framework/src/Illuminate/Foundation/Http/Kernel.php(176): Illuminate\\Pipeline\\Pipeline->then(Object(Closure))
#35 /Users/lkmdigital/monbeaupays.com/backend/vendor/laravel/framework/src/Illuminate/Foundation/Http/Kernel.php(145): Illuminate\\Foundation\\Http\\Kernel->sendRequestThroughRouter(Object(Illuminate\\Http\\Request))
#36 /Users/lkmdigital/monbeaupays.com/backend/public/index.php(17): Illuminate\\Foundation\\Http\\Kernel->handle(Object(Illuminate\\Http\\Request))
#37 /Users/lkmdigital/monbeaupays.com/backend/vendor/laravel/framework/src/Illuminate/Foundation/resources/server.php(23): require_once('/Users/lkmdigit...')
#38 {main}"} 
[2025-11-12 11:51:46] local.INFO: Payment initiation started {"booking_id":"5","user_id":4} 
[2025-11-12 11:51:46] local.INFO: Booking found {"booking_id":5,"booking_user_id":4,"request_user_id":4} 
[2025-11-12 11:51:46] local.INFO: Creating or retrieving payment {"booking_id":5,"user_id":4,"payment_method":"wave-ci","amount":"740000.00"} 
[2025-11-12 11:51:46] local.INFO: Payment created/retrieved {"payment_id":1,"payment_reference":"U5LIMT3R1ZZFX4E","status":"pending"} 
[2025-11-12 11:51:46] local.INFO: Creating payment link via malia-pay API {"payment_id":1,"payment_method":"wave-ci","amount":"740000.00"} 
[2025-11-12 11:51:46] local.INFO: createPaymentLink called {"payment_id":1,"booking_id":5,"user_id":4,"payment_method":"wave-ci"} 
[2025-11-12 11:51:46] local.INFO: Channel mapped {"payment_method":"wave-ci","channel":"WAVECI"} 
[2025-11-12 11:51:46] local.INFO: Customer name parsed {"full_name":"Pierre Yapi","customer_name":"Pierre","customer_surname":"Yapi"} 
[2025-11-12 11:51:46] local.INFO: Payment data prepared {"data":{"montant":740000,"reference":"U5LIMT3R1ZZFX4E","description":"Paiement de réservation #5 - Maison d'Hôtes San-Pédro","channel":"WAVECI","merchant_id":"MI_AOXBNNUD2J","aggregated_merchant_id":"am-1j54gkvb820we","customer_name":"Pierre","customer_surname":"Yapi","customer_phone_number":"+225 01 23 45 67 89","customer_email":"user1@monbeaupays.com","notification_url":"http://localhost:8000/api/payments/webhook","return_url":"http://localhost:8000/bookings/5?payment=success","error_url":"http://localhost:8000/bookings/5/payment?error=1","success_url":"http://localhost:8000/bookings/5?payment=success"},"merchant_id":"MI_AOXBNNUD2J","aggregated_merchant_id":"am-1j54gkvb820we"} 
[2025-11-12 11:51:46] local.INFO: Sending request to malia-pay {"url":"https://malia-pay.com/api/v1/OnlinePaymentService/add_payer","json_data":"{\"montant\":740000,\"reference\":\"U5LIMT3R1ZZFX4E\",\"description\":\"Paiement de r\\u00e9servation #5 - Maison d'H\\u00f4tes San-P\\u00e9dro\",\"channel\":\"WAVECI\",\"merchant_id\":\"MI_AOXBNNUD2J\",\"aggregated_merchant_id\":\"am-1j54gkvb820we\",\"customer_name\":\"Pierre\",\"customer_surname\":\"Yapi\",\"customer_phone_number\":\"+225 01 23 45 67 89\",\"customer_email\":\"user1@monbeaupays.com\",\"notification_url\":\"http:\\/\\/localhost:8000\\/api\\/payments\\/webhook\",\"return_url\":\"http:\\/\\/localhost:8000\\/bookings\\/5?payment=success\",\"error_url\":\"http:\\/\\/localhost:8000\\/bookings\\/5\\/payment?error=1\",\"success_url\":\"http:\\/\\/localhost:8000\\/bookings\\/5?payment=success\"}"} 
[2025-11-12 11:51:47] local.INFO: Malia-pay API response {"http_code":201,"response":"{\"message\":\"Created\",\"status\":\"success\",\"link\":null}","response_length":52,"curl_error":""} 
[2025-11-12 11:51:47] local.INFO: Malia-pay API response decoded {"decoded_response":{"message":"Created","status":"success","link":null},"has_link":false,"link_value":"NOT_SET","status":"success","message":"Created"} 
[2025-11-12 11:51:47] local.ERROR: Link not found in response - Detailed analysis {"raw_response":"{\"message\":\"Created\",\"status\":\"success\",\"link\":null}","response_length":52,"http_code":201,"decoded_object":{"stdClass":{"message":"Created","status":"success","link":null}},"decoded_array":{"message":"Created","status":"success","link":null},"all_response_keys":["message","status","link"],"link_field_exists":false,"link_value":"NULL","link_type":"NOT_SET","status_value":"success","message_value":"Created"} 
[2025-11-12 11:51:47] local.WARNING: Link is null but status is success, trying to construct link {"reference":"U5LIMT3R1ZZFX4E","possible_links":["https://malia-pay.com/pay/U5LIMT3R1ZZFX4E","https://malia-pay.com/payment/U5LIMT3R1ZZFX4E","https://malia-pay.com/checkout/U5LIMT3R1ZZFX4E","https://pay.malia-pay.com/U5LIMT3R1ZZFX4E"],"api_response":"{\"message\":\"Created\",\"status\":\"success\",\"link\":null}"} 
[2025-11-12 11:51:47] local.ERROR: Error creating payment link {"payment_id":1,"error":"La transaction a été créée avec succès (référence: U5LIMT3R1ZZFX4E), mais le lien de paiement n'est pas disponible dans la réponse de l'API. Veuillez vérifier la documentation de l'API Malia-Pay pour connaître le format du lien de paiement ou contacter le support technique.","trace":"#0 /Users/lkmdigital/monbeaupays.com/backend/app/Http/Controllers/PaymentController.php(137): App\\Http\\Controllers\\PaymentController->createPaymentLink(Object(App\\Models\\Payment), Object(App\\Models\\Booking), Object(App\\Models\\User), 'wave-ci')
#1 /Users/lkmdigital/monbeaupays.com/backend/vendor/laravel/framework/src/Illuminate/Routing/ControllerDispatcher.php(47): App\\Http\\Controllers\\PaymentController->initiate(Object(Illuminate\\Http\\Request), '5')
#2 /Users/lkmdigital/monbeaupays.com/backend/vendor/laravel/framework/src/Illuminate/Routing/Route.php(266): Illuminate\\Routing\\ControllerDispatcher->dispatch(Object(Illuminate\\Routing\\Route), Object(App\\Http\\Controllers\\PaymentController), 'initiate')
#3 /Users/lkmdigital/monbeaupays.com/backend/vendor/laravel/framework/src/Illuminate/Routing/Route.php(212): Illuminate\\Routing\\Route->runController()
#4 /Users/lkmdigital/monbeaupays.com/backend/vendor/laravel/framework/src/Illuminate/Routing/Router.php(808): Illuminate\\Routing\\Route->run()
#5 /Users/lkmdigital/monbeaupays.com/backend/vendor/laravel/framework/src/Illuminate/Pipeline/Pipeline.php(170): Illuminate\\Routing\\Router->{closure:Illuminate\\Routing\\Router::runRouteWithinStack():807}(Object(Illuminate\\Http\\Request))
#6 /Users/lkmdigital/monbeaupays.com/backend/vendor/laravel/framework/src/Illuminate/Routing/Middleware/SubstituteBindings.php(51): Illuminate\\Pipeline\\Pipeline->{closure:Illuminate\\Pipeline\\Pipeline::prepareDestination():168}(Object(Illuminate\\Http\\Request))
#7 /Users/lkmdigital/monbeaupays.com/backend/vendor/laravel/framework/src/Illuminate/Pipeline/Pipeline.php(209): Illuminate\\Routing\\Middleware\\SubstituteBindings->handle(Object(Illuminate\\Http\\Request), Object(Closure))
#8 /Users/lkmdigital/monbeaupays.com/backend/vendor/laravel/framework/src/Illuminate/Auth/Middleware/Authenticate.php(64): Illuminate\\Pipeline\\Pipeline->{closure:{closure:Illuminate\\Pipeline\\Pipeline::carry():184}:185}(Object(Illuminate\\Http\\Request))
#9 /Users/lkmdigital/monbeaupays.com/backend/vendor/laravel/framework/src/Illuminate/Pipeline/Pipeline.php(209): Illuminate\\Auth\\Middleware\\Authenticate->handle(Object(Illuminate\\Http\\Request), Object(Closure), 'sanctum')
#10 /Users/lkmdigital/monbeaupays.com/backend/vendor/laravel/framework/src/Illuminate/Pipeline/Pipeline.php(127): Illuminate\\Pipeline\\Pipeline->{closure:{closure:Illuminate\\Pipeline\\Pipeline::carry():184}:185}(Object(Illuminate\\Http\\Request))
#11 /Users/lkmdigital/monbeaupays.com/backend/vendor/laravel/framework/src/Illuminate/Routing/Router.php(807): Illuminate\\Pipeline\\Pipeline->then(Object(Closure))
#12 /Users/lkmdigital/monbeaupays.com/backend/vendor/laravel/framework/src/Illuminate/Routing/Router.php(786): Illuminate\\Routing\\Router->runRouteWithinStack(Object(Illuminate\\Routing\\Route), Object(Illuminate\\Http\\Request))
#13 /Users/lkmdigital/monbeaupays.com/backend/vendor/laravel/framework/src/Illuminate/Routing/Router.php(750): Illuminate\\Routing\\Router->runRoute(Object(Illuminate\\Http\\Request), Object(Illuminate\\Routing\\Route))
#14 /Users/lkmdigital/monbeaupays.com/backend/vendor/laravel/framework/src/Illuminate/Routing/Router.php(739): Illuminate\\Routing\\Router->dispatchToRoute(Object(Illuminate\\Http\\Request))
#15 /Users/lkmdigital/monbeaupays.com/backend/vendor/laravel/framework/src/Illuminate/Foundation/Http/Kernel.php(201): Illuminate\\Routing\\Router->dispatch(Object(Illuminate\\Http\\Request))
#16 /Users/lkmdigital/monbeaupays.com/backend/vendor/laravel/framework/src/Illuminate/Pipeline/Pipeline.php(170): Illuminate\\Foundation\\Http\\Kernel->{closure:Illuminate\\Foundation\\Http\\Kernel::dispatchToRouter():198}(Object(Illuminate\\Http\\Request))
#17 /Users/lkmdigital/monbeaupays.com/backend/vendor/laravel/framework/src/Illuminate/Foundation/Http/Middleware/TransformsRequest.php(21): Illuminate\\Pipeline\\Pipeline->{closure:Illuminate\\Pipeline\\Pipeline::prepareDestination():168}(Object(Illuminate\\Http\\Request))
#18 /Users/lkmdigital/monbeaupays.com/backend/vendor/laravel/framework/src/Illuminate/Foundation/Http/Middleware/ConvertEmptyStringsToNull.php(31): Illuminate\\Foundation\\Http\\Middleware\\TransformsRequest->handle(Object(Illuminate\\Http\\Request), Object(Closure))
#19 /Users/lkmdigital/monbeaupays.com/backend/vendor/laravel/framework/src/Illuminate/Pipeline/Pipeline.php(209): Illuminate\\Foundation\\Http\\Middleware\\ConvertEmptyStringsToNull->handle(Object(Illuminate\\Http\\Request), Object(Closure))
#20 /Users/lkmdigital/monbeaupays.com/backend/vendor/laravel/framework/src/Illuminate/Foundation/Http/Middleware/TransformsRequest.php(21): Illuminate\\Pipeline\\Pipeline->{closure:{closure:Illuminate\\Pipeline\\Pipeline::carry():184}:185}(Object(Illuminate\\Http\\Request))
#21 /Users/lkmdigital/monbeaupays.com/backend/vendor/laravel/framework/src/Illuminate/Foundation/Http/Middleware/TrimStrings.php(51): Illuminate\\Foundation\\Http\\Middleware\\TransformsRequest->handle(Object(Illuminate\\Http\\Request), Object(Closure))
#22 /Users/lkmdigital/monbeaupays.com/backend/vendor/laravel/framework/src/Illuminate/Pipeline/Pipeline.php(209): Illuminate\\Foundation\\Http\\Middleware\\TrimStrings->handle(Object(Illuminate\\Http\\Request), Object(Closure))
#23 /Users/lkmdigital/monbeaupays.com/backend/vendor/laravel/framework/src/Illuminate/Http/Middleware/ValidatePostSize.php(27): Illuminate\\Pipeline\\Pipeline->{closure:{closure:Illuminate\\Pipeline\\Pipeline::carry():184}:185}(Object(Illuminate\\Http\\Request))
#24 /Users/lkmdigital/monbeaupays.com/backend/vendor/laravel/framework/src/Illuminate/Pipeline/Pipeline.php(209): Illuminate\\Http\\Middleware\\ValidatePostSize->handle(Object(Illuminate\\Http\\Request), Object(Closure))
#25 /Users/lkmdigital/monbeaupays.com/backend/vendor/laravel/framework/src/Illuminate/Foundation/Http/Middleware/PreventRequestsDuringMaintenance.php(110): Illuminate\\Pipeline\\Pipeline->{closure:{closure:Illuminate\\Pipeline\\Pipeline::carry():184}:185}(Object(Illuminate\\Http\\Request))
#26 /Users/lkmdigital/monbeaupays.com/backend/vendor/laravel/framework/src/Illuminate/Pipeline/Pipeline.php(209): Illuminate\\Foundation\\Http\\Middleware\\PreventRequestsDuringMaintenance->handle(Object(Illuminate\\Http\\Request), Object(Closure))
#27 /Users/lkmdigital/monbeaupays.com/backend/vendor/laravel/framework/src/Illuminate/Http/Middleware/HandleCors.php(62): Illuminate\\Pipeline\\Pipeline->{closure:{closure:Illuminate\\Pipeline\\Pipeline::carry():184}:185}(Object(Illuminate\\Http\\Request))
#28 /Users/lkmdigital/monbeaupays.com/backend/vendor/laravel/framework/src/Illuminate/Pipeline/Pipeline.php(209): Illuminate\\Http\\Middleware\\HandleCors->handle(Object(Illuminate\\Http\\Request), Object(Closure))
#29 /Users/lkmdigital/monbeaupays.com/backend/vendor/laravel/framework/src/Illuminate/Http/Middleware/TrustProxies.php(58): Illuminate\\Pipeline\\Pipeline->{closure:{closure:Illuminate\\Pipeline\\Pipeline::carry():184}:185}(Object(Illuminate\\Http\\Request))
#30 /Users/lkmdigital/monbeaupays.com/backend/vendor/laravel/framework/src/Illuminate/Pipeline/Pipeline.php(209): Illuminate\\Http\\Middleware\\TrustProxies->handle(Object(Illuminate\\Http\\Request), Object(Closure))
#31 /Users/lkmdigital/monbeaupays.com/backend/vendor/laravel/framework/src/Illuminate/Foundation/Http/Middleware/InvokeDeferredCallbacks.php(22): Illuminate\\Pipeline\\Pipeline->{closure:{closure:Illuminate\\Pipeline\\Pipeline::carry():184}:185}(Object(Illuminate\\Http\\Request))
#32 /Users/lkmdigital/monbeaupays.com/backend/vendor/laravel/framework/src/Illuminate/Pipeline/Pipeline.php(209): Illuminate\\Foundation\\Http\\Middleware\\InvokeDeferredCallbacks->handle(Object(Illuminate\\Http\\Request), Object(Closure))
#33 /Users/lkmdigital/monbeaupays.com/backend/vendor/laravel/framework/src/Illuminate/Pipeline/Pipeline.php(127): Illuminate\\Pipeline\\Pipeline->{closure:{closure:Illuminate\\Pipeline\\Pipeline::carry():184}:185}(Object(Illuminate\\Http\\Request))
#34 /Users/lkmdigital/monbeaupays.com/backend/vendor/laravel/framework/src/Illuminate/Foundation/Http/Kernel.php(176): Illuminate\\Pipeline\\Pipeline->then(Object(Closure))
#35 /Users/lkmdigital/monbeaupays.com/backend/vendor/laravel/framework/src/Illuminate/Foundation/Http/Kernel.php(145): Illuminate\\Foundation\\Http\\Kernel->sendRequestThroughRouter(Object(Illuminate\\Http\\Request))
#36 /Users/lkmdigital/monbeaupays.com/backend/public/index.php(17): Illuminate\\Foundation\\Http\\Kernel->handle(Object(Illuminate\\Http\\Request))
#37 /Users/lkmdigital/monbeaupays.com/backend/vendor/laravel/framework/src/Illuminate/Foundation/resources/server.php(23): require_once('/Users/lkmdigit...')
#38 {main}"} 
[2025-11-12 12:08:03] local.INFO: Payment initiation started {"booking_id":"5","user_id":4} 
[2025-11-12 12:08:03] local.INFO: Booking found {"booking_id":5,"booking_user_id":4,"request_user_id":4} 
[2025-11-12 12:08:03] local.INFO: Creating or retrieving payment {"booking_id":5,"user_id":4,"payment_method":"wave-ci","amount":"740000.00"} 
[2025-11-12 12:08:03] local.INFO: Payment created/retrieved {"payment_id":1,"payment_reference":"U5LIMT3R1ZZFX4E","status":"pending"} 
[2025-11-12 12:08:03] local.INFO: Creating payment link via malia-pay API {"payment_id":1,"payment_method":"wave-ci","amount":"740000.00"} 
[2025-11-12 12:08:03] local.INFO: createPaymentLink called {"payment_id":1,"booking_id":5,"user_id":4,"payment_method":"wave-ci"} 
[2025-11-12 12:08:03] local.INFO: Channel mapped {"payment_method":"wave-ci","channel":"WAVECI"} 
[2025-11-12 12:08:03] local.INFO: Customer name parsed {"full_name":"Pierre Yapi","customer_name":"Pierre","customer_surname":"Yapi"} 
[2025-11-12 12:08:03] local.INFO: Payment data prepared {"data":{"montant":740000,"reference":"U5LIMT3R1ZZFX4E","description":"Paiement de réservation #5 - Maison d'Hôtes San-Pédro","channel":"WAVECI","merchant_id":"MI_AOXBNNUD2J","aggregated_merchant_id":"am-1j54gkvb820we","customer_name":"Pierre","customer_surname":"Yapi","customer_phone_number":"+225 01 23 45 67 89","customer_email":"user1@monbeaupays.com","notification_url":"http://localhost:8000/api/payments/webhook","return_url":"http://localhost:8000/bookings/5?payment=success","error_url":"http://localhost:8000/bookings/5/payment?error=1","success_url":"http://localhost:8000/bookings/5?payment=success"},"merchant_id":"MI_AOXBNNUD2J","aggregated_merchant_id":"am-1j54gkvb820we"} 
[2025-11-12 12:08:03] local.INFO: Sending request to malia-pay {"url":"https://malia-pay.com/api/v1/OnlinePaymentService/add_payer","json_data":"{\"montant\":740000,\"reference\":\"U5LIMT3R1ZZFX4E\",\"description\":\"Paiement de r\\u00e9servation #5 - Maison d'H\\u00f4tes San-P\\u00e9dro\",\"channel\":\"WAVECI\",\"merchant_id\":\"MI_AOXBNNUD2J\",\"aggregated_merchant_id\":\"am-1j54gkvb820we\",\"customer_name\":\"Pierre\",\"customer_surname\":\"Yapi\",\"customer_phone_number\":\"+225 01 23 45 67 89\",\"customer_email\":\"user1@monbeaupays.com\",\"notification_url\":\"http:\\/\\/localhost:8000\\/api\\/payments\\/webhook\",\"return_url\":\"http:\\/\\/localhost:8000\\/bookings\\/5?payment=success\",\"error_url\":\"http:\\/\\/localhost:8000\\/bookings\\/5\\/payment?error=1\",\"success_url\":\"http:\\/\\/localhost:8000\\/bookings\\/5?payment=success\"}"} 
[2025-11-12 12:08:04] local.INFO: Malia-pay API response {"http_code":201,"response":"{\"message\":\"Created\",\"status\":\"success\",\"link\":null}","response_length":52,"curl_error":""} 
[2025-11-12 12:08:04] local.INFO: Malia-pay API response decoded {"decoded_response":{"message":"Created","status":"success","link":null},"has_link":false,"link_value":"NOT_SET","status":"success","message":"Created"} 
[2025-11-12 12:08:04] local.ERROR: Link not found in response - Detailed analysis {"raw_response":"{\"message\":\"Created\",\"status\":\"success\",\"link\":null}","response_length":52,"http_code":201,"decoded_object":{"stdClass":{"message":"Created","status":"success","link":null}},"decoded_array":{"message":"Created","status":"success","link":null},"all_response_keys":["message","status","link"],"link_field_exists":false,"link_value":"NULL","link_type":"NOT_SET","status_value":"success","message_value":"Created"} 
[2025-11-12 12:08:04] local.WARNING: Link is null but status is success, trying to construct link {"reference":"U5LIMT3R1ZZFX4E","possible_links":["https://malia-pay.com/pay/U5LIMT3R1ZZFX4E","https://malia-pay.com/payment/U5LIMT3R1ZZFX4E","https://malia-pay.com/checkout/U5LIMT3R1ZZFX4E","https://pay.malia-pay.com/U5LIMT3R1ZZFX4E"],"api_response":"{\"message\":\"Created\",\"status\":\"success\",\"link\":null}"} 
[2025-11-12 12:08:04] local.ERROR: Error creating payment link {"payment_id":1,"error":"La transaction a été créée avec succès (référence: U5LIMT3R1ZZFX4E), mais le lien de paiement n'est pas disponible dans la réponse de l'API. Veuillez vérifier la documentation de l'API Malia-Pay pour connaître le format du lien de paiement ou contacter le support technique.","trace":"#0 /Users/lkmdigital/monbeaupays.com/backend/app/Http/Controllers/PaymentController.php(137): App\\Http\\Controllers\\PaymentController->createPaymentLink(Object(App\\Models\\Payment), Object(App\\Models\\Booking), Object(App\\Models\\User), 'wave-ci')
#1 /Users/lkmdigital/monbeaupays.com/backend/vendor/laravel/framework/src/Illuminate/Routing/ControllerDispatcher.php(47): App\\Http\\Controllers\\PaymentController->initiate(Object(Illuminate\\Http\\Request), '5')
#2 /Users/lkmdigital/monbeaupays.com/backend/vendor/laravel/framework/src/Illuminate/Routing/Route.php(266): Illuminate\\Routing\\ControllerDispatcher->dispatch(Object(Illuminate\\Routing\\Route), Object(App\\Http\\Controllers\\PaymentController), 'initiate')
#3 /Users/lkmdigital/monbeaupays.com/backend/vendor/laravel/framework/src/Illuminate/Routing/Route.php(212): Illuminate\\Routing\\Route->runController()
#4 /Users/lkmdigital/monbeaupays.com/backend/vendor/laravel/framework/src/Illuminate/Routing/Router.php(808): Illuminate\\Routing\\Route->run()
#5 /Users/lkmdigital/monbeaupays.com/backend/vendor/laravel/framework/src/Illuminate/Pipeline/Pipeline.php(170): Illuminate\\Routing\\Router->{closure:Illuminate\\Routing\\Router::runRouteWithinStack():807}(Object(Illuminate\\Http\\Request))
#6 /Users/lkmdigital/monbeaupays.com/backend/vendor/laravel/framework/src/Illuminate/Routing/Middleware/SubstituteBindings.php(51): Illuminate\\Pipeline\\Pipeline->{closure:Illuminate\\Pipeline\\Pipeline::prepareDestination():168}(Object(Illuminate\\Http\\Request))
#7 /Users/lkmdigital/monbeaupays.com/backend/vendor/laravel/framework/src/Illuminate/Pipeline/Pipeline.php(209): Illuminate\\Routing\\Middleware\\SubstituteBindings->handle(Object(Illuminate\\Http\\Request), Object(Closure))
#8 /Users/lkmdigital/monbeaupays.com/backend/vendor/laravel/framework/src/Illuminate/Auth/Middleware/Authenticate.php(64): Illuminate\\Pipeline\\Pipeline->{closure:{closure:Illuminate\\Pipeline\\Pipeline::carry():184}:185}(Object(Illuminate\\Http\\Request))
#9 /Users/lkmdigital/monbeaupays.com/backend/vendor/laravel/framework/src/Illuminate/Pipeline/Pipeline.php(209): Illuminate\\Auth\\Middleware\\Authenticate->handle(Object(Illuminate\\Http\\Request), Object(Closure), 'sanctum')
#10 /Users/lkmdigital/monbeaupays.com/backend/vendor/laravel/framework/src/Illuminate/Pipeline/Pipeline.php(127): Illuminate\\Pipeline\\Pipeline->{closure:{closure:Illuminate\\Pipeline\\Pipeline::carry():184}:185}(Object(Illuminate\\Http\\Request))
#11 /Users/lkmdigital/monbeaupays.com/backend/vendor/laravel/framework/src/Illuminate/Routing/Router.php(807): Illuminate\\Pipeline\\Pipeline->then(Object(Closure))
#12 /Users/lkmdigital/monbeaupays.com/backend/vendor/laravel/framework/src/Illuminate/Routing/Router.php(786): Illuminate\\Routing\\Router->runRouteWithinStack(Object(Illuminate\\Routing\\Route), Object(Illuminate\\Http\\Request))
#13 /Users/lkmdigital/monbeaupays.com/backend/vendor/laravel/framework/src/Illuminate/Routing/Router.php(750): Illuminate\\Routing\\Router->runRoute(Object(Illuminate\\Http\\Request), Object(Illuminate\\Routing\\Route))
#14 /Users/lkmdigital/monbeaupays.com/backend/vendor/laravel/framework/src/Illuminate/Routing/Router.php(739): Illuminate\\Routing\\Router->dispatchToRoute(Object(Illuminate\\Http\\Request))
#15 /Users/lkmdigital/monbeaupays.com/backend/vendor/laravel/framework/src/Illuminate/Foundation/Http/Kernel.php(201): Illuminate\\Routing\\Router->dispatch(Object(Illuminate\\Http\\Request))
#16 /Users/lkmdigital/monbeaupays.com/backend/vendor/laravel/framework/src/Illuminate/Pipeline/Pipeline.php(170): Illuminate\\Foundation\\Http\\Kernel->{closure:Illuminate\\Foundation\\Http\\Kernel::dispatchToRouter():198}(Object(Illuminate\\Http\\Request))
#17 /Users/lkmdigital/monbeaupays.com/backend/vendor/laravel/framework/src/Illuminate/Foundation/Http/Middleware/TransformsRequest.php(21): Illuminate\\Pipeline\\Pipeline->{closure:Illuminate\\Pipeline\\Pipeline::prepareDestination():168}(Object(Illuminate\\Http\\Request))
#18 /Users/lkmdigital/monbeaupays.com/backend/vendor/laravel/framework/src/Illuminate/Foundation/Http/Middleware/ConvertEmptyStringsToNull.php(31): Illuminate\\Foundation\\Http\\Middleware\\TransformsRequest->handle(Object(Illuminate\\Http\\Request), Object(Closure))
#19 /Users/lkmdigital/monbeaupays.com/backend/vendor/laravel/framework/src/Illuminate/Pipeline/Pipeline.php(209): Illuminate\\Foundation\\Http\\Middleware\\ConvertEmptyStringsToNull->handle(Object(Illuminate\\Http\\Request), Object(Closure))
#20 /Users/lkmdigital/monbeaupays.com/backend/vendor/laravel/framework/src/Illuminate/Foundation/Http/Middleware/TransformsRequest.php(21): Illuminate\\Pipeline\\Pipeline->{closure:{closure:Illuminate\\Pipeline\\Pipeline::carry():184}:185}(Object(Illuminate\\Http\\Request))
#21 /Users/lkmdigital/monbeaupays.com/backend/vendor/laravel/framework/src/Illuminate/Foundation/Http/Middleware/TrimStrings.php(51): Illuminate\\Foundation\\Http\\Middleware\\TransformsRequest->handle(Object(Illuminate\\Http\\Request), Object(Closure))
#22 /Users/lkmdigital/monbeaupays.com/backend/vendor/laravel/framework/src/Illuminate/Pipeline/Pipeline.php(209): Illuminate\\Foundation\\Http\\Middleware\\TrimStrings->handle(Object(Illuminate\\Http\\Request), Object(Closure))
#23 /Users/lkmdigital/monbeaupays.com/backend/vendor/laravel/framework/src/Illuminate/Http/Middleware/ValidatePostSize.php(27): Illuminate\\Pipeline\\Pipeline->{closure:{closure:Illuminate\\Pipeline\\Pipeline::carry():184}:185}(Object(Illuminate\\Http\\Request))
#24 /Users/lkmdigital/monbeaupays.com/backend/vendor/laravel/framework/src/Illuminate/Pipeline/Pipeline.php(209): Illuminate\\Http\\Middleware\\ValidatePostSize->handle(Object(Illuminate\\Http\\Request), Object(Closure))
#25 /Users/lkmdigital/monbeaupays.com/backend/vendor/laravel/framework/src/Illuminate/Foundation/Http/Middleware/PreventRequestsDuringMaintenance.php(110): Illuminate\\Pipeline\\Pipeline->{closure:{closure:Illuminate\\Pipeline\\Pipeline::carry():184}:185}(Object(Illuminate\\Http\\Request))
#26 /Users/lkmdigital/monbeaupays.com/backend/vendor/laravel/framework/src/Illuminate/Pipeline/Pipeline.php(209): Illuminate\\Foundation\\Http\\Middleware\\PreventRequestsDuringMaintenance->handle(Object(Illuminate\\Http\\Request), Object(Closure))
#27 /Users/lkmdigital/monbeaupays.com/backend/vendor/laravel/framework/src/Illuminate/Http/Middleware/HandleCors.php(62): Illuminate\\Pipeline\\Pipeline->{closure:{closure:Illuminate\\Pipeline\\Pipeline::carry():184}:185}(Object(Illuminate\\Http\\Request))
#28 /Users/lkmdigital/monbeaupays.com/backend/vendor/laravel/framework/src/Illuminate/Pipeline/Pipeline.php(209): Illuminate\\Http\\Middleware\\HandleCors->handle(Object(Illuminate\\Http\\Request), Object(Closure))
#29 /Users/lkmdigital/monbeaupays.com/backend/vendor/laravel/framework/src/Illuminate/Http/Middleware/TrustProxies.php(58): Illuminate\\Pipeline\\Pipeline->{closure:{closure:Illuminate\\Pipeline\\Pipeline::carry():184}:185}(Object(Illuminate\\Http\\Request))
#30 /Users/lkmdigital/monbeaupays.com/backend/vendor/laravel/framework/src/Illuminate/Pipeline/Pipeline.php(209): Illuminate\\Http\\Middleware\\TrustProxies->handle(Object(Illuminate\\Http\\Request), Object(Closure))
#31 /Users/lkmdigital/monbeaupays.com/backend/vendor/laravel/framework/src/Illuminate/Foundation/Http/Middleware/InvokeDeferredCallbacks.php(22): Illuminate\\Pipeline\\Pipeline->{closure:{closure:Illuminate\\Pipeline\\Pipeline::carry():184}:185}(Object(Illuminate\\Http\\Request))
#32 /Users/lkmdigital/monbeaupays.com/backend/vendor/laravel/framework/src/Illuminate/Pipeline/Pipeline.php(209): Illuminate\\Foundation\\Http\\Middleware\\InvokeDeferredCallbacks->handle(Object(Illuminate\\Http\\Request), Object(Closure))
#33 /Users/lkmdigital/monbeaupays.com/backend/vendor/laravel/framework/src/Illuminate/Pipeline/Pipeline.php(127): Illuminate\\Pipeline\\Pipeline->{closure:{closure:Illuminate\\Pipeline\\Pipeline::carry():184}:185}(Object(Illuminate\\Http\\Request))
#34 /Users/lkmdigital/monbeaupays.com/backend/vendor/laravel/framework/src/Illuminate/Foundation/Http/Kernel.php(176): Illuminate\\Pipeline\\Pipeline->then(Object(Closure))
#35 /Users/lkmdigital/monbeaupays.com/backend/vendor/laravel/framework/src/Illuminate/Foundation/Http/Kernel.php(145): Illuminate\\Foundation\\Http\\Kernel->sendRequestThroughRouter(Object(Illuminate\\Http\\Request))
#36 /Users/lkmdigital/monbeaupays.com/backend/public/index.php(17): Illuminate\\Foundation\\Http\\Kernel->handle(Object(Illuminate\\Http\\Request))
#37 /Users/lkmdigital/monbeaupays.com/backend/vendor/laravel/framework/src/Illuminate/Foundation/resources/server.php(23): require_once('/Users/lkmdigit...')
#38 {main}"} 
[2025-11-12 12:44:32] local.INFO: Payment initiation started {"booking_id":"5","user_id":4} 
[2025-11-12 12:44:32] local.INFO: Booking found {"booking_id":5,"booking_user_id":4,"request_user_id":4} 
[2025-11-12 12:44:32] local.INFO: Creating or retrieving payment {"booking_id":5,"user_id":4,"payment_method":"djamo","amount":"740000.00"} 
[2025-11-12 12:44:32] local.INFO: Payment created/retrieved {"payment_id":1,"payment_reference":"U5LIMT3R1ZZFX4E","status":"pending"} 
[2025-11-12 12:44:32] local.INFO: Creating payment link via malia-pay API {"payment_id":1,"payment_method":"djamo","amount":"740000.00"} 
[2025-11-12 12:44:32] local.INFO: createPaymentLink called {"payment_id":1,"booking_id":5,"user_id":4,"payment_method":"djamo"} 
[2025-11-12 12:44:32] local.INFO: Channel mapped {"payment_method":"djamo","channel":"DJAMO"} 
[2025-11-12 12:44:32] local.INFO: Customer name parsed {"full_name":"Pierre Yapi","customer_name":"Pierre","customer_surname":"Yapi"} 
[2025-11-12 12:44:32] local.INFO: Payment data prepared {"data":{"montant":740000,"reference":"U5LIMT3R1ZZFX4E","description":"Paiement de réservation #5 - Maison d'Hôtes San-Pédro","channel":"DJAMO","merchant_id":"MI_AOXBNNUD2J","aggregated_merchant_id":"am-1j54gkvb820we","customer_name":"Pierre","customer_surname":"Yapi","customer_phone_number":"+225 01 23 45 67 89","customer_email":"user1@monbeaupays.com","notification_url":"http://localhost:8000/api/payments/webhook","return_url":"http://localhost:8000/bookings/5?payment=success","error_url":"http://localhost:8000/bookings/5/payment?error=1","success_url":"http://localhost:8000/bookings/5?payment=success"},"merchant_id":"MI_AOXBNNUD2J","aggregated_merchant_id":"am-1j54gkvb820we"} 
[2025-11-12 12:44:32] local.INFO: Sending request to malia-pay {"url":"https://malia-pay.com/api/v1/OnlinePaymentService/add_payer","json_data":"{\"montant\":740000,\"reference\":\"U5LIMT3R1ZZFX4E\",\"description\":\"Paiement de r\\u00e9servation #5 - Maison d'H\\u00f4tes San-P\\u00e9dro\",\"channel\":\"DJAMO\",\"merchant_id\":\"MI_AOXBNNUD2J\",\"aggregated_merchant_id\":\"am-1j54gkvb820we\",\"customer_name\":\"Pierre\",\"customer_surname\":\"Yapi\",\"customer_phone_number\":\"+225 01 23 45 67 89\",\"customer_email\":\"user1@monbeaupays.com\",\"notification_url\":\"http:\\/\\/localhost:8000\\/api\\/payments\\/webhook\",\"return_url\":\"http:\\/\\/localhost:8000\\/bookings\\/5?payment=success\",\"error_url\":\"http:\\/\\/localhost:8000\\/bookings\\/5\\/payment?error=1\",\"success_url\":\"http:\\/\\/localhost:8000\\/bookings\\/5?payment=success\"}"} 
[2025-11-12 12:44:33] local.INFO: Malia-pay API response {"http_code":201,"response":"{\"message\":\"Created\",\"status\":\"success\",\"link\":null}","response_length":52,"curl_error":""} 
[2025-11-12 12:44:33] local.INFO: Malia-pay API response decoded {"decoded_response":{"message":"Created","status":"success","link":null},"has_link":false,"link_value":"NOT_SET","status":"success","message":"Created"} 
[2025-11-12 12:44:33] local.ERROR: Link not found in response - Detailed analysis {"raw_response":"{\"message\":\"Created\",\"status\":\"success\",\"link\":null}","response_length":52,"http_code":201,"decoded_object":{"stdClass":{"message":"Created","status":"success","link":null}},"decoded_array":{"message":"Created","status":"success","link":null},"all_response_keys":["message","status","link"],"link_field_exists":false,"link_value":"NULL","link_type":"NOT_SET","status_value":"success","message_value":"Created"} 
[2025-11-12 12:44:33] local.WARNING: Link is null but status is success, trying to construct link {"reference":"U5LIMT3R1ZZFX4E","possible_links":["https://malia-pay.com/pay/U5LIMT3R1ZZFX4E","https://malia-pay.com/payment/U5LIMT3R1ZZFX4E","https://malia-pay.com/checkout/U5LIMT3R1ZZFX4E","https://pay.malia-pay.com/U5LIMT3R1ZZFX4E"],"api_response":"{\"message\":\"Created\",\"status\":\"success\",\"link\":null}"} 
[2025-11-12 12:44:33] local.ERROR: Error creating payment link {"payment_id":1,"error":"La transaction a été créée avec succès (référence: U5LIMT3R1ZZFX4E), mais le lien de paiement n'est pas disponible dans la réponse de l'API. Veuillez vérifier la documentation de l'API Malia-Pay pour connaître le format du lien de paiement ou contacter le support technique.","trace":"#0 /Users/lkmdigital/monbeaupays.com/backend/app/Http/Controllers/PaymentController.php(137): App\\Http\\Controllers\\PaymentController->createPaymentLink(Object(App\\Models\\Payment), Object(App\\Models\\Booking), Object(App\\Models\\User), 'djamo')
#1 /Users/lkmdigital/monbeaupays.com/backend/vendor/laravel/framework/src/Illuminate/Routing/ControllerDispatcher.php(47): App\\Http\\Controllers\\PaymentController->initiate(Object(Illuminate\\Http\\Request), '5')
#2 /Users/lkmdigital/monbeaupays.com/backend/vendor/laravel/framework/src/Illuminate/Routing/Route.php(266): Illuminate\\Routing\\ControllerDispatcher->dispatch(Object(Illuminate\\Routing\\Route), Object(App\\Http\\Controllers\\PaymentController), 'initiate')
#3 /Users/lkmdigital/monbeaupays.com/backend/vendor/laravel/framework/src/Illuminate/Routing/Route.php(212): Illuminate\\Routing\\Route->runController()
#4 /Users/lkmdigital/monbeaupays.com/backend/vendor/laravel/framework/src/Illuminate/Routing/Router.php(808): Illuminate\\Routing\\Route->run()
#5 /Users/lkmdigital/monbeaupays.com/backend/vendor/laravel/framework/src/Illuminate/Pipeline/Pipeline.php(170): Illuminate\\Routing\\Router->{closure:Illuminate\\Routing\\Router::runRouteWithinStack():807}(Object(Illuminate\\Http\\Request))
#6 /Users/lkmdigital/monbeaupays.com/backend/vendor/laravel/framework/src/Illuminate/Routing/Middleware/SubstituteBindings.php(51): Illuminate\\Pipeline\\Pipeline->{closure:Illuminate\\Pipeline\\Pipeline::prepareDestination():168}(Object(Illuminate\\Http\\Request))
#7 /Users/lkmdigital/monbeaupays.com/backend/vendor/laravel/framework/src/Illuminate/Pipeline/Pipeline.php(209): Illuminate\\Routing\\Middleware\\SubstituteBindings->handle(Object(Illuminate\\Http\\Request), Object(Closure))
#8 /Users/lkmdigital/monbeaupays.com/backend/vendor/laravel/framework/src/Illuminate/Auth/Middleware/Authenticate.php(64): Illuminate\\Pipeline\\Pipeline->{closure:{closure:Illuminate\\Pipeline\\Pipeline::carry():184}:185}(Object(Illuminate\\Http\\Request))
#9 /Users/lkmdigital/monbeaupays.com/backend/vendor/laravel/framework/src/Illuminate/Pipeline/Pipeline.php(209): Illuminate\\Auth\\Middleware\\Authenticate->handle(Object(Illuminate\\Http\\Request), Object(Closure), 'sanctum')
#10 /Users/lkmdigital/monbeaupays.com/backend/vendor/laravel/framework/src/Illuminate/Pipeline/Pipeline.php(127): Illuminate\\Pipeline\\Pipeline->{closure:{closure:Illuminate\\Pipeline\\Pipeline::carry():184}:185}(Object(Illuminate\\Http\\Request))
#11 /Users/lkmdigital/monbeaupays.com/backend/vendor/laravel/framework/src/Illuminate/Routing/Router.php(807): Illuminate\\Pipeline\\Pipeline->then(Object(Closure))
#12 /Users/lkmdigital/monbeaupays.com/backend/vendor/laravel/framework/src/Illuminate/Routing/Router.php(786): Illuminate\\Routing\\Router->runRouteWithinStack(Object(Illuminate\\Routing\\Route), Object(Illuminate\\Http\\Request))
#13 /Users/lkmdigital/monbeaupays.com/backend/vendor/laravel/framework/src/Illuminate/Routing/Router.php(750): Illuminate\\Routing\\Router->runRoute(Object(Illuminate\\Http\\Request), Object(Illuminate\\Routing\\Route))
#14 /Users/lkmdigital/monbeaupays.com/backend/vendor/laravel/framework/src/Illuminate/Routing/Router.php(739): Illuminate\\Routing\\Router->dispatchToRoute(Object(Illuminate\\Http\\Request))
#15 /Users/lkmdigital/monbeaupays.com/backend/vendor/laravel/framework/src/Illuminate/Foundation/Http/Kernel.php(201): Illuminate\\Routing\\Router->dispatch(Object(Illuminate\\Http\\Request))
#16 /Users/lkmdigital/monbeaupays.com/backend/vendor/laravel/framework/src/Illuminate/Pipeline/Pipeline.php(170): Illuminate\\Foundation\\Http\\Kernel->{closure:Illuminate\\Foundation\\Http\\Kernel::dispatchToRouter():198}(Object(Illuminate\\Http\\Request))
#17 /Users/lkmdigital/monbeaupays.com/backend/vendor/laravel/framework/src/Illuminate/Foundation/Http/Middleware/TransformsRequest.php(21): Illuminate\\Pipeline\\Pipeline->{closure:Illuminate\\Pipeline\\Pipeline::prepareDestination():168}(Object(Illuminate\\Http\\Request))
#18 /Users/lkmdigital/monbeaupays.com/backend/vendor/laravel/framework/src/Illuminate/Foundation/Http/Middleware/ConvertEmptyStringsToNull.php(31): Illuminate\\Foundation\\Http\\Middleware\\TransformsRequest->handle(Object(Illuminate\\Http\\Request), Object(Closure))
#19 /Users/lkmdigital/monbeaupays.com/backend/vendor/laravel/framework/src/Illuminate/Pipeline/Pipeline.php(209): Illuminate\\Foundation\\Http\\Middleware\\ConvertEmptyStringsToNull->handle(Object(Illuminate\\Http\\Request), Object(Closure))
#20 /Users/lkmdigital/monbeaupays.com/backend/vendor/laravel/framework/src/Illuminate/Foundation/Http/Middleware/TransformsRequest.php(21): Illuminate\\Pipeline\\Pipeline->{closure:{closure:Illuminate\\Pipeline\\Pipeline::carry():184}:185}(Object(Illuminate\\Http\\Request))
#21 /Users/lkmdigital/monbeaupays.com/backend/vendor/laravel/framework/src/Illuminate/Foundation/Http/Middleware/TrimStrings.php(51): Illuminate\\Foundation\\Http\\Middleware\\TransformsRequest->handle(Object(Illuminate\\Http\\Request), Object(Closure))
#22 /Users/lkmdigital/monbeaupays.com/backend/vendor/laravel/framework/src/Illuminate/Pipeline/Pipeline.php(209): Illuminate\\Foundation\\Http\\Middleware\\TrimStrings->handle(Object(Illuminate\\Http\\Request), Object(Closure))
#23 /Users/lkmdigital/monbeaupays.com/backend/vendor/laravel/framework/src/Illuminate/Http/Middleware/ValidatePostSize.php(27): Illuminate\\Pipeline\\Pipeline->{closure:{closure:Illuminate\\Pipeline\\Pipeline::carry():184}:185}(Object(Illuminate\\Http\\Request))
#24 /Users/lkmdigital/monbeaupays.com/backend/vendor/laravel/framework/src/Illuminate/Pipeline/Pipeline.php(209): Illuminate\\Http\\Middleware\\ValidatePostSize->handle(Object(Illuminate\\Http\\Request), Object(Closure))
#25 /Users/lkmdigital/monbeaupays.com/backend/vendor/laravel/framework/src/Illuminate/Foundation/Http/Middleware/PreventRequestsDuringMaintenance.php(110): Illuminate\\Pipeline\\Pipeline->{closure:{closure:Illuminate\\Pipeline\\Pipeline::carry():184}:185}(Object(Illuminate\\Http\\Request))
#26 /Users/lkmdigital/monbeaupays.com/backend/vendor/laravel/framework/src/Illuminate/Pipeline/Pipeline.php(209): Illuminate\\Foundation\\Http\\Middleware\\PreventRequestsDuringMaintenance->handle(Object(Illuminate\\Http\\Request), Object(Closure))
#27 /Users/lkmdigital/monbeaupays.com/backend/vendor/laravel/framework/src/Illuminate/Http/Middleware/HandleCors.php(62): Illuminate\\Pipeline\\Pipeline->{closure:{closure:Illuminate\\Pipeline\\Pipeline::carry():184}:185}(Object(Illuminate\\Http\\Request))
#28 /Users/lkmdigital/monbeaupays.com/backend/vendor/laravel/framework/src/Illuminate/Pipeline/Pipeline.php(209): Illuminate\\Http\\Middleware\\HandleCors->handle(Object(Illuminate\\Http\\Request), Object(Closure))
#29 /Users/lkmdigital/monbeaupays.com/backend/vendor/laravel/framework/src/Illuminate/Http/Middleware/TrustProxies.php(58): Illuminate\\Pipeline\\Pipeline->{closure:{closure:Illuminate\\Pipeline\\Pipeline::carry():184}:185}(Object(Illuminate\\Http\\Request))
#30 /Users/lkmdigital/monbeaupays.com/backend/vendor/laravel/framework/src/Illuminate/Pipeline/Pipeline.php(209): Illuminate\\Http\\Middleware\\TrustProxies->handle(Object(Illuminate\\Http\\Request), Object(Closure))
#31 /Users/lkmdigital/monbeaupays.com/backend/vendor/laravel/framework/src/Illuminate/Foundation/Http/Middleware/InvokeDeferredCallbacks.php(22): Illuminate\\Pipeline\\Pipeline->{closure:{closure:Illuminate\\Pipeline\\Pipeline::carry():184}:185}(Object(Illuminate\\Http\\Request))
#32 /Users/lkmdigital/monbeaupays.com/backend/vendor/laravel/framework/src/Illuminate/Pipeline/Pipeline.php(209): Illuminate\\Foundation\\Http\\Middleware\\InvokeDeferredCallbacks->handle(Object(Illuminate\\Http\\Request), Object(Closure))
#33 /Users/lkmdigital/monbeaupays.com/backend/vendor/laravel/framework/src/Illuminate/Pipeline/Pipeline.php(127): Illuminate\\Pipeline\\Pipeline->{closure:{closure:Illuminate\\Pipeline\\Pipeline::carry():184}:185}(Object(Illuminate\\Http\\Request))
#34 /Users/lkmdigital/monbeaupays.com/backend/vendor/laravel/framework/src/Illuminate/Foundation/Http/Kernel.php(176): Illuminate\\Pipeline\\Pipeline->then(Object(Closure))
#35 /Users/lkmdigital/monbeaupays.com/backend/vendor/laravel/framework/src/Illuminate/Foundation/Http/Kernel.php(145): Illuminate\\Foundation\\Http\\Kernel->sendRequestThroughRouter(Object(Illuminate\\Http\\Request))
#36 /Users/lkmdigital/monbeaupays.com/backend/public/index.php(17): Illuminate\\Foundation\\Http\\Kernel->handle(Object(Illuminate\\Http\\Request))
#37 /Users/lkmdigital/monbeaupays.com/backend/vendor/laravel/framework/src/Illuminate/Foundation/resources/server.php(23): require_once('/Users/lkmdigit...')
#38 {main}"} 
[2025-11-12 12:44:39] local.INFO: Payment initiation started {"booking_id":"5","user_id":4} 
[2025-11-12 12:44:39] local.INFO: Booking found {"booking_id":5,"booking_user_id":4,"request_user_id":4} 
[2025-11-12 12:44:39] local.INFO: Creating or retrieving payment {"booking_id":5,"user_id":4,"payment_method":"orange-ci","amount":"740000.00"} 
[2025-11-12 12:44:39] local.INFO: Payment created/retrieved {"payment_id":1,"payment_reference":"U5LIMT3R1ZZFX4E","status":"pending"} 
[2025-11-12 12:44:39] local.INFO: Creating payment link via malia-pay API {"payment_id":1,"payment_method":"orange-ci","amount":"740000.00"} 
[2025-11-12 12:44:39] local.INFO: createPaymentLink called {"payment_id":1,"booking_id":5,"user_id":4,"payment_method":"orange-ci"} 
[2025-11-12 12:44:39] local.INFO: Channel mapped {"payment_method":"orange-ci","channel":"OMCI"} 
[2025-11-12 12:44:39] local.INFO: Customer name parsed {"full_name":"Pierre Yapi","customer_name":"Pierre","customer_surname":"Yapi"} 
[2025-11-12 12:44:39] local.INFO: Payment data prepared {"data":{"montant":740000,"reference":"U5LIMT3R1ZZFX4E","description":"Paiement de réservation #5 - Maison d'Hôtes San-Pédro","channel":"OMCI","merchant_id":"MI_AOXBNNUD2J","aggregated_merchant_id":"am-1j54gkvb820we","customer_name":"Pierre","customer_surname":"Yapi","customer_phone_number":"+225 01 23 45 67 89","customer_email":"user1@monbeaupays.com","notification_url":"http://localhost:8000/api/payments/webhook","return_url":"http://localhost:8000/bookings/5?payment=success","error_url":"http://localhost:8000/bookings/5/payment?error=1","success_url":"http://localhost:8000/bookings/5?payment=success"},"merchant_id":"MI_AOXBNNUD2J","aggregated_merchant_id":"am-1j54gkvb820we"} 
[2025-11-12 12:44:39] local.INFO: Sending request to malia-pay {"url":"https://malia-pay.com/api/v1/OnlinePaymentService/add_payer","json_data":"{\"montant\":740000,\"reference\":\"U5LIMT3R1ZZFX4E\",\"description\":\"Paiement de r\\u00e9servation #5 - Maison d'H\\u00f4tes San-P\\u00e9dro\",\"channel\":\"OMCI\",\"merchant_id\":\"MI_AOXBNNUD2J\",\"aggregated_merchant_id\":\"am-1j54gkvb820we\",\"customer_name\":\"Pierre\",\"customer_surname\":\"Yapi\",\"customer_phone_number\":\"+225 01 23 45 67 89\",\"customer_email\":\"user1@monbeaupays.com\",\"notification_url\":\"http:\\/\\/localhost:8000\\/api\\/payments\\/webhook\",\"return_url\":\"http:\\/\\/localhost:8000\\/bookings\\/5?payment=success\",\"error_url\":\"http:\\/\\/localhost:8000\\/bookings\\/5\\/payment?error=1\",\"success_url\":\"http:\\/\\/localhost:8000\\/bookings\\/5?payment=success\"}"} 
[2025-11-12 12:44:41] local.INFO: Malia-pay API response {"http_code":201,"response":"{\"message\":\"Created\",\"status\":\"success\",\"link\":null,\"pay_token\":null}","response_length":69,"curl_error":""} 
[2025-11-12 12:44:41] local.INFO: Malia-pay API response decoded {"decoded_response":{"message":"Created","status":"success","link":null,"pay_token":null},"has_link":false,"link_value":"NOT_SET","status":"success","message":"Created"} 
[2025-11-12 12:44:41] local.ERROR: Link not found in response - Detailed analysis {"raw_response":"{\"message\":\"Created\",\"status\":\"success\",\"link\":null,\"pay_token\":null}","response_length":69,"http_code":201,"decoded_object":{"stdClass":{"message":"Created","status":"success","link":null,"pay_token":null}},"decoded_array":{"message":"Created","status":"success","link":null,"pay_token":null},"all_response_keys":["message","status","link","pay_token"],"link_field_exists":false,"link_value":"NULL","link_type":"NOT_SET","status_value":"success","message_value":"Created"} 
[2025-11-12 12:44:41] local.WARNING: Link is null but status is success, trying to construct link {"reference":"U5LIMT3R1ZZFX4E","possible_links":["https://malia-pay.com/pay/U5LIMT3R1ZZFX4E","https://malia-pay.com/payment/U5LIMT3R1ZZFX4E","https://malia-pay.com/checkout/U5LIMT3R1ZZFX4E","https://pay.malia-pay.com/U5LIMT3R1ZZFX4E"],"api_response":"{\"message\":\"Created\",\"status\":\"success\",\"link\":null,\"pay_token\":null}"} 
[2025-11-12 12:44:41] local.ERROR: Error creating payment link {"payment_id":1,"error":"La transaction a été créée avec succès (référence: U5LIMT3R1ZZFX4E), mais le lien de paiement n'est pas disponible dans la réponse de l'API. Veuillez vérifier la documentation de l'API Malia-Pay pour connaître le format du lien de paiement ou contacter le support technique.","trace":"#0 /Users/lkmdigital/monbeaupays.com/backend/app/Http/Controllers/PaymentController.php(137): App\\Http\\Controllers\\PaymentController->createPaymentLink(Object(App\\Models\\Payment), Object(App\\Models\\Booking), Object(App\\Models\\User), 'orange-ci')
#1 /Users/lkmdigital/monbeaupays.com/backend/vendor/laravel/framework/src/Illuminate/Routing/ControllerDispatcher.php(47): App\\Http\\Controllers\\PaymentController->initiate(Object(Illuminate\\Http\\Request), '5')
#2 /Users/lkmdigital/monbeaupays.com/backend/vendor/laravel/framework/src/Illuminate/Routing/Route.php(266): Illuminate\\Routing\\ControllerDispatcher->dispatch(Object(Illuminate\\Routing\\Route), Object(App\\Http\\Controllers\\PaymentController), 'initiate')
#3 /Users/lkmdigital/monbeaupays.com/backend/vendor/laravel/framework/src/Illuminate/Routing/Route.php(212): Illuminate\\Routing\\Route->runController()
#4 /Users/lkmdigital/monbeaupays.com/backend/vendor/laravel/framework/src/Illuminate/Routing/Router.php(808): Illuminate\\Routing\\Route->run()
#5 /Users/lkmdigital/monbeaupays.com/backend/vendor/laravel/framework/src/Illuminate/Pipeline/Pipeline.php(170): Illuminate\\Routing\\Router->{closure:Illuminate\\Routing\\Router::runRouteWithinStack():807}(Object(Illuminate\\Http\\Request))
#6 /Users/lkmdigital/monbeaupays.com/backend/vendor/laravel/framework/src/Illuminate/Routing/Middleware/SubstituteBindings.php(51): Illuminate\\Pipeline\\Pipeline->{closure:Illuminate\\Pipeline\\Pipeline::prepareDestination():168}(Object(Illuminate\\Http\\Request))
#7 /Users/lkmdigital/monbeaupays.com/backend/vendor/laravel/framework/src/Illuminate/Pipeline/Pipeline.php(209): Illuminate\\Routing\\Middleware\\SubstituteBindings->handle(Object(Illuminate\\Http\\Request), Object(Closure))
#8 /Users/lkmdigital/monbeaupays.com/backend/vendor/laravel/framework/src/Illuminate/Auth/Middleware/Authenticate.php(64): Illuminate\\Pipeline\\Pipeline->{closure:{closure:Illuminate\\Pipeline\\Pipeline::carry():184}:185}(Object(Illuminate\\Http\\Request))
#9 /Users/lkmdigital/monbeaupays.com/backend/vendor/laravel/framework/src/Illuminate/Pipeline/Pipeline.php(209): Illuminate\\Auth\\Middleware\\Authenticate->handle(Object(Illuminate\\Http\\Request), Object(Closure), 'sanctum')
#10 /Users/lkmdigital/monbeaupays.com/backend/vendor/laravel/framework/src/Illuminate/Pipeline/Pipeline.php(127): Illuminate\\Pipeline\\Pipeline->{closure:{closure:Illuminate\\Pipeline\\Pipeline::carry():184}:185}(Object(Illuminate\\Http\\Request))
#11 /Users/lkmdigital/monbeaupays.com/backend/vendor/laravel/framework/src/Illuminate/Routing/Router.php(807): Illuminate\\Pipeline\\Pipeline->then(Object(Closure))
#12 /Users/lkmdigital/monbeaupays.com/backend/vendor/laravel/framework/src/Illuminate/Routing/Router.php(786): Illuminate\\Routing\\Router->runRouteWithinStack(Object(Illuminate\\Routing\\Route), Object(Illuminate\\Http\\Request))
#13 /Users/lkmdigital/monbeaupays.com/backend/vendor/laravel/framework/src/Illuminate/Routing/Router.php(750): Illuminate\\Routing\\Router->runRoute(Object(Illuminate\\Http\\Request), Object(Illuminate\\Routing\\Route))
#14 /Users/lkmdigital/monbeaupays.com/backend/vendor/laravel/framework/src/Illuminate/Routing/Router.php(739): Illuminate\\Routing\\Router->dispatchToRoute(Object(Illuminate\\Http\\Request))
#15 /Users/lkmdigital/monbeaupays.com/backend/vendor/laravel/framework/src/Illuminate/Foundation/Http/Kernel.php(201): Illuminate\\Routing\\Router->dispatch(Object(Illuminate\\Http\\Request))
#16 /Users/lkmdigital/monbeaupays.com/backend/vendor/laravel/framework/src/Illuminate/Pipeline/Pipeline.php(170): Illuminate\\Foundation\\Http\\Kernel->{closure:Illuminate\\Foundation\\Http\\Kernel::dispatchToRouter():198}(Object(Illuminate\\Http\\Request))
#17 /Users/lkmdigital/monbeaupays.com/backend/vendor/laravel/framework/src/Illuminate/Foundation/Http/Middleware/TransformsRequest.php(21): Illuminate\\Pipeline\\Pipeline->{closure:Illuminate\\Pipeline\\Pipeline::prepareDestination():168}(Object(Illuminate\\Http\\Request))
#18 /Users/lkmdigital/monbeaupays.com/backend/vendor/laravel/framework/src/Illuminate/Foundation/Http/Middleware/ConvertEmptyStringsToNull.php(31): Illuminate\\Foundation\\Http\\Middleware\\TransformsRequest->handle(Object(Illuminate\\Http\\Request), Object(Closure))
#19 /Users/lkmdigital/monbeaupays.com/backend/vendor/laravel/framework/src/Illuminate/Pipeline/Pipeline.php(209): Illuminate\\Foundation\\Http\\Middleware\\ConvertEmptyStringsToNull->handle(Object(Illuminate\\Http\\Request), Object(Closure))
#20 /Users/lkmdigital/monbeaupays.com/backend/vendor/laravel/framework/src/Illuminate/Foundation/Http/Middleware/TransformsRequest.php(21): Illuminate\\Pipeline\\Pipeline->{closure:{closure:Illuminate\\Pipeline\\Pipeline::carry():184}:185}(Object(Illuminate\\Http\\Request))
#21 /Users/lkmdigital/monbeaupays.com/backend/vendor/laravel/framework/src/Illuminate/Foundation/Http/Middleware/TrimStrings.php(51): Illuminate\\Foundation\\Http\\Middleware\\TransformsRequest->handle(Object(Illuminate\\Http\\Request), Object(Closure))
#22 /Users/lkmdigital/monbeaupays.com/backend/vendor/laravel/framework/src/Illuminate/Pipeline/Pipeline.php(209): Illuminate\\Foundation\\Http\\Middleware\\TrimStrings->handle(Object(Illuminate\\Http\\Request), Object(Closure))
#23 /Users/lkmdigital/monbeaupays.com/backend/vendor/laravel/framework/src/Illuminate/Http/Middleware/ValidatePostSize.php(27): Illuminate\\Pipeline\\Pipeline->{closure:{closure:Illuminate\\Pipeline\\Pipeline::carry():184}:185}(Object(Illuminate\\Http\\Request))
#24 /Users/lkmdigital/monbeaupays.com/backend/vendor/laravel/framework/src/Illuminate/Pipeline/Pipeline.php(209): Illuminate\\Http\\Middleware\\ValidatePostSize->handle(Object(Illuminate\\Http\\Request), Object(Closure))
#25 /Users/lkmdigital/monbeaupays.com/backend/vendor/laravel/framework/src/Illuminate/Foundation/Http/Middleware/PreventRequestsDuringMaintenance.php(110): Illuminate\\Pipeline\\Pipeline->{closure:{closure:Illuminate\\Pipeline\\Pipeline::carry():184}:185}(Object(Illuminate\\Http\\Request))
#26 /Users/lkmdigital/monbeaupays.com/backend/vendor/laravel/framework/src/Illuminate/Pipeline/Pipeline.php(209): Illuminate\\Foundation\\Http\\Middleware\\PreventRequestsDuringMaintenance->handle(Object(Illuminate\\Http\\Request), Object(Closure))
#27 /Users/lkmdigital/monbeaupays.com/backend/vendor/laravel/framework/src/Illuminate/Http/Middleware/HandleCors.php(62): Illuminate\\Pipeline\\Pipeline->{closure:{closure:Illuminate\\Pipeline\\Pipeline::carry():184}:185}(Object(Illuminate\\Http\\Request))
#28 /Users/lkmdigital/monbeaupays.com/backend/vendor/laravel/framework/src/Illuminate/Pipeline/Pipeline.php(209): Illuminate\\Http\\Middleware\\HandleCors->handle(Object(Illuminate\\Http\\Request), Object(Closure))
#29 /Users/lkmdigital/monbeaupays.com/backend/vendor/laravel/framework/src/Illuminate/Http/Middleware/TrustProxies.php(58): Illuminate\\Pipeline\\Pipeline->{closure:{closure:Illuminate\\Pipeline\\Pipeline::carry():184}:185}(Object(Illuminate\\Http\\Request))
#30 /Users/lkmdigital/monbeaupays.com/backend/vendor/laravel/framework/src/Illuminate/Pipeline/Pipeline.php(209): Illuminate\\Http\\Middleware\\TrustProxies->handle(Object(Illuminate\\Http\\Request), Object(Closure))
#31 /Users/lkmdigital/monbeaupays.com/backend/vendor/laravel/framework/src/Illuminate/Foundation/Http/Middleware/InvokeDeferredCallbacks.php(22): Illuminate\\Pipeline\\Pipeline->{closure:{closure:Illuminate\\Pipeline\\Pipeline::carry():184}:185}(Object(Illuminate\\Http\\Request))
#32 /Users/lkmdigital/monbeaupays.com/backend/vendor/laravel/framework/src/Illuminate/Pipeline/Pipeline.php(209): Illuminate\\Foundation\\Http\\Middleware\\InvokeDeferredCallbacks->handle(Object(Illuminate\\Http\\Request), Object(Closure))
#33 /Users/lkmdigital/monbeaupays.com/backend/vendor/laravel/framework/src/Illuminate/Pipeline/Pipeline.php(127): Illuminate\\Pipeline\\Pipeline->{closure:{closure:Illuminate\\Pipeline\\Pipeline::carry():184}:185}(Object(Illuminate\\Http\\Request))
#34 /Users/lkmdigital/monbeaupays.com/backend/vendor/laravel/framework/src/Illuminate/Foundation/Http/Kernel.php(176): Illuminate\\Pipeline\\Pipeline->then(Object(Closure))
#35 /Users/lkmdigital/monbeaupays.com/backend/vendor/laravel/framework/src/Illuminate/Foundation/Http/Kernel.php(145): Illuminate\\Foundation\\Http\\Kernel->sendRequestThroughRouter(Object(Illuminate\\Http\\Request))
#36 /Users/lkmdigital/monbeaupays.com/backend/public/index.php(17): Illuminate\\Foundation\\Http\\Kernel->handle(Object(Illuminate\\Http\\Request))
#37 /Users/lkmdigital/monbeaupays.com/backend/vendor/laravel/framework/src/Illuminate/Foundation/resources/server.php(23): require_once('/Users/lkmdigit...')
#38 {main}"} 
[2025-11-12 12:44:49] local.INFO: Payment initiation started {"booking_id":"5","user_id":4} 
[2025-11-12 12:44:49] local.INFO: Booking found {"booking_id":5,"booking_user_id":4,"request_user_id":4} 
[2025-11-12 12:44:49] local.INFO: Creating or retrieving payment {"booking_id":5,"user_id":4,"payment_method":"visa-mastercard","amount":"740000.00"} 
[2025-11-12 12:44:49] local.INFO: Payment created/retrieved {"payment_id":1,"payment_reference":"U5LIMT3R1ZZFX4E","status":"pending"} 
[2025-11-12 12:44:49] local.INFO: Creating payment link via malia-pay API {"payment_id":1,"payment_method":"visa-mastercard","amount":"740000.00"} 
[2025-11-12 12:44:49] local.INFO: createPaymentLink called {"payment_id":1,"booking_id":5,"user_id":4,"payment_method":"visa-mastercard"} 
[2025-11-12 12:44:49] local.INFO: Channel mapped {"payment_method":"visa-mastercard","channel":"CARD"} 
[2025-11-12 12:44:49] local.INFO: Customer name parsed {"full_name":"Pierre Yapi","customer_name":"Pierre","customer_surname":"Yapi"} 
[2025-11-12 12:44:49] local.INFO: Payment data prepared {"data":{"montant":740000,"reference":"U5LIMT3R1ZZFX4E","description":"Paiement de réservation #5 - Maison d'Hôtes San-Pédro","channel":"CARD","merchant_id":"MI_AOXBNNUD2J","aggregated_merchant_id":"am-1j54gkvb820we","customer_name":"Pierre","customer_surname":"Yapi","customer_phone_number":"+225 01 23 45 67 89","customer_email":"user1@monbeaupays.com","notification_url":"http://localhost:8000/api/payments/webhook","return_url":"http://localhost:8000/bookings/5?payment=success","error_url":"http://localhost:8000/bookings/5/payment?error=1","success_url":"http://localhost:8000/bookings/5?payment=success"},"merchant_id":"MI_AOXBNNUD2J","aggregated_merchant_id":"am-1j54gkvb820we"} 
[2025-11-12 12:44:49] local.INFO: Sending request to malia-pay {"url":"https://malia-pay.com/api/v1/OnlinePaymentService/add_payer","json_data":"{\"montant\":740000,\"reference\":\"U5LIMT3R1ZZFX4E\",\"description\":\"Paiement de r\\u00e9servation #5 - Maison d'H\\u00f4tes San-P\\u00e9dro\",\"channel\":\"CARD\",\"merchant_id\":\"MI_AOXBNNUD2J\",\"aggregated_merchant_id\":\"am-1j54gkvb820we\",\"customer_name\":\"Pierre\",\"customer_surname\":\"Yapi\",\"customer_phone_number\":\"+225 01 23 45 67 89\",\"customer_email\":\"user1@monbeaupays.com\",\"notification_url\":\"http:\\/\\/localhost:8000\\/api\\/payments\\/webhook\",\"return_url\":\"http:\\/\\/localhost:8000\\/bookings\\/5?payment=success\",\"error_url\":\"http:\\/\\/localhost:8000\\/bookings\\/5\\/payment?error=1\",\"success_url\":\"http:\\/\\/localhost:8000\\/bookings\\/5?payment=success\"}"} 
[2025-11-12 12:44:50] local.INFO: Malia-pay API response {"http_code":201,"response":"{\"message\":\"Created\",\"status\":\"success\",\"link\":\"https://malia-pay.com/api/v1/OnlinePaymentService/payment.php?uuid=a7aff4f7-d20a-43ce-834b-b94e91417e65\"}","response_length":153,"curl_error":""} 
[2025-11-12 12:44:50] local.INFO: Malia-pay API response decoded {"decoded_response":{"message":"Created","status":"success","link":"https://malia-pay.com/api/v1/OnlinePaymentService/payment.php?uuid=a7aff4f7-d20a-43ce-834b-b94e91417e65"},"has_link":true,"link_value":"https://malia-pay.com/api/v1/OnlinePaymentService/payment.php?uuid=a7aff4f7-d20a-43ce-834b-b94e91417e65","status":"success","message":"Created"} 
[2025-11-12 12:44:50] local.INFO: Payment link created successfully {"link":"https://malia-pay.com/api/v1/OnlinePaymentService/payment.php?uuid=a7aff4f7-d20a-43ce-834b-b94e91417e65","http_code":201} 
[2025-11-12 12:44:50] local.INFO: Payment link created successfully {"payment_id":1,"payment_link":"https://malia-pay.com/api/v1/OnlinePaymentService/payment.php?uuid=a7aff4f7-d20a-43ce-834b-b94e91417e65"} 
[2025-11-12 12:48:15] local.INFO: Payment initiation started {"booking_id":"5","user_id":4} 
[2025-11-12 12:48:15] local.INFO: Booking found {"booking_id":5,"booking_user_id":4,"request_user_id":4} 
[2025-11-12 12:48:15] local.INFO: Creating or retrieving payment {"booking_id":5,"user_id":4,"payment_method":"wave-ci","amount":"740000.00"} 
[2025-11-12 12:48:15] local.INFO: Payment created/retrieved {"payment_id":1,"payment_reference":"U5LIMT3R1ZZFX4E","status":"pending"} 
[2025-11-12 12:48:15] local.INFO: Payment already has link {"payment_id":1,"payment_link":"https://malia-pay.com/api/v1/OnlinePaymentService/payment.php?uuid=a7aff4f7-d20a-43ce-834b-b94e91417e65"} 
[2025-11-12 12:48:27] local.INFO: Payment initiation started {"booking_id":"5","user_id":4} 
[2025-11-12 12:48:27] local.INFO: Booking found {"booking_id":5,"booking_user_id":4,"request_user_id":4} 
[2025-11-12 12:48:27] local.INFO: Creating or retrieving payment {"booking_id":5,"user_id":4,"payment_method":"wave-ci","amount":"740000.00"} 
[2025-11-12 12:48:27] local.INFO: Payment created/retrieved {"payment_id":1,"payment_reference":"U5LIMT3R1ZZFX4E","status":"pending"} 
[2025-11-12 12:48:27] local.INFO: Payment already has link {"payment_id":1,"payment_link":"https://malia-pay.com/api/v1/OnlinePaymentService/payment.php?uuid=a7aff4f7-d20a-43ce-834b-b94e91417e65"} 
[2025-11-12 13:33:24] local.INFO: Payment initiation started {"booking_id":"6","user_id":4} 
[2025-11-12 13:33:24] local.INFO: Booking found {"booking_id":6,"booking_user_id":4,"request_user_id":4} 
[2025-11-12 13:33:24] local.INFO: Creating or retrieving payment {"booking_id":6,"user_id":4,"payment_method":"orange-ci","amount":"3060000.00"} 
[2025-11-12 13:33:24] local.INFO: Payment created/retrieved {"payment_id":2,"payment_reference":"WTLK9T547R2CAH2","status":"pending"} 
[2025-11-12 13:33:24] local.INFO: Creating payment link via malia-pay API {"payment_id":2,"payment_method":"orange-ci","amount":"3060000.00"} 
[2025-11-12 13:33:24] local.INFO: createPaymentLink called {"payment_id":2,"booking_id":6,"user_id":4,"payment_method":"orange-ci"} 
[2025-11-12 13:33:24] local.INFO: Channel mapped {"payment_method":"orange-ci","channel":"OMCI"} 
[2025-11-12 13:33:24] local.INFO: Customer name parsed {"full_name":"Pierre Yapi","customer_name":"Pierre","customer_surname":"Yapi"} 
[2025-11-12 13:33:24] local.INFO: Payment data prepared {"data":{"montant":3060000,"reference":"WTLK9T547R2CAH2","description":"Paiement de réservation #6 - Maison d'Hôtes San-Pédro","channel":"OMCI","merchant_id":"MI_AOXBNNUD2J","aggregated_merchant_id":"am-1j54gkvb820we","customer_name":"Pierre","customer_surname":"Yapi","customer_phone_number":"+225 01 23 45 67 89","customer_email":"user1@monbeaupays.com","notification_url":"http://localhost:8000/api/payments/webhook","return_url":"http://localhost:8000/bookings/6?payment=success","error_url":"http://localhost:8000/bookings/6/payment?error=1","success_url":"http://localhost:8000/bookings/6?payment=success"},"merchant_id":"MI_AOXBNNUD2J","aggregated_merchant_id":"am-1j54gkvb820we"} 
[2025-11-12 13:33:24] local.INFO: Sending request to malia-pay {"url":"https://malia-pay.com/api/v1/OnlinePaymentService/add_payer","json_data":"{\"montant\":3060000,\"reference\":\"WTLK9T547R2CAH2\",\"description\":\"Paiement de r\\u00e9servation #6 - Maison d'H\\u00f4tes San-P\\u00e9dro\",\"channel\":\"OMCI\",\"merchant_id\":\"MI_AOXBNNUD2J\",\"aggregated_merchant_id\":\"am-1j54gkvb820we\",\"customer_name\":\"Pierre\",\"customer_surname\":\"Yapi\",\"customer_phone_number\":\"+225 01 23 45 67 89\",\"customer_email\":\"user1@monbeaupays.com\",\"notification_url\":\"http:\\/\\/localhost:8000\\/api\\/payments\\/webhook\",\"return_url\":\"http:\\/\\/localhost:8000\\/bookings\\/6?payment=success\",\"error_url\":\"http:\\/\\/localhost:8000\\/bookings\\/6\\/payment?error=1\",\"success_url\":\"http:\\/\\/localhost:8000\\/bookings\\/6?payment=success\"}"} 
[2025-11-12 13:33:26] local.INFO: Malia-pay API response {"http_code":201,"response":"{\"message\":\"Created\",\"status\":\"success\",\"link\":null,\"pay_token\":null}","response_length":69,"curl_error":""} 
[2025-11-12 13:33:26] local.INFO: Malia-pay API response decoded {"decoded_response":{"message":"Created","status":"success","link":null,"pay_token":null},"has_link":false,"link_value":"NOT_SET","status":"success","message":"Created"} 
[2025-11-12 13:33:26] local.ERROR: Link not found in response - Detailed analysis {"raw_response":"{\"message\":\"Created\",\"status\":\"success\",\"link\":null,\"pay_token\":null}","response_length":69,"http_code":201,"decoded_object":{"stdClass":{"message":"Created","status":"success","link":null,"pay_token":null}},"decoded_array":{"message":"Created","status":"success","link":null,"pay_token":null},"all_response_keys":["message","status","link","pay_token"],"link_field_exists":false,"link_value":"NULL","link_type":"NOT_SET","status_value":"success","message_value":"Created"} 
[2025-11-12 13:33:26] local.WARNING: Link is null but status is success, trying to construct link {"reference":"WTLK9T547R2CAH2","possible_links":["https://malia-pay.com/pay/WTLK9T547R2CAH2","https://malia-pay.com/payment/WTLK9T547R2CAH2","https://malia-pay.com/checkout/WTLK9T547R2CAH2","https://pay.malia-pay.com/WTLK9T547R2CAH2"],"api_response":"{\"message\":\"Created\",\"status\":\"success\",\"link\":null,\"pay_token\":null}"} 
[2025-11-12 13:33:26] local.ERROR: Error creating payment link {"payment_id":2,"error":"La transaction a été créée avec succès (référence: WTLK9T547R2CAH2), mais le lien de paiement n'est pas disponible dans la réponse de l'API. Veuillez vérifier la documentation de l'API Malia-Pay pour connaître le format du lien de paiement ou contacter le support technique.","trace":"#0 /Users/lkmdigital/monbeaupays.com/backend/app/Http/Controllers/PaymentController.php(137): App\\Http\\Controllers\\PaymentController->createPaymentLink(Object(App\\Models\\Payment), Object(App\\Models\\Booking), Object(App\\Models\\User), 'orange-ci')
#1 /Users/lkmdigital/monbeaupays.com/backend/vendor/laravel/framework/src/Illuminate/Routing/ControllerDispatcher.php(47): App\\Http\\Controllers\\PaymentController->initiate(Object(Illuminate\\Http\\Request), '6')
#2 /Users/lkmdigital/monbeaupays.com/backend/vendor/laravel/framework/src/Illuminate/Routing/Route.php(266): Illuminate\\Routing\\ControllerDispatcher->dispatch(Object(Illuminate\\Routing\\Route), Object(App\\Http\\Controllers\\PaymentController), 'initiate')
#3 /Users/lkmdigital/monbeaupays.com/backend/vendor/laravel/framework/src/Illuminate/Routing/Route.php(212): Illuminate\\Routing\\Route->runController()
#4 /Users/lkmdigital/monbeaupays.com/backend/vendor/laravel/framework/src/Illuminate/Routing/Router.php(808): Illuminate\\Routing\\Route->run()
#5 /Users/lkmdigital/monbeaupays.com/backend/vendor/laravel/framework/src/Illuminate/Pipeline/Pipeline.php(170): Illuminate\\Routing\\Router->{closure:Illuminate\\Routing\\Router::runRouteWithinStack():807}(Object(Illuminate\\Http\\Request))
#6 /Users/lkmdigital/monbeaupays.com/backend/vendor/laravel/framework/src/Illuminate/Routing/Middleware/SubstituteBindings.php(51): Illuminate\\Pipeline\\Pipeline->{closure:Illuminate\\Pipeline\\Pipeline::prepareDestination():168}(Object(Illuminate\\Http\\Request))
#7 /Users/lkmdigital/monbeaupays.com/backend/vendor/laravel/framework/src/Illuminate/Pipeline/Pipeline.php(209): Illuminate\\Routing\\Middleware\\SubstituteBindings->handle(Object(Illuminate\\Http\\Request), Object(Closure))
#8 /Users/lkmdigital/monbeaupays.com/backend/vendor/laravel/framework/src/Illuminate/Auth/Middleware/Authenticate.php(64): Illuminate\\Pipeline\\Pipeline->{closure:{closure:Illuminate\\Pipeline\\Pipeline::carry():184}:185}(Object(Illuminate\\Http\\Request))
#9 /Users/lkmdigital/monbeaupays.com/backend/vendor/laravel/framework/src/Illuminate/Pipeline/Pipeline.php(209): Illuminate\\Auth\\Middleware\\Authenticate->handle(Object(Illuminate\\Http\\Request), Object(Closure), 'sanctum')
#10 /Users/lkmdigital/monbeaupays.com/backend/vendor/laravel/framework/src/Illuminate/Pipeline/Pipeline.php(127): Illuminate\\Pipeline\\Pipeline->{closure:{closure:Illuminate\\Pipeline\\Pipeline::carry():184}:185}(Object(Illuminate\\Http\\Request))
#11 /Users/lkmdigital/monbeaupays.com/backend/vendor/laravel/framework/src/Illuminate/Routing/Router.php(807): Illuminate\\Pipeline\\Pipeline->then(Object(Closure))
#12 /Users/lkmdigital/monbeaupays.com/backend/vendor/laravel/framework/src/Illuminate/Routing/Router.php(786): Illuminate\\Routing\\Router->runRouteWithinStack(Object(Illuminate\\Routing\\Route), Object(Illuminate\\Http\\Request))
#13 /Users/lkmdigital/monbeaupays.com/backend/vendor/laravel/framework/src/Illuminate/Routing/Router.php(750): Illuminate\\Routing\\Router->runRoute(Object(Illuminate\\Http\\Request), Object(Illuminate\\Routing\\Route))
#14 /Users/lkmdigital/monbeaupays.com/backend/vendor/laravel/framework/src/Illuminate/Routing/Router.php(739): Illuminate\\Routing\\Router->dispatchToRoute(Object(Illuminate\\Http\\Request))
#15 /Users/lkmdigital/monbeaupays.com/backend/vendor/laravel/framework/src/Illuminate/Foundation/Http/Kernel.php(201): Illuminate\\Routing\\Router->dispatch(Object(Illuminate\\Http\\Request))
#16 /Users/lkmdigital/monbeaupays.com/backend/vendor/laravel/framework/src/Illuminate/Pipeline/Pipeline.php(170): Illuminate\\Foundation\\Http\\Kernel->{closure:Illuminate\\Foundation\\Http\\Kernel::dispatchToRouter():198}(Object(Illuminate\\Http\\Request))
#17 /Users/lkmdigital/monbeaupays.com/backend/vendor/laravel/framework/src/Illuminate/Foundation/Http/Middleware/TransformsRequest.php(21): Illuminate\\Pipeline\\Pipeline->{closure:Illuminate\\Pipeline\\Pipeline::prepareDestination():168}(Object(Illuminate\\Http\\Request))
#18 /Users/lkmdigital/monbeaupays.com/backend/vendor/laravel/framework/src/Illuminate/Foundation/Http/Middleware/ConvertEmptyStringsToNull.php(31): Illuminate\\Foundation\\Http\\Middleware\\TransformsRequest->handle(Object(Illuminate\\Http\\Request), Object(Closure))
#19 /Users/lkmdigital/monbeaupays.com/backend/vendor/laravel/framework/src/Illuminate/Pipeline/Pipeline.php(209): Illuminate\\Foundation\\Http\\Middleware\\ConvertEmptyStringsToNull->handle(Object(Illuminate\\Http\\Request), Object(Closure))
#20 /Users/lkmdigital/monbeaupays.com/backend/vendor/laravel/framework/src/Illuminate/Foundation/Http/Middleware/TransformsRequest.php(21): Illuminate\\Pipeline\\Pipeline->{closure:{closure:Illuminate\\Pipeline\\Pipeline::carry():184}:185}(Object(Illuminate\\Http\\Request))
#21 /Users/lkmdigital/monbeaupays.com/backend/vendor/laravel/framework/src/Illuminate/Foundation/Http/Middleware/TrimStrings.php(51): Illuminate\\Foundation\\Http\\Middleware\\TransformsRequest->handle(Object(Illuminate\\Http\\Request), Object(Closure))
#22 /Users/lkmdigital/monbeaupays.com/backend/vendor/laravel/framework/src/Illuminate/Pipeline/Pipeline.php(209): Illuminate\\Foundation\\Http\\Middleware\\TrimStrings->handle(Object(Illuminate\\Http\\Request), Object(Closure))
#23 /Users/lkmdigital/monbeaupays.com/backend/vendor/laravel/framework/src/Illuminate/Http/Middleware/ValidatePostSize.php(27): Illuminate\\Pipeline\\Pipeline->{closure:{closure:Illuminate\\Pipeline\\Pipeline::carry():184}:185}(Object(Illuminate\\Http\\Request))
#24 /Users/lkmdigital/monbeaupays.com/backend/vendor/laravel/framework/src/Illuminate/Pipeline/Pipeline.php(209): Illuminate\\Http\\Middleware\\ValidatePostSize->handle(Object(Illuminate\\Http\\Request), Object(Closure))
#25 /Users/lkmdigital/monbeaupays.com/backend/vendor/laravel/framework/src/Illuminate/Foundation/Http/Middleware/PreventRequestsDuringMaintenance.php(110): Illuminate\\Pipeline\\Pipeline->{closure:{closure:Illuminate\\Pipeline\\Pipeline::carry():184}:185}(Object(Illuminate\\Http\\Request))
#26 /Users/lkmdigital/monbeaupays.com/backend/vendor/laravel/framework/src/Illuminate/Pipeline/Pipeline.php(209): Illuminate\\Foundation\\Http\\Middleware\\PreventRequestsDuringMaintenance->handle(Object(Illuminate\\Http\\Request), Object(Closure))
#27 /Users/lkmdigital/monbeaupays.com/backend/vendor/laravel/framework/src/Illuminate/Http/Middleware/HandleCors.php(62): Illuminate\\Pipeline\\Pipeline->{closure:{closure:Illuminate\\Pipeline\\Pipeline::carry():184}:185}(Object(Illuminate\\Http\\Request))
#28 /Users/lkmdigital/monbeaupays.com/backend/vendor/laravel/framework/src/Illuminate/Pipeline/Pipeline.php(209): Illuminate\\Http\\Middleware\\HandleCors->handle(Object(Illuminate\\Http\\Request), Object(Closure))
#29 /Users/lkmdigital/monbeaupays.com/backend/vendor/laravel/framework/src/Illuminate/Http/Middleware/TrustProxies.php(58): Illuminate\\Pipeline\\Pipeline->{closure:{closure:Illuminate\\Pipeline\\Pipeline::carry():184}:185}(Object(Illuminate\\Http\\Request))
#30 /Users/lkmdigital/monbeaupays.com/backend/vendor/laravel/framework/src/Illuminate/Pipeline/Pipeline.php(209): Illuminate\\Http\\Middleware\\TrustProxies->handle(Object(Illuminate\\Http\\Request), Object(Closure))
#31 /Users/lkmdigital/monbeaupays.com/backend/vendor/laravel/framework/src/Illuminate/Foundation/Http/Middleware/InvokeDeferredCallbacks.php(22): Illuminate\\Pipeline\\Pipeline->{closure:{closure:Illuminate\\Pipeline\\Pipeline::carry():184}:185}(Object(Illuminate\\Http\\Request))
#32 /Users/lkmdigital/monbeaupays.com/backend/vendor/laravel/framework/src/Illuminate/Pipeline/Pipeline.php(209): Illuminate\\Foundation\\Http\\Middleware\\InvokeDeferredCallbacks->handle(Object(Illuminate\\Http\\Request), Object(Closure))
#33 /Users/lkmdigital/monbeaupays.com/backend/vendor/laravel/framework/src/Illuminate/Pipeline/Pipeline.php(127): Illuminate\\Pipeline\\Pipeline->{closure:{closure:Illuminate\\Pipeline\\Pipeline::carry():184}:185}(Object(Illuminate\\Http\\Request))
#34 /Users/lkmdigital/monbeaupays.com/backend/vendor/laravel/framework/src/Illuminate/Foundation/Http/Kernel.php(176): Illuminate\\Pipeline\\Pipeline->then(Object(Closure))
#35 /Users/lkmdigital/monbeaupays.com/backend/vendor/laravel/framework/src/Illuminate/Foundation/Http/Kernel.php(145): Illuminate\\Foundation\\Http\\Kernel->sendRequestThroughRouter(Object(Illuminate\\Http\\Request))
#36 /Users/lkmdigital/monbeaupays.com/backend/public/index.php(17): Illuminate\\Foundation\\Http\\Kernel->handle(Object(Illuminate\\Http\\Request))
#37 /Users/lkmdigital/monbeaupays.com/backend/vendor/laravel/framework/src/Illuminate/Foundation/resources/server.php(23): require_once('/Users/lkmdigit...')
#38 {main}"} 
[2025-11-12 13:36:00] local.INFO: Payment initiation started {"booking_id":"6","user_id":4} 
[2025-11-12 13:36:00] local.INFO: Booking found {"booking_id":6,"booking_user_id":4,"request_user_id":4} 
[2025-11-12 13:36:00] local.INFO: Creating or retrieving payment {"booking_id":6,"user_id":4,"payment_method":"visa-mastercard","amount":"3060000.00"} 
[2025-11-12 13:36:00] local.INFO: Payment created/retrieved {"payment_id":2,"payment_reference":"WTLK9T547R2CAH2","status":"pending"} 
[2025-11-12 13:36:00] local.INFO: Creating payment link via malia-pay API {"payment_id":2,"payment_method":"visa-mastercard","amount":"3060000.00"} 
[2025-11-12 13:36:00] local.INFO: createPaymentLink called {"payment_id":2,"booking_id":6,"user_id":4,"payment_method":"visa-mastercard"} 
[2025-11-12 13:36:00] local.INFO: Channel mapped {"payment_method":"visa-mastercard","channel":"CARD"} 
[2025-11-12 13:36:00] local.INFO: Customer name parsed {"full_name":"Pierre Yapi","customer_name":"Pierre","customer_surname":"Yapi"} 
[2025-11-12 13:36:00] local.INFO: Payment data prepared {"data":{"montant":3060000,"reference":"WTLK9T547R2CAH2","description":"Paiement de réservation #6 - Maison d'Hôtes San-Pédro","channel":"CARD","merchant_id":"MI_AOXBNNUD2J","aggregated_merchant_id":"am-1j54gkvb820we","customer_name":"Pierre","customer_surname":"Yapi","customer_phone_number":"+225 01 23 45 67 89","customer_email":"user1@monbeaupays.com","notification_url":"http://localhost:8000/api/payments/webhook","return_url":"http://localhost:8000/bookings/6?payment=success","error_url":"http://localhost:8000/bookings/6/payment?error=1","success_url":"http://localhost:8000/bookings/6?payment=success"},"merchant_id":"MI_AOXBNNUD2J","aggregated_merchant_id":"am-1j54gkvb820we"} 
[2025-11-12 13:36:00] local.INFO: JSON encoding check {"montant_in_data":3060000,"montant_type":"integer","montant_in_json":3060000,"montant_type_in_json":"integer"} 
[2025-11-12 13:36:00] local.INFO: Sending request to malia-pay {"url":"https://malia-pay.com/api/v1/OnlinePaymentService/add_payer","json_data":"{\"montant\":3060000,\"reference\":\"WTLK9T547R2CAH2\",\"description\":\"Paiement de r\\u00e9servation #6 - Maison d'H\\u00f4tes San-P\\u00e9dro\",\"channel\":\"CARD\",\"merchant_id\":\"MI_AOXBNNUD2J\",\"aggregated_merchant_id\":\"am-1j54gkvb820we\",\"customer_name\":\"Pierre\",\"customer_surname\":\"Yapi\",\"customer_phone_number\":\"+225 01 23 45 67 89\",\"customer_email\":\"user1@monbeaupays.com\",\"notification_url\":\"http:\\/\\/localhost:8000\\/api\\/payments\\/webhook\",\"return_url\":\"http:\\/\\/localhost:8000\\/bookings\\/6?payment=success\",\"error_url\":\"http:\\/\\/localhost:8000\\/bookings\\/6\\/payment?error=1\",\"success_url\":\"http:\\/\\/localhost:8000\\/bookings\\/6?payment=success\"}"} 
[2025-11-12 13:36:01] local.INFO: Malia-pay API response {"http_code":201,"response":"{\"message\":\"Created\",\"status\":\"success\",\"link\":\"https://malia-pay.com/api/v1/OnlinePaymentService/payment.php?uuid=6a06dfc1-e342-484d-911d-5fa5e8598ce4\"}","response_length":153,"curl_error":""} 
[2025-11-12 13:36:01] local.INFO: Malia-pay API response decoded {"decoded_response":{"message":"Created","status":"success","link":"https://malia-pay.com/api/v1/OnlinePaymentService/payment.php?uuid=6a06dfc1-e342-484d-911d-5fa5e8598ce4"},"has_link":true,"link_value":"https://malia-pay.com/api/v1/OnlinePaymentService/payment.php?uuid=6a06dfc1-e342-484d-911d-5fa5e8598ce4","status":"success","message":"Created"} 
[2025-11-12 13:36:01] local.INFO: Payment link created successfully {"link":"https://malia-pay.com/api/v1/OnlinePaymentService/payment.php?uuid=6a06dfc1-e342-484d-911d-5fa5e8598ce4","http_code":201} 
[2025-11-12 13:36:01] local.INFO: Payment link created successfully {"payment_id":2,"payment_link":"https://malia-pay.com/api/v1/OnlinePaymentService/payment.php?uuid=6a06dfc1-e342-484d-911d-5fa5e8598ce4"} 
[2025-11-12 13:36:29] local.INFO: Payment initiation started {"booking_id":"6","user_id":4} 
[2025-11-12 13:36:29] local.INFO: Booking found {"booking_id":6,"booking_user_id":4,"request_user_id":4} 
[2025-11-12 13:36:29] local.INFO: Creating or retrieving payment {"booking_id":6,"user_id":4,"payment_method":"wave-ci","amount":"3060000.00"} 
[2025-11-12 13:36:29] local.INFO: Payment created/retrieved {"payment_id":2,"payment_reference":"WTLK9T547R2CAH2","status":"pending"} 
[2025-11-12 13:36:29] local.INFO: Payment already has link {"payment_id":2,"payment_link":"https://malia-pay.com/api/v1/OnlinePaymentService/payment.php?uuid=6a06dfc1-e342-484d-911d-5fa5e8598ce4"} 
[2025-11-12 13:36:34] local.INFO: Payment initiation started {"booking_id":"6","user_id":4} 
[2025-11-12 13:36:34] local.INFO: Booking found {"booking_id":6,"booking_user_id":4,"request_user_id":4} 
[2025-11-12 13:36:34] local.INFO: Creating or retrieving payment {"booking_id":6,"user_id":4,"payment_method":"wave-ci","amount":"3060000.00"} 
[2025-11-12 13:36:34] local.INFO: Payment created/retrieved {"payment_id":2,"payment_reference":"WTLK9T547R2CAH2","status":"pending"} 
[2025-11-12 13:36:34] local.INFO: Payment already has link {"payment_id":2,"payment_link":"https://malia-pay.com/api/v1/OnlinePaymentService/payment.php?uuid=6a06dfc1-e342-484d-911d-5fa5e8598ce4"} 
[2025-11-12 13:36:44] local.INFO: Payment initiation started {"booking_id":"6","user_id":4} 
[2025-11-12 13:36:44] local.INFO: Booking found {"booking_id":6,"booking_user_id":4,"request_user_id":4} 
[2025-11-12 13:36:44] local.INFO: Creating or retrieving payment {"booking_id":6,"user_id":4,"payment_method":"orange-ci","amount":"3060000.00"} 
[2025-11-12 13:36:44] local.INFO: Payment created/retrieved {"payment_id":2,"payment_reference":"WTLK9T547R2CAH2","status":"pending"} 
[2025-11-12 13:36:44] local.INFO: Payment already has link {"payment_id":2,"payment_link":"https://malia-pay.com/api/v1/OnlinePaymentService/payment.php?uuid=6a06dfc1-e342-484d-911d-5fa5e8598ce4"} 
[2025-11-12 13:37:30] local.INFO: Payment initiation started {"booking_id":"7","user_id":4} 
[2025-11-12 13:37:30] local.INFO: Booking found {"booking_id":7,"booking_user_id":4,"request_user_id":4} 
[2025-11-12 13:37:30] local.INFO: Creating or retrieving payment {"booking_id":7,"user_id":4,"payment_method":"wave-ci","amount":"600000.00"} 
[2025-11-12 13:37:30] local.INFO: Payment created/retrieved {"payment_id":3,"payment_reference":"G7QKE55KAWQIJLP","status":"pending"} 
[2025-11-12 13:37:30] local.INFO: Creating payment link via malia-pay API {"payment_id":3,"payment_method":"wave-ci","amount":"600000.00"} 
[2025-11-12 13:37:30] local.INFO: createPaymentLink called {"payment_id":3,"booking_id":7,"user_id":4,"payment_method":"wave-ci"} 
[2025-11-12 13:37:30] local.INFO: Channel mapped {"payment_method":"wave-ci","channel":"WAVECI"} 
[2025-11-12 13:37:30] local.INFO: Customer name parsed {"full_name":"Pierre Yapi","customer_name":"Pierre","customer_surname":"Yapi"} 
[2025-11-12 13:37:30] local.INFO: Payment data prepared {"data":{"montant":600000,"reference":"G7QKE55KAWQIJLP","description":"Paiement de réservation #7 - Maison d'Hôtes San-Pédro","channel":"WAVECI","merchant_id":"MI_AOXBNNUD2J","aggregated_merchant_id":"am-1j54gkvb820we","customer_name":"Pierre","customer_surname":"Yapi","customer_phone_number":"+225 01 23 45 67 89","customer_email":"user1@monbeaupays.com","notification_url":"http://localhost:8000/api/payments/webhook","return_url":"http://localhost:8000/bookings/7?payment=success","error_url":"http://localhost:8000/bookings/7/payment?error=1","success_url":"http://localhost:8000/bookings/7?payment=success"},"merchant_id":"MI_AOXBNNUD2J","aggregated_merchant_id":"am-1j54gkvb820we"} 
[2025-11-12 13:37:30] local.INFO: JSON encoding check {"montant_in_data":600000,"montant_type":"integer","montant_in_json":600000,"montant_type_in_json":"integer"} 
[2025-11-12 13:37:30] local.INFO: Sending request to malia-pay {"url":"https://malia-pay.com/api/v1/OnlinePaymentService/add_payer","json_data":"{\"montant\":600000,\"reference\":\"G7QKE55KAWQIJLP\",\"description\":\"Paiement de r\\u00e9servation #7 - Maison d'H\\u00f4tes San-P\\u00e9dro\",\"channel\":\"WAVECI\",\"merchant_id\":\"MI_AOXBNNUD2J\",\"aggregated_merchant_id\":\"am-1j54gkvb820we\",\"customer_name\":\"Pierre\",\"customer_surname\":\"Yapi\",\"customer_phone_number\":\"+225 01 23 45 67 89\",\"customer_email\":\"user1@monbeaupays.com\",\"notification_url\":\"http:\\/\\/localhost:8000\\/api\\/payments\\/webhook\",\"return_url\":\"http:\\/\\/localhost:8000\\/bookings\\/7?payment=success\",\"error_url\":\"http:\\/\\/localhost:8000\\/bookings\\/7\\/payment?error=1\",\"success_url\":\"http:\\/\\/localhost:8000\\/bookings\\/7?payment=success\"}"} 
[2025-11-12 13:37:31] local.INFO: Malia-pay API response {"http_code":201,"response":"{\"message\":\"Created\",\"status\":\"success\",\"link\":null}","response_length":52,"curl_error":""} 
[2025-11-12 13:37:31] local.INFO: Malia-pay API response decoded {"decoded_response":{"message":"Created","status":"success","link":null},"has_link":false,"link_value":"NOT_SET","status":"success","message":"Created"} 
[2025-11-12 13:37:31] local.ERROR: Link not found in response - Detailed analysis {"raw_response":"{\"message\":\"Created\",\"status\":\"success\",\"link\":null}","response_length":52,"http_code":201,"decoded_object":{"stdClass":{"message":"Created","status":"success","link":null}},"decoded_array":{"message":"Created","status":"success","link":null},"all_response_keys":["message","status","link"],"link_field_exists":false,"link_value":"NULL","link_type":"NOT_SET","status_value":"success","message_value":"Created"} 
[2025-11-12 13:37:31] local.WARNING: Link is null but status is success, trying to construct link {"reference":"G7QKE55KAWQIJLP","possible_links":["https://malia-pay.com/pay/G7QKE55KAWQIJLP","https://malia-pay.com/payment/G7QKE55KAWQIJLP","https://malia-pay.com/checkout/G7QKE55KAWQIJLP","https://pay.malia-pay.com/G7QKE55KAWQIJLP"],"api_response":"{\"message\":\"Created\",\"status\":\"success\",\"link\":null}"} 
[2025-11-12 13:37:31] local.ERROR: Error creating payment link {"payment_id":3,"error":"La transaction a été créée avec succès (référence: G7QKE55KAWQIJLP), mais le lien de paiement n'est pas disponible dans la réponse de l'API. Veuillez vérifier la documentation de l'API Malia-Pay pour connaître le format du lien de paiement ou contacter le support technique.","trace":"#0 /Users/lkmdigital/monbeaupays.com/backend/app/Http/Controllers/PaymentController.php(140): App\\Http\\Controllers\\PaymentController->createPaymentLink(Object(App\\Models\\Payment), Object(App\\Models\\Booking), Object(App\\Models\\User), 'wave-ci')
#1 /Users/lkmdigital/monbeaupays.com/backend/vendor/laravel/framework/src/Illuminate/Routing/ControllerDispatcher.php(47): App\\Http\\Controllers\\PaymentController->initiate(Object(Illuminate\\Http\\Request), '7')
#2 /Users/lkmdigital/monbeaupays.com/backend/vendor/laravel/framework/src/Illuminate/Routing/Route.php(266): Illuminate\\Routing\\ControllerDispatcher->dispatch(Object(Illuminate\\Routing\\Route), Object(App\\Http\\Controllers\\PaymentController), 'initiate')
#3 /Users/lkmdigital/monbeaupays.com/backend/vendor/laravel/framework/src/Illuminate/Routing/Route.php(212): Illuminate\\Routing\\Route->runController()
#4 /Users/lkmdigital/monbeaupays.com/backend/vendor/laravel/framework/src/Illuminate/Routing/Router.php(808): Illuminate\\Routing\\Route->run()
#5 /Users/lkmdigital/monbeaupays.com/backend/vendor/laravel/framework/src/Illuminate/Pipeline/Pipeline.php(170): Illuminate\\Routing\\Router->{closure:Illuminate\\Routing\\Router::runRouteWithinStack():807}(Object(Illuminate\\Http\\Request))
#6 /Users/lkmdigital/monbeaupays.com/backend/vendor/laravel/framework/src/Illuminate/Routing/Middleware/SubstituteBindings.php(51): Illuminate\\Pipeline\\Pipeline->{closure:Illuminate\\Pipeline\\Pipeline::prepareDestination():168}(Object(Illuminate\\Http\\Request))
#7 /Users/lkmdigital/monbeaupays.com/backend/vendor/laravel/framework/src/Illuminate/Pipeline/Pipeline.php(209): Illuminate\\Routing\\Middleware\\SubstituteBindings->handle(Object(Illuminate\\Http\\Request), Object(Closure))
#8 /Users/lkmdigital/monbeaupays.com/backend/vendor/laravel/framework/src/Illuminate/Auth/Middleware/Authenticate.php(64): Illuminate\\Pipeline\\Pipeline->{closure:{closure:Illuminate\\Pipeline\\Pipeline::carry():184}:185}(Object(Illuminate\\Http\\Request))
#9 /Users/lkmdigital/monbeaupays.com/backend/vendor/laravel/framework/src/Illuminate/Pipeline/Pipeline.php(209): Illuminate\\Auth\\Middleware\\Authenticate->handle(Object(Illuminate\\Http\\Request), Object(Closure), 'sanctum')
#10 /Users/lkmdigital/monbeaupays.com/backend/vendor/laravel/framework/src/Illuminate/Pipeline/Pipeline.php(127): Illuminate\\Pipeline\\Pipeline->{closure:{closure:Illuminate\\Pipeline\\Pipeline::carry():184}:185}(Object(Illuminate\\Http\\Request))
#11 /Users/lkmdigital/monbeaupays.com/backend/vendor/laravel/framework/src/Illuminate/Routing/Router.php(807): Illuminate\\Pipeline\\Pipeline->then(Object(Closure))
#12 /Users/lkmdigital/monbeaupays.com/backend/vendor/laravel/framework/src/Illuminate/Routing/Router.php(786): Illuminate\\Routing\\Router->runRouteWithinStack(Object(Illuminate\\Routing\\Route), Object(Illuminate\\Http\\Request))
#13 /Users/lkmdigital/monbeaupays.com/backend/vendor/laravel/framework/src/Illuminate/Routing/Router.php(750): Illuminate\\Routing\\Router->runRoute(Object(Illuminate\\Http\\Request), Object(Illuminate\\Routing\\Route))
#14 /Users/lkmdigital/monbeaupays.com/backend/vendor/laravel/framework/src/Illuminate/Routing/Router.php(739): Illuminate\\Routing\\Router->dispatchToRoute(Object(Illuminate\\Http\\Request))
#15 /Users/lkmdigital/monbeaupays.com/backend/vendor/laravel/framework/src/Illuminate/Foundation/Http/Kernel.php(201): Illuminate\\Routing\\Router->dispatch(Object(Illuminate\\Http\\Request))
#16 /Users/lkmdigital/monbeaupays.com/backend/vendor/laravel/framework/src/Illuminate/Pipeline/Pipeline.php(170): Illuminate\\Foundation\\Http\\Kernel->{closure:Illuminate\\Foundation\\Http\\Kernel::dispatchToRouter():198}(Object(Illuminate\\Http\\Request))
#17 /Users/lkmdigital/monbeaupays.com/backend/vendor/laravel/framework/src/Illuminate/Foundation/Http/Middleware/TransformsRequest.php(21): Illuminate\\Pipeline\\Pipeline->{closure:Illuminate\\Pipeline\\Pipeline::prepareDestination():168}(Object(Illuminate\\Http\\Request))
#18 /Users/lkmdigital/monbeaupays.com/backend/vendor/laravel/framework/src/Illuminate/Foundation/Http/Middleware/ConvertEmptyStringsToNull.php(31): Illuminate\\Foundation\\Http\\Middleware\\TransformsRequest->handle(Object(Illuminate\\Http\\Request), Object(Closure))
#19 /Users/lkmdigital/monbeaupays.com/backend/vendor/laravel/framework/src/Illuminate/Pipeline/Pipeline.php(209): Illuminate\\Foundation\\Http\\Middleware\\ConvertEmptyStringsToNull->handle(Object(Illuminate\\Http\\Request), Object(Closure))
#20 /Users/lkmdigital/monbeaupays.com/backend/vendor/laravel/framework/src/Illuminate/Foundation/Http/Middleware/TransformsRequest.php(21): Illuminate\\Pipeline\\Pipeline->{closure:{closure:Illuminate\\Pipeline\\Pipeline::carry():184}:185}(Object(Illuminate\\Http\\Request))
#21 /Users/lkmdigital/monbeaupays.com/backend/vendor/laravel/framework/src/Illuminate/Foundation/Http/Middleware/TrimStrings.php(51): Illuminate\\Foundation\\Http\\Middleware\\TransformsRequest->handle(Object(Illuminate\\Http\\Request), Object(Closure))
#22 /Users/lkmdigital/monbeaupays.com/backend/vendor/laravel/framework/src/Illuminate/Pipeline/Pipeline.php(209): Illuminate\\Foundation\\Http\\Middleware\\TrimStrings->handle(Object(Illuminate\\Http\\Request), Object(Closure))
#23 /Users/lkmdigital/monbeaupays.com/backend/vendor/laravel/framework/src/Illuminate/Http/Middleware/ValidatePostSize.php(27): Illuminate\\Pipeline\\Pipeline->{closure:{closure:Illuminate\\Pipeline\\Pipeline::carry():184}:185}(Object(Illuminate\\Http\\Request))
#24 /Users/lkmdigital/monbeaupays.com/backend/vendor/laravel/framework/src/Illuminate/Pipeline/Pipeline.php(209): Illuminate\\Http\\Middleware\\ValidatePostSize->handle(Object(Illuminate\\Http\\Request), Object(Closure))
#25 /Users/lkmdigital/monbeaupays.com/backend/vendor/laravel/framework/src/Illuminate/Foundation/Http/Middleware/PreventRequestsDuringMaintenance.php(110): Illuminate\\Pipeline\\Pipeline->{closure:{closure:Illuminate\\Pipeline\\Pipeline::carry():184}:185}(Object(Illuminate\\Http\\Request))
#26 /Users/lkmdigital/monbeaupays.com/backend/vendor/laravel/framework/src/Illuminate/Pipeline/Pipeline.php(209): Illuminate\\Foundation\\Http\\Middleware\\PreventRequestsDuringMaintenance->handle(Object(Illuminate\\Http\\Request), Object(Closure))
#27 /Users/lkmdigital/monbeaupays.com/backend/vendor/laravel/framework/src/Illuminate/Http/Middleware/HandleCors.php(62): Illuminate\\Pipeline\\Pipeline->{closure:{closure:Illuminate\\Pipeline\\Pipeline::carry():184}:185}(Object(Illuminate\\Http\\Request))
#28 /Users/lkmdigital/monbeaupays.com/backend/vendor/laravel/framework/src/Illuminate/Pipeline/Pipeline.php(209): Illuminate\\Http\\Middleware\\HandleCors->handle(Object(Illuminate\\Http\\Request), Object(Closure))
#29 /Users/lkmdigital/monbeaupays.com/backend/vendor/laravel/framework/src/Illuminate/Http/Middleware/TrustProxies.php(58): Illuminate\\Pipeline\\Pipeline->{closure:{closure:Illuminate\\Pipeline\\Pipeline::carry():184}:185}(Object(Illuminate\\Http\\Request))
#30 /Users/lkmdigital/monbeaupays.com/backend/vendor/laravel/framework/src/Illuminate/Pipeline/Pipeline.php(209): Illuminate\\Http\\Middleware\\TrustProxies->handle(Object(Illuminate\\Http\\Request), Object(Closure))
#31 /Users/lkmdigital/monbeaupays.com/backend/vendor/laravel/framework/src/Illuminate/Foundation/Http/Middleware/InvokeDeferredCallbacks.php(22): Illuminate\\Pipeline\\Pipeline->{closure:{closure:Illuminate\\Pipeline\\Pipeline::carry():184}:185}(Object(Illuminate\\Http\\Request))
#32 /Users/lkmdigital/monbeaupays.com/backend/vendor/laravel/framework/src/Illuminate/Pipeline/Pipeline.php(209): Illuminate\\Foundation\\Http\\Middleware\\InvokeDeferredCallbacks->handle(Object(Illuminate\\Http\\Request), Object(Closure))
#33 /Users/lkmdigital/monbeaupays.com/backend/vendor/laravel/framework/src/Illuminate/Pipeline/Pipeline.php(127): Illuminate\\Pipeline\\Pipeline->{closure:{closure:Illuminate\\Pipeline\\Pipeline::carry():184}:185}(Object(Illuminate\\Http\\Request))
#34 /Users/lkmdigital/monbeaupays.com/backend/vendor/laravel/framework/src/Illuminate/Foundation/Http/Kernel.php(176): Illuminate\\Pipeline\\Pipeline->then(Object(Closure))
#35 /Users/lkmdigital/monbeaupays.com/backend/vendor/laravel/framework/src/Illuminate/Foundation/Http/Kernel.php(145): Illuminate\\Foundation\\Http\\Kernel->sendRequestThroughRouter(Object(Illuminate\\Http\\Request))
#36 /Users/lkmdigital/monbeaupays.com/backend/public/index.php(17): Illuminate\\Foundation\\Http\\Kernel->handle(Object(Illuminate\\Http\\Request))
#37 /Users/lkmdigital/monbeaupays.com/backend/vendor/laravel/framework/src/Illuminate/Foundation/resources/server.php(23): require_once('/Users/lkmdigit...')
#38 {main}"} 
[2025-11-12 13:42:48] local.INFO: Payment initiation started {"booking_id":"7","user_id":4} 
[2025-11-12 13:42:48] local.INFO: Booking found {"booking_id":7,"booking_user_id":4,"request_user_id":4} 
[2025-11-12 13:42:48] local.INFO: Creating or retrieving payment {"booking_id":7,"user_id":4,"payment_method":"wave-ci","amount":"600000.00"} 
[2025-11-12 13:42:48] local.INFO: Payment created/retrieved {"payment_id":3,"payment_reference":"G7QKE55KAWQIJLP","status":"pending"} 
[2025-11-12 13:42:48] local.INFO: Creating payment link via malia-pay API {"payment_id":3,"payment_method":"wave-ci","amount":"600000.00"} 
[2025-11-12 13:42:48] local.INFO: createPaymentLink called {"payment_id":3,"booking_id":7,"user_id":4,"payment_method":"wave-ci"} 
[2025-11-12 13:42:48] local.INFO: Channel mapped {"payment_method":"wave-ci","channel":"WAVECI"} 
[2025-11-12 13:42:48] local.INFO: Customer name parsed {"full_name":"Pierre Yapi","customer_name":"Pierre","customer_surname":"Yapi"} 
[2025-11-12 13:42:48] local.INFO: Payment data prepared {"data":{"montant":600000,"reference":"G7QKE55KAWQIJLP","description":"Paiement de réservation #7 - Maison d'Hôtes San-Pédro","channel":"WAVECI","merchant_id":"MI_AOXBNNUD2J","aggregated_merchant_id":"am-1j54gkvb820we","customer_name":"Pierre","customer_surname":"Yapi","customer_phone_number":"2250123456789","customer_email":"user1@monbeaupays.com","notification_url":"http://localhost:8000/api/payments/webhook","return_url":"http://localhost:8000/bookings/7?payment=success","error_url":"http://localhost:8000/bookings/7/payment?error=1","success_url":"http://localhost:8000/bookings/7?payment=success"},"merchant_id":"MI_AOXBNNUD2J","aggregated_merchant_id":"am-1j54gkvb820we","phone_formatted":"2250123456789","original_phone":"+225 01 23 45 67 89"} 
[2025-11-12 13:42:48] local.INFO: JSON encoding check {"montant_in_data":600000,"montant_type":"integer","montant_in_json":600000,"montant_type_in_json":"integer"} 
[2025-11-12 13:42:48] local.INFO: Sending request to malia-pay {"url":"https://malia-pay.com/api/v1/OnlinePaymentService/add_payer","json_data":"{\"montant\":600000,\"reference\":\"G7QKE55KAWQIJLP\",\"description\":\"Paiement de r\\u00e9servation #7 - Maison d'H\\u00f4tes San-P\\u00e9dro\",\"channel\":\"WAVECI\",\"merchant_id\":\"MI_AOXBNNUD2J\",\"aggregated_merchant_id\":\"am-1j54gkvb820we\",\"customer_name\":\"Pierre\",\"customer_surname\":\"Yapi\",\"customer_phone_number\":2250123456789,\"customer_email\":\"user1@monbeaupays.com\",\"notification_url\":\"http:\\/\\/localhost:8000\\/api\\/payments\\/webhook\",\"return_url\":\"http:\\/\\/localhost:8000\\/bookings\\/7?payment=success\",\"error_url\":\"http:\\/\\/localhost:8000\\/bookings\\/7\\/payment?error=1\",\"success_url\":\"http:\\/\\/localhost:8000\\/bookings\\/7?payment=success\"}"} 
[2025-11-12 13:42:49] local.INFO: Malia-pay API response {"http_code":201,"response":"{\"message\":\"Created\",\"status\":\"success\",\"link\":null}","response_length":52,"curl_error":""} 
[2025-11-12 13:42:49] local.INFO: Malia-pay API response decoded {"decoded_response":{"message":"Created","status":"success","link":null},"has_link":false,"link_value":"NOT_SET","status":"success","message":"Created"} 
[2025-11-12 13:42:49] local.ERROR: Link not found in response - Detailed analysis {"raw_response":"{\"message\":\"Created\",\"status\":\"success\",\"link\":null}","response_length":52,"http_code":201,"decoded_object":{"stdClass":{"message":"Created","status":"success","link":null}},"decoded_array":{"message":"Created","status":"success","link":null},"all_response_keys":["message","status","link"],"link_field_exists":false,"link_value":"NULL","link_type":"NOT_SET","status_value":"success","message_value":"Created"} 
[2025-11-12 13:42:49] local.WARNING: Link is null but status is success, trying to construct link {"reference":"G7QKE55KAWQIJLP","possible_links":["https://malia-pay.com/pay/G7QKE55KAWQIJLP","https://malia-pay.com/payment/G7QKE55KAWQIJLP","https://malia-pay.com/checkout/G7QKE55KAWQIJLP","https://pay.malia-pay.com/G7QKE55KAWQIJLP"],"api_response":"{\"message\":\"Created\",\"status\":\"success\",\"link\":null}"} 
[2025-11-12 13:42:49] local.ERROR: Error creating payment link {"payment_id":3,"error":"La transaction a été créée avec succès (référence: G7QKE55KAWQIJLP), mais le lien de paiement n'est pas disponible dans la réponse de l'API. Veuillez vérifier la documentation de l'API Malia-Pay pour connaître le format du lien de paiement ou contacter le support technique.","trace":"#0 /Users/lkmdigital/monbeaupays.com/backend/app/Http/Controllers/PaymentController.php(140): App\\Http\\Controllers\\PaymentController->createPaymentLink(Object(App\\Models\\Payment), Object(App\\Models\\Booking), Object(App\\Models\\User), 'wave-ci')
#1 /Users/lkmdigital/monbeaupays.com/backend/vendor/laravel/framework/src/Illuminate/Routing/ControllerDispatcher.php(47): App\\Http\\Controllers\\PaymentController->initiate(Object(Illuminate\\Http\\Request), '7')
#2 /Users/lkmdigital/monbeaupays.com/backend/vendor/laravel/framework/src/Illuminate/Routing/Route.php(266): Illuminate\\Routing\\ControllerDispatcher->dispatch(Object(Illuminate\\Routing\\Route), Object(App\\Http\\Controllers\\PaymentController), 'initiate')
#3 /Users/lkmdigital/monbeaupays.com/backend/vendor/laravel/framework/src/Illuminate/Routing/Route.php(212): Illuminate\\Routing\\Route->runController()
#4 /Users/lkmdigital/monbeaupays.com/backend/vendor/laravel/framework/src/Illuminate/Routing/Router.php(808): Illuminate\\Routing\\Route->run()
#5 /Users/lkmdigital/monbeaupays.com/backend/vendor/laravel/framework/src/Illuminate/Pipeline/Pipeline.php(170): Illuminate\\Routing\\Router->{closure:Illuminate\\Routing\\Router::runRouteWithinStack():807}(Object(Illuminate\\Http\\Request))
#6 /Users/lkmdigital/monbeaupays.com/backend/vendor/laravel/framework/src/Illuminate/Routing/Middleware/SubstituteBindings.php(51): Illuminate\\Pipeline\\Pipeline->{closure:Illuminate\\Pipeline\\Pipeline::prepareDestination():168}(Object(Illuminate\\Http\\Request))
#7 /Users/lkmdigital/monbeaupays.com/backend/vendor/laravel/framework/src/Illuminate/Pipeline/Pipeline.php(209): Illuminate\\Routing\\Middleware\\SubstituteBindings->handle(Object(Illuminate\\Http\\Request), Object(Closure))
#8 /Users/lkmdigital/monbeaupays.com/backend/vendor/laravel/framework/src/Illuminate/Auth/Middleware/Authenticate.php(64): Illuminate\\Pipeline\\Pipeline->{closure:{closure:Illuminate\\Pipeline\\Pipeline::carry():184}:185}(Object(Illuminate\\Http\\Request))
#9 /Users/lkmdigital/monbeaupays.com/backend/vendor/laravel/framework/src/Illuminate/Pipeline/Pipeline.php(209): Illuminate\\Auth\\Middleware\\Authenticate->handle(Object(Illuminate\\Http\\Request), Object(Closure), 'sanctum')
#10 /Users/lkmdigital/monbeaupays.com/backend/vendor/laravel/framework/src/Illuminate/Pipeline/Pipeline.php(127): Illuminate\\Pipeline\\Pipeline->{closure:{closure:Illuminate\\Pipeline\\Pipeline::carry():184}:185}(Object(Illuminate\\Http\\Request))
#11 /Users/lkmdigital/monbeaupays.com/backend/vendor/laravel/framework/src/Illuminate/Routing/Router.php(807): Illuminate\\Pipeline\\Pipeline->then(Object(Closure))
#12 /Users/lkmdigital/monbeaupays.com/backend/vendor/laravel/framework/src/Illuminate/Routing/Router.php(786): Illuminate\\Routing\\Router->runRouteWithinStack(Object(Illuminate\\Routing\\Route), Object(Illuminate\\Http\\Request))
#13 /Users/lkmdigital/monbeaupays.com/backend/vendor/laravel/framework/src/Illuminate/Routing/Router.php(750): Illuminate\\Routing\\Router->runRoute(Object(Illuminate\\Http\\Request), Object(Illuminate\\Routing\\Route))
#14 /Users/lkmdigital/monbeaupays.com/backend/vendor/laravel/framework/src/Illuminate/Routing/Router.php(739): Illuminate\\Routing\\Router->dispatchToRoute(Object(Illuminate\\Http\\Request))
#15 /Users/lkmdigital/monbeaupays.com/backend/vendor/laravel/framework/src/Illuminate/Foundation/Http/Kernel.php(201): Illuminate\\Routing\\Router->dispatch(Object(Illuminate\\Http\\Request))
#16 /Users/lkmdigital/monbeaupays.com/backend/vendor/laravel/framework/src/Illuminate/Pipeline/Pipeline.php(170): Illuminate\\Foundation\\Http\\Kernel->{closure:Illuminate\\Foundation\\Http\\Kernel::dispatchToRouter():198}(Object(Illuminate\\Http\\Request))
#17 /Users/lkmdigital/monbeaupays.com/backend/vendor/laravel/framework/src/Illuminate/Foundation/Http/Middleware/TransformsRequest.php(21): Illuminate\\Pipeline\\Pipeline->{closure:Illuminate\\Pipeline\\Pipeline::prepareDestination():168}(Object(Illuminate\\Http\\Request))
#18 /Users/lkmdigital/monbeaupays.com/backend/vendor/laravel/framework/src/Illuminate/Foundation/Http/Middleware/ConvertEmptyStringsToNull.php(31): Illuminate\\Foundation\\Http\\Middleware\\TransformsRequest->handle(Object(Illuminate\\Http\\Request), Object(Closure))
#19 /Users/lkmdigital/monbeaupays.com/backend/vendor/laravel/framework/src/Illuminate/Pipeline/Pipeline.php(209): Illuminate\\Foundation\\Http\\Middleware\\ConvertEmptyStringsToNull->handle(Object(Illuminate\\Http\\Request), Object(Closure))
#20 /Users/lkmdigital/monbeaupays.com/backend/vendor/laravel/framework/src/Illuminate/Foundation/Http/Middleware/TransformsRequest.php(21): Illuminate\\Pipeline\\Pipeline->{closure:{closure:Illuminate\\Pipeline\\Pipeline::carry():184}:185}(Object(Illuminate\\Http\\Request))
#21 /Users/lkmdigital/monbeaupays.com/backend/vendor/laravel/framework/src/Illuminate/Foundation/Http/Middleware/TrimStrings.php(51): Illuminate\\Foundation\\Http\\Middleware\\TransformsRequest->handle(Object(Illuminate\\Http\\Request), Object(Closure))
#22 /Users/lkmdigital/monbeaupays.com/backend/vendor/laravel/framework/src/Illuminate/Pipeline/Pipeline.php(209): Illuminate\\Foundation\\Http\\Middleware\\TrimStrings->handle(Object(Illuminate\\Http\\Request), Object(Closure))
#23 /Users/lkmdigital/monbeaupays.com/backend/vendor/laravel/framework/src/Illuminate/Http/Middleware/ValidatePostSize.php(27): Illuminate\\Pipeline\\Pipeline->{closure:{closure:Illuminate\\Pipeline\\Pipeline::carry():184}:185}(Object(Illuminate\\Http\\Request))
#24 /Users/lkmdigital/monbeaupays.com/backend/vendor/laravel/framework/src/Illuminate/Pipeline/Pipeline.php(209): Illuminate\\Http\\Middleware\\ValidatePostSize->handle(Object(Illuminate\\Http\\Request), Object(Closure))
#25 /Users/lkmdigital/monbeaupays.com/backend/vendor/laravel/framework/src/Illuminate/Foundation/Http/Middleware/PreventRequestsDuringMaintenance.php(110): Illuminate\\Pipeline\\Pipeline->{closure:{closure:Illuminate\\Pipeline\\Pipeline::carry():184}:185}(Object(Illuminate\\Http\\Request))
#26 /Users/lkmdigital/monbeaupays.com/backend/vendor/laravel/framework/src/Illuminate/Pipeline/Pipeline.php(209): Illuminate\\Foundation\\Http\\Middleware\\PreventRequestsDuringMaintenance->handle(Object(Illuminate\\Http\\Request), Object(Closure))
#27 /Users/lkmdigital/monbeaupays.com/backend/vendor/laravel/framework/src/Illuminate/Http/Middleware/HandleCors.php(62): Illuminate\\Pipeline\\Pipeline->{closure:{closure:Illuminate\\Pipeline\\Pipeline::carry():184}:185}(Object(Illuminate\\Http\\Request))
#28 /Users/lkmdigital/monbeaupays.com/backend/vendor/laravel/framework/src/Illuminate/Pipeline/Pipeline.php(209): Illuminate\\Http\\Middleware\\HandleCors->handle(Object(Illuminate\\Http\\Request), Object(Closure))
#29 /Users/lkmdigital/monbeaupays.com/backend/vendor/laravel/framework/src/Illuminate/Http/Middleware/TrustProxies.php(58): Illuminate\\Pipeline\\Pipeline->{closure:{closure:Illuminate\\Pipeline\\Pipeline::carry():184}:185}(Object(Illuminate\\Http\\Request))
#30 /Users/lkmdigital/monbeaupays.com/backend/vendor/laravel/framework/src/Illuminate/Pipeline/Pipeline.php(209): Illuminate\\Http\\Middleware\\TrustProxies->handle(Object(Illuminate\\Http\\Request), Object(Closure))
#31 /Users/lkmdigital/monbeaupays.com/backend/vendor/laravel/framework/src/Illuminate/Foundation/Http/Middleware/InvokeDeferredCallbacks.php(22): Illuminate\\Pipeline\\Pipeline->{closure:{closure:Illuminate\\Pipeline\\Pipeline::carry():184}:185}(Object(Illuminate\\Http\\Request))
#32 /Users/lkmdigital/monbeaupays.com/backend/vendor/laravel/framework/src/Illuminate/Pipeline/Pipeline.php(209): Illuminate\\Foundation\\Http\\Middleware\\InvokeDeferredCallbacks->handle(Object(Illuminate\\Http\\Request), Object(Closure))
#33 /Users/lkmdigital/monbeaupays.com/backend/vendor/laravel/framework/src/Illuminate/Pipeline/Pipeline.php(127): Illuminate\\Pipeline\\Pipeline->{closure:{closure:Illuminate\\Pipeline\\Pipeline::carry():184}:185}(Object(Illuminate\\Http\\Request))
#34 /Users/lkmdigital/monbeaupays.com/backend/vendor/laravel/framework/src/Illuminate/Foundation/Http/Kernel.php(176): Illuminate\\Pipeline\\Pipeline->then(Object(Closure))
#35 /Users/lkmdigital/monbeaupays.com/backend/vendor/laravel/framework/src/Illuminate/Foundation/Http/Kernel.php(145): Illuminate\\Foundation\\Http\\Kernel->sendRequestThroughRouter(Object(Illuminate\\Http\\Request))
#36 /Users/lkmdigital/monbeaupays.com/backend/public/index.php(17): Illuminate\\Foundation\\Http\\Kernel->handle(Object(Illuminate\\Http\\Request))
#37 /Users/lkmdigital/monbeaupays.com/backend/vendor/laravel/framework/src/Illuminate/Foundation/resources/server.php(23): require_once('/Users/lkmdigit...')
#38 {main}"} 
[2025-11-12 14:14:55] local.INFO: Payment initiation started {"booking_id":"7","user_id":4} 
[2025-11-12 14:14:55] local.INFO: Booking found {"booking_id":7,"booking_user_id":4,"request_user_id":4} 
[2025-11-12 14:14:55] local.INFO: Creating or retrieving payment {"booking_id":7,"user_id":4,"payment_method":"djamo","amount":"600000.00"} 
[2025-11-12 14:14:55] local.INFO: Payment created/retrieved {"payment_id":3,"payment_reference":"G7QKE55KAWQIJLP","status":"pending"} 
[2025-11-12 14:14:55] local.INFO: Creating payment link via malia-pay API {"payment_id":3,"payment_method":"djamo","amount":"600000.00"} 
[2025-11-12 14:14:55] local.INFO: createPaymentLink called {"payment_id":3,"booking_id":7,"user_id":4,"payment_method":"djamo"} 
[2025-11-12 14:14:55] local.INFO: Channel mapped {"payment_method":"djamo","channel":"DJAMO"} 
[2025-11-12 14:14:55] local.INFO: Customer name parsed {"full_name":"Pierre Yapi","customer_name":"Pierre","customer_surname":"Yapi"} 
[2025-11-12 14:14:55] local.INFO: Payment data prepared {"data":{"montant":600000,"reference":"G7QKE55KAWQIJLP","description":"Paiement de réservation #7 - Maison d'Hôtes San-Pédro","channel":"DJAMO","merchant_id":"MI_AOXBNNUD2J","aggregated_merchant_id":"am-1j54gkvb820we","customer_name":"Pierre","customer_surname":"Yapi","customer_phone_number":"2250123456789","customer_email":"user1@monbeaupays.com","notification_url":"http://localhost:8000/api/payments/webhook","return_url":"http://localhost:8000/bookings/7?payment=success","error_url":"http://localhost:8000/bookings/7/payment?error=1","success_url":"http://localhost:8000/bookings/7?payment=success"},"merchant_id":"MI_AOXBNNUD2J","aggregated_merchant_id":"am-1j54gkvb820we","phone_formatted":"2250123456789","original_phone":"+225 01 23 45 67 89"} 
[2025-11-12 14:14:55] local.INFO: JSON encoding check {"montant_in_data":600000,"montant_type":"integer","montant_in_json":600000,"montant_type_in_json":"integer"} 
[2025-11-12 14:14:55] local.INFO: Sending request to malia-pay {"url":"https://malia-pay.com/api/v1/OnlinePaymentService/add_payer","json_data":"{\"montant\":600000,\"reference\":\"G7QKE55KAWQIJLP\",\"description\":\"Paiement de r\\u00e9servation #7 - Maison d'H\\u00f4tes San-P\\u00e9dro\",\"channel\":\"DJAMO\",\"merchant_id\":\"MI_AOXBNNUD2J\",\"aggregated_merchant_id\":\"am-1j54gkvb820we\",\"customer_name\":\"Pierre\",\"customer_surname\":\"Yapi\",\"customer_phone_number\":2250123456789,\"customer_email\":\"user1@monbeaupays.com\",\"notification_url\":\"http:\\/\\/localhost:8000\\/api\\/payments\\/webhook\",\"return_url\":\"http:\\/\\/localhost:8000\\/bookings\\/7?payment=success\",\"error_url\":\"http:\\/\\/localhost:8000\\/bookings\\/7\\/payment?error=1\",\"success_url\":\"http:\\/\\/localhost:8000\\/bookings\\/7?payment=success\"}"} 
[2025-11-12 14:14:56] local.INFO: Malia-pay API response {"http_code":201,"response":"{\"message\":\"Created\",\"status\":\"success\",\"link\":null}","response_length":52,"curl_error":""} 
[2025-11-12 14:14:56] local.INFO: Malia-pay API response decoded {"decoded_response":{"message":"Created","status":"success","link":null},"has_link":false,"link_value":"NOT_SET","status":"success","message":"Created"} 
[2025-11-12 14:14:56] local.ERROR: Link not found in response - Detailed analysis {"raw_response":"{\"message\":\"Created\",\"status\":\"success\",\"link\":null}","response_length":52,"http_code":201,"decoded_object":{"stdClass":{"message":"Created","status":"success","link":null}},"decoded_array":{"message":"Created","status":"success","link":null},"all_response_keys":["message","status","link"],"link_field_exists":false,"link_value":"NULL","link_type":"NOT_SET","status_value":"success","message_value":"Created"} 
[2025-11-12 14:14:56] local.WARNING: Link is null but status is success, trying to construct link {"reference":"G7QKE55KAWQIJLP","possible_links":["https://malia-pay.com/pay/G7QKE55KAWQIJLP","https://malia-pay.com/payment/G7QKE55KAWQIJLP","https://malia-pay.com/checkout/G7QKE55KAWQIJLP","https://pay.malia-pay.com/G7QKE55KAWQIJLP"],"api_response":"{\"message\":\"Created\",\"status\":\"success\",\"link\":null}"} 
[2025-11-12 14:14:56] local.ERROR: Error creating payment link {"payment_id":3,"error":"Impossible d'obtenir le lien de paiement. Veuillez réessayer dans quelques instants.","trace":"#0 /Users/lkmdigital/monbeaupays.com/backend/app/Http/Controllers/PaymentController.php(140): App\\Http\\Controllers\\PaymentController->createPaymentLink(Object(App\\Models\\Payment), Object(App\\Models\\Booking), Object(App\\Models\\User), 'djamo')
#1 /Users/lkmdigital/monbeaupays.com/backend/vendor/laravel/framework/src/Illuminate/Routing/ControllerDispatcher.php(47): App\\Http\\Controllers\\PaymentController->initiate(Object(Illuminate\\Http\\Request), '7')
#2 /Users/lkmdigital/monbeaupays.com/backend/vendor/laravel/framework/src/Illuminate/Routing/Route.php(266): Illuminate\\Routing\\ControllerDispatcher->dispatch(Object(Illuminate\\Routing\\Route), Object(App\\Http\\Controllers\\PaymentController), 'initiate')
#3 /Users/lkmdigital/monbeaupays.com/backend/vendor/laravel/framework/src/Illuminate/Routing/Route.php(212): Illuminate\\Routing\\Route->runController()
#4 /Users/lkmdigital/monbeaupays.com/backend/vendor/laravel/framework/src/Illuminate/Routing/Router.php(808): Illuminate\\Routing\\Route->run()
#5 /Users/lkmdigital/monbeaupays.com/backend/vendor/laravel/framework/src/Illuminate/Pipeline/Pipeline.php(170): Illuminate\\Routing\\Router->{closure:Illuminate\\Routing\\Router::runRouteWithinStack():807}(Object(Illuminate\\Http\\Request))
#6 /Users/lkmdigital/monbeaupays.com/backend/vendor/laravel/framework/src/Illuminate/Routing/Middleware/SubstituteBindings.php(51): Illuminate\\Pipeline\\Pipeline->{closure:Illuminate\\Pipeline\\Pipeline::prepareDestination():168}(Object(Illuminate\\Http\\Request))
#7 /Users/lkmdigital/monbeaupays.com/backend/vendor/laravel/framework/src/Illuminate/Pipeline/Pipeline.php(209): Illuminate\\Routing\\Middleware\\SubstituteBindings->handle(Object(Illuminate\\Http\\Request), Object(Closure))
#8 /Users/lkmdigital/monbeaupays.com/backend/vendor/laravel/framework/src/Illuminate/Auth/Middleware/Authenticate.php(64): Illuminate\\Pipeline\\Pipeline->{closure:{closure:Illuminate\\Pipeline\\Pipeline::carry():184}:185}(Object(Illuminate\\Http\\Request))
#9 /Users/lkmdigital/monbeaupays.com/backend/vendor/laravel/framework/src/Illuminate/Pipeline/Pipeline.php(209): Illuminate\\Auth\\Middleware\\Authenticate->handle(Object(Illuminate\\Http\\Request), Object(Closure), 'sanctum')
#10 /Users/lkmdigital/monbeaupays.com/backend/vendor/laravel/framework/src/Illuminate/Pipeline/Pipeline.php(127): Illuminate\\Pipeline\\Pipeline->{closure:{closure:Illuminate\\Pipeline\\Pipeline::carry():184}:185}(Object(Illuminate\\Http\\Request))
#11 /Users/lkmdigital/monbeaupays.com/backend/vendor/laravel/framework/src/Illuminate/Routing/Router.php(807): Illuminate\\Pipeline\\Pipeline->then(Object(Closure))
#12 /Users/lkmdigital/monbeaupays.com/backend/vendor/laravel/framework/src/Illuminate/Routing/Router.php(786): Illuminate\\Routing\\Router->runRouteWithinStack(Object(Illuminate\\Routing\\Route), Object(Illuminate\\Http\\Request))
#13 /Users/lkmdigital/monbeaupays.com/backend/vendor/laravel/framework/src/Illuminate/Routing/Router.php(750): Illuminate\\Routing\\Router->runRoute(Object(Illuminate\\Http\\Request), Object(Illuminate\\Routing\\Route))
#14 /Users/lkmdigital/monbeaupays.com/backend/vendor/laravel/framework/src/Illuminate/Routing/Router.php(739): Illuminate\\Routing\\Router->dispatchToRoute(Object(Illuminate\\Http\\Request))
#15 /Users/lkmdigital/monbeaupays.com/backend/vendor/laravel/framework/src/Illuminate/Foundation/Http/Kernel.php(201): Illuminate\\Routing\\Router->dispatch(Object(Illuminate\\Http\\Request))
#16 /Users/lkmdigital/monbeaupays.com/backend/vendor/laravel/framework/src/Illuminate/Pipeline/Pipeline.php(170): Illuminate\\Foundation\\Http\\Kernel->{closure:Illuminate\\Foundation\\Http\\Kernel::dispatchToRouter():198}(Object(Illuminate\\Http\\Request))
#17 /Users/lkmdigital/monbeaupays.com/backend/vendor/laravel/framework/src/Illuminate/Foundation/Http/Middleware/TransformsRequest.php(21): Illuminate\\Pipeline\\Pipeline->{closure:Illuminate\\Pipeline\\Pipeline::prepareDestination():168}(Object(Illuminate\\Http\\Request))
#18 /Users/lkmdigital/monbeaupays.com/backend/vendor/laravel/framework/src/Illuminate/Foundation/Http/Middleware/ConvertEmptyStringsToNull.php(31): Illuminate\\Foundation\\Http\\Middleware\\TransformsRequest->handle(Object(Illuminate\\Http\\Request), Object(Closure))
#19 /Users/lkmdigital/monbeaupays.com/backend/vendor/laravel/framework/src/Illuminate/Pipeline/Pipeline.php(209): Illuminate\\Foundation\\Http\\Middleware\\ConvertEmptyStringsToNull->handle(Object(Illuminate\\Http\\Request), Object(Closure))
#20 /Users/lkmdigital/monbeaupays.com/backend/vendor/laravel/framework/src/Illuminate/Foundation/Http/Middleware/TransformsRequest.php(21): Illuminate\\Pipeline\\Pipeline->{closure:{closure:Illuminate\\Pipeline\\Pipeline::carry():184}:185}(Object(Illuminate\\Http\\Request))
#21 /Users/lkmdigital/monbeaupays.com/backend/vendor/laravel/framework/src/Illuminate/Foundation/Http/Middleware/TrimStrings.php(51): Illuminate\\Foundation\\Http\\Middleware\\TransformsRequest->handle(Object(Illuminate\\Http\\Request), Object(Closure))
#22 /Users/lkmdigital/monbeaupays.com/backend/vendor/laravel/framework/src/Illuminate/Pipeline/Pipeline.php(209): Illuminate\\Foundation\\Http\\Middleware\\TrimStrings->handle(Object(Illuminate\\Http\\Request), Object(Closure))
#23 /Users/lkmdigital/monbeaupays.com/backend/vendor/laravel/framework/src/Illuminate/Http/Middleware/ValidatePostSize.php(27): Illuminate\\Pipeline\\Pipeline->{closure:{closure:Illuminate\\Pipeline\\Pipeline::carry():184}:185}(Object(Illuminate\\Http\\Request))
#24 /Users/lkmdigital/monbeaupays.com/backend/vendor/laravel/framework/src/Illuminate/Pipeline/Pipeline.php(209): Illuminate\\Http\\Middleware\\ValidatePostSize->handle(Object(Illuminate\\Http\\Request), Object(Closure))
#25 /Users/lkmdigital/monbeaupays.com/backend/vendor/laravel/framework/src/Illuminate/Foundation/Http/Middleware/PreventRequestsDuringMaintenance.php(110): Illuminate\\Pipeline\\Pipeline->{closure:{closure:Illuminate\\Pipeline\\Pipeline::carry():184}:185}(Object(Illuminate\\Http\\Request))
#26 /Users/lkmdigital/monbeaupays.com/backend/vendor/laravel/framework/src/Illuminate/Pipeline/Pipeline.php(209): Illuminate\\Foundation\\Http\\Middleware\\PreventRequestsDuringMaintenance->handle(Object(Illuminate\\Http\\Request), Object(Closure))
#27 /Users/lkmdigital/monbeaupays.com/backend/vendor/laravel/framework/src/Illuminate/Http/Middleware/HandleCors.php(62): Illuminate\\Pipeline\\Pipeline->{closure:{closure:Illuminate\\Pipeline\\Pipeline::carry():184}:185}(Object(Illuminate\\Http\\Request))
#28 /Users/lkmdigital/monbeaupays.com/backend/vendor/laravel/framework/src/Illuminate/Pipeline/Pipeline.php(209): Illuminate\\Http\\Middleware\\HandleCors->handle(Object(Illuminate\\Http\\Request), Object(Closure))
#29 /Users/lkmdigital/monbeaupays.com/backend/vendor/laravel/framework/src/Illuminate/Http/Middleware/TrustProxies.php(58): Illuminate\\Pipeline\\Pipeline->{closure:{closure:Illuminate\\Pipeline\\Pipeline::carry():184}:185}(Object(Illuminate\\Http\\Request))
#30 /Users/lkmdigital/monbeaupays.com/backend/vendor/laravel/framework/src/Illuminate/Pipeline/Pipeline.php(209): Illuminate\\Http\\Middleware\\TrustProxies->handle(Object(Illuminate\\Http\\Request), Object(Closure))
#31 /Users/lkmdigital/monbeaupays.com/backend/vendor/laravel/framework/src/Illuminate/Foundation/Http/Middleware/InvokeDeferredCallbacks.php(22): Illuminate\\Pipeline\\Pipeline->{closure:{closure:Illuminate\\Pipeline\\Pipeline::carry():184}:185}(Object(Illuminate\\Http\\Request))
#32 /Users/lkmdigital/monbeaupays.com/backend/vendor/laravel/framework/src/Illuminate/Pipeline/Pipeline.php(209): Illuminate\\Foundation\\Http\\Middleware\\InvokeDeferredCallbacks->handle(Object(Illuminate\\Http\\Request), Object(Closure))
#33 /Users/lkmdigital/monbeaupays.com/backend/vendor/laravel/framework/src/Illuminate/Pipeline/Pipeline.php(127): Illuminate\\Pipeline\\Pipeline->{closure:{closure:Illuminate\\Pipeline\\Pipeline::carry():184}:185}(Object(Illuminate\\Http\\Request))
#34 /Users/lkmdigital/monbeaupays.com/backend/vendor/laravel/framework/src/Illuminate/Foundation/Http/Kernel.php(176): Illuminate\\Pipeline\\Pipeline->then(Object(Closure))
#35 /Users/lkmdigital/monbeaupays.com/backend/vendor/laravel/framework/src/Illuminate/Foundation/Http/Kernel.php(145): Illuminate\\Foundation\\Http\\Kernel->sendRequestThroughRouter(Object(Illuminate\\Http\\Request))
#36 /Users/lkmdigital/monbeaupays.com/backend/public/index.php(17): Illuminate\\Foundation\\Http\\Kernel->handle(Object(Illuminate\\Http\\Request))
#37 /Users/lkmdigital/monbeaupays.com/backend/vendor/laravel/framework/src/Illuminate/Foundation/resources/server.php(23): require_once('/Users/lkmdigit...')
#38 {main}"} 
[2025-11-12 14:16:15] local.INFO: Payment initiation started {"booking_id":"7","user_id":4} 
[2025-11-12 14:16:15] local.INFO: Booking found {"booking_id":7,"booking_user_id":4,"request_user_id":4} 
[2025-11-12 14:16:15] local.INFO: Creating or retrieving payment {"booking_id":7,"user_id":4,"payment_method":"visa-mastercard","amount":"600000.00"} 
[2025-11-12 14:16:15] local.INFO: Payment created/retrieved {"payment_id":3,"payment_reference":"G7QKE55KAWQIJLP","status":"pending"} 
[2025-11-12 14:16:15] local.INFO: Creating payment link via malia-pay API {"payment_id":3,"payment_method":"visa-mastercard","amount":"600000.00"} 
[2025-11-12 14:16:15] local.INFO: createPaymentLink called {"payment_id":3,"booking_id":7,"user_id":4,"payment_method":"visa-mastercard"} 
[2025-11-12 14:16:15] local.INFO: Channel mapped {"payment_method":"visa-mastercard","channel":"CARD"} 
[2025-11-12 14:16:15] local.INFO: Customer name parsed {"full_name":"Pierre Yapi","customer_name":"Pierre","customer_surname":"Yapi"} 
[2025-11-12 14:16:15] local.INFO: Payment data prepared {"data":{"montant":600000,"reference":"G7QKE55KAWQIJLP","description":"Paiement de réservation #7 - Maison d'Hôtes San-Pédro","channel":"CARD","merchant_id":"MI_AOXBNNUD2J","aggregated_merchant_id":"am-1j54gkvb820we","customer_name":"Pierre","customer_surname":"Yapi","customer_phone_number":"2250123456789","customer_email":"user1@monbeaupays.com","notification_url":"http://localhost:8000/api/payments/webhook","return_url":"http://localhost:8000/bookings/7?payment=success","error_url":"http://localhost:8000/bookings/7/payment?error=1","success_url":"http://localhost:8000/bookings/7?payment=success"},"merchant_id":"MI_AOXBNNUD2J","aggregated_merchant_id":"am-1j54gkvb820we","phone_formatted":"2250123456789","original_phone":"+225 01 23 45 67 89"} 
[2025-11-12 14:16:15] local.INFO: JSON encoding check {"montant_in_data":600000,"montant_type":"integer","montant_in_json":600000,"montant_type_in_json":"integer"} 
[2025-11-12 14:16:15] local.INFO: Sending request to malia-pay {"url":"https://malia-pay.com/api/v1/OnlinePaymentService/add_payer","json_data":"{\"montant\":600000,\"reference\":\"G7QKE55KAWQIJLP\",\"description\":\"Paiement de r\\u00e9servation #7 - Maison d'H\\u00f4tes San-P\\u00e9dro\",\"channel\":\"CARD\",\"merchant_id\":\"MI_AOXBNNUD2J\",\"aggregated_merchant_id\":\"am-1j54gkvb820we\",\"customer_name\":\"Pierre\",\"customer_surname\":\"Yapi\",\"customer_phone_number\":2250123456789,\"customer_email\":\"user1@monbeaupays.com\",\"notification_url\":\"http:\\/\\/localhost:8000\\/api\\/payments\\/webhook\",\"return_url\":\"http:\\/\\/localhost:8000\\/bookings\\/7?payment=success\",\"error_url\":\"http:\\/\\/localhost:8000\\/bookings\\/7\\/payment?error=1\",\"success_url\":\"http:\\/\\/localhost:8000\\/bookings\\/7?payment=success\"}"} 
[2025-11-12 14:16:16] local.INFO: Malia-pay API response {"http_code":201,"response":"{\"message\":\"Created\",\"status\":\"success\",\"link\":\"https://malia-pay.com/api/v1/OnlinePaymentService/payment.php?uuid=93c7a614-a72a-4179-bd0a-a4bca8339ae9\"}","response_length":153,"curl_error":""} 
[2025-11-12 14:16:16] local.INFO: Malia-pay API response decoded {"decoded_response":{"message":"Created","status":"success","link":"https://malia-pay.com/api/v1/OnlinePaymentService/payment.php?uuid=93c7a614-a72a-4179-bd0a-a4bca8339ae9"},"has_link":true,"link_value":"https://malia-pay.com/api/v1/OnlinePaymentService/payment.php?uuid=93c7a614-a72a-4179-bd0a-a4bca8339ae9","status":"success","message":"Created"} 
[2025-11-12 14:16:16] local.INFO: Payment link created successfully {"link":"https://malia-pay.com/api/v1/OnlinePaymentService/payment.php?uuid=93c7a614-a72a-4179-bd0a-a4bca8339ae9","http_code":201} 
[2025-11-12 14:16:16] local.INFO: Payment link created successfully {"payment_id":3,"payment_link":"https://malia-pay.com/api/v1/OnlinePaymentService/payment.php?uuid=93c7a614-a72a-4179-bd0a-a4bca8339ae9"} 
[2025-11-13 11:31:41] local.INFO: Payment initiation started {"booking_id":"8","user_id":4} 
[2025-11-13 11:31:41] local.INFO: Booking found {"booking_id":8,"booking_user_id":4,"request_user_id":4} 
[2025-11-13 11:31:41] local.INFO: Creating or retrieving payment {"booking_id":8,"user_id":4,"payment_method":"orange-ci","amount":"1840000.00"} 
[2025-11-13 11:31:41] local.INFO: Payment created/retrieved {"payment_id":4,"payment_reference":"6GKW2WFHU23X4GQ","status":"pending"} 
[2025-11-13 11:31:41] local.INFO: Creating payment link via malia-pay API {"payment_id":4,"payment_method":"orange-ci","amount":"1840000.00"} 
[2025-11-13 11:31:41] local.INFO: createPaymentLink called {"payment_id":4,"booking_id":8,"user_id":4,"payment_method":"orange-ci"} 
[2025-11-13 11:31:41] local.INFO: Channel mapped {"payment_method":"orange-ci","channel":"OMCI"} 
[2025-11-13 11:31:41] local.INFO: Customer name parsed {"full_name":"Pierre Yapi","customer_name":"Pierre","customer_surname":"Yapi"} 
[2025-11-13 11:31:41] local.INFO: Payment data prepared {"data":{"montant":1840000,"reference":"6GKW2WFHU23X4GQ","description":"Paiement de réservation #8 - Maison d'Hôtes San-Pédro","channel":"OMCI","merchant_id":"MI_AOXBNNUD2J","aggregated_merchant_id":"am-1j54gkvb820we","customer_name":"Pierre","customer_surname":"Yapi","customer_phone_number":"2250123456789","customer_email":"user1@monbeaupays.com","notification_url":"http://localhost:8000/api/payments/webhook","return_url":"http://localhost:8000/bookings/8?payment=success","error_url":"http://localhost:8000/bookings/8/payment?error=1","success_url":"http://localhost:8000/bookings/8?payment=success"},"merchant_id":"MI_AOXBNNUD2J","aggregated_merchant_id":"am-1j54gkvb820we","phone_formatted":"2250123456789","original_phone":"+225 01 23 45 67 89"} 
[2025-11-13 11:31:41] local.INFO: JSON encoding check {"montant_in_data":1840000,"montant_type":"integer","montant_in_json":1840000,"montant_type_in_json":"integer"} 
[2025-11-13 11:31:41] local.INFO: Sending request to malia-pay {"url":"https://malia-pay.com/api/v1/OnlinePaymentService/add_payer","json_data":"{\"montant\":1840000,\"reference\":\"6GKW2WFHU23X4GQ\",\"description\":\"Paiement de r\\u00e9servation #8 - Maison d'H\\u00f4tes San-P\\u00e9dro\",\"channel\":\"OMCI\",\"merchant_id\":\"MI_AOXBNNUD2J\",\"aggregated_merchant_id\":\"am-1j54gkvb820we\",\"customer_name\":\"Pierre\",\"customer_surname\":\"Yapi\",\"customer_phone_number\":2250123456789,\"customer_email\":\"user1@monbeaupays.com\",\"notification_url\":\"http:\\/\\/localhost:8000\\/api\\/payments\\/webhook\",\"return_url\":\"http:\\/\\/localhost:8000\\/bookings\\/8?payment=success\",\"error_url\":\"http:\\/\\/localhost:8000\\/bookings\\/8\\/payment?error=1\",\"success_url\":\"http:\\/\\/localhost:8000\\/bookings\\/8?payment=success\"}"} 
[2025-11-13 11:31:43] local.INFO: Malia-pay API response {"http_code":201,"response":"{\"message\":\"Created\",\"status\":\"success\",\"link\":null,\"pay_token\":null}","response_length":69,"curl_error":""} 
[2025-11-13 11:31:43] local.INFO: Malia-pay API response decoded {"decoded_response":{"message":"Created","status":"success","link":null,"pay_token":null},"has_link":false,"link_value":"NOT_SET","status":"success","message":"Created"} 
[2025-11-13 11:31:43] local.ERROR: Link not found in response - Detailed analysis {"raw_response":"{\"message\":\"Created\",\"status\":\"success\",\"link\":null,\"pay_token\":null}","response_length":69,"http_code":201,"decoded_object":{"stdClass":{"message":"Created","status":"success","link":null,"pay_token":null}},"decoded_array":{"message":"Created","status":"success","link":null,"pay_token":null},"all_response_keys":["message","status","link","pay_token"],"link_field_exists":false,"link_value":"NULL","link_type":"NOT_SET","status_value":"success","message_value":"Created"} 
[2025-11-13 11:31:43] local.WARNING: Link is null but status is success, trying to construct link {"reference":"6GKW2WFHU23X4GQ","possible_links":["https://malia-pay.com/pay/6GKW2WFHU23X4GQ","https://malia-pay.com/payment/6GKW2WFHU23X4GQ","https://malia-pay.com/checkout/6GKW2WFHU23X4GQ","https://pay.malia-pay.com/6GKW2WFHU23X4GQ"],"api_response":"{\"message\":\"Created\",\"status\":\"success\",\"link\":null,\"pay_token\":null}"} 
[2025-11-13 11:31:43] local.ERROR: Error creating payment link {"payment_id":4,"error":"Impossible d'obtenir le lien de paiement. Veuillez réessayer dans quelques instants.","trace":"#0 /Users/lkmdigital/monbeaupays.com/backend/app/Http/Controllers/PaymentController.php(140): App\\Http\\Controllers\\PaymentController->createPaymentLink(Object(App\\Models\\Payment), Object(App\\Models\\Booking), Object(App\\Models\\User), 'orange-ci')
#1 /Users/lkmdigital/monbeaupays.com/backend/vendor/laravel/framework/src/Illuminate/Routing/ControllerDispatcher.php(47): App\\Http\\Controllers\\PaymentController->initiate(Object(Illuminate\\Http\\Request), '8')
#2 /Users/lkmdigital/monbeaupays.com/backend/vendor/laravel/framework/src/Illuminate/Routing/Route.php(266): Illuminate\\Routing\\ControllerDispatcher->dispatch(Object(Illuminate\\Routing\\Route), Object(App\\Http\\Controllers\\PaymentController), 'initiate')
#3 /Users/lkmdigital/monbeaupays.com/backend/vendor/laravel/framework/src/Illuminate/Routing/Route.php(212): Illuminate\\Routing\\Route->runController()
#4 /Users/lkmdigital/monbeaupays.com/backend/vendor/laravel/framework/src/Illuminate/Routing/Router.php(808): Illuminate\\Routing\\Route->run()
#5 /Users/lkmdigital/monbeaupays.com/backend/vendor/laravel/framework/src/Illuminate/Pipeline/Pipeline.php(170): Illuminate\\Routing\\Router->{closure:Illuminate\\Routing\\Router::runRouteWithinStack():807}(Object(Illuminate\\Http\\Request))
#6 /Users/lkmdigital/monbeaupays.com/backend/vendor/laravel/framework/src/Illuminate/Routing/Middleware/SubstituteBindings.php(51): Illuminate\\Pipeline\\Pipeline->{closure:Illuminate\\Pipeline\\Pipeline::prepareDestination():168}(Object(Illuminate\\Http\\Request))
#7 /Users/lkmdigital/monbeaupays.com/backend/vendor/laravel/framework/src/Illuminate/Pipeline/Pipeline.php(209): Illuminate\\Routing\\Middleware\\SubstituteBindings->handle(Object(Illuminate\\Http\\Request), Object(Closure))
#8 /Users/lkmdigital/monbeaupays.com/backend/vendor/laravel/framework/src/Illuminate/Auth/Middleware/Authenticate.php(64): Illuminate\\Pipeline\\Pipeline->{closure:{closure:Illuminate\\Pipeline\\Pipeline::carry():184}:185}(Object(Illuminate\\Http\\Request))
#9 /Users/lkmdigital/monbeaupays.com/backend/vendor/laravel/framework/src/Illuminate/Pipeline/Pipeline.php(209): Illuminate\\Auth\\Middleware\\Authenticate->handle(Object(Illuminate\\Http\\Request), Object(Closure), 'sanctum')
#10 /Users/lkmdigital/monbeaupays.com/backend/vendor/laravel/framework/src/Illuminate/Pipeline/Pipeline.php(127): Illuminate\\Pipeline\\Pipeline->{closure:{closure:Illuminate\\Pipeline\\Pipeline::carry():184}:185}(Object(Illuminate\\Http\\Request))
#11 /Users/lkmdigital/monbeaupays.com/backend/vendor/laravel/framework/src/Illuminate/Routing/Router.php(807): Illuminate\\Pipeline\\Pipeline->then(Object(Closure))
#12 /Users/lkmdigital/monbeaupays.com/backend/vendor/laravel/framework/src/Illuminate/Routing/Router.php(786): Illuminate\\Routing\\Router->runRouteWithinStack(Object(Illuminate\\Routing\\Route), Object(Illuminate\\Http\\Request))
#13 /Users/lkmdigital/monbeaupays.com/backend/vendor/laravel/framework/src/Illuminate/Routing/Router.php(750): Illuminate\\Routing\\Router->runRoute(Object(Illuminate\\Http\\Request), Object(Illuminate\\Routing\\Route))
#14 /Users/lkmdigital/monbeaupays.com/backend/vendor/laravel/framework/src/Illuminate/Routing/Router.php(739): Illuminate\\Routing\\Router->dispatchToRoute(Object(Illuminate\\Http\\Request))
#15 /Users/lkmdigital/monbeaupays.com/backend/vendor/laravel/framework/src/Illuminate/Foundation/Http/Kernel.php(201): Illuminate\\Routing\\Router->dispatch(Object(Illuminate\\Http\\Request))
#16 /Users/lkmdigital/monbeaupays.com/backend/vendor/laravel/framework/src/Illuminate/Pipeline/Pipeline.php(170): Illuminate\\Foundation\\Http\\Kernel->{closure:Illuminate\\Foundation\\Http\\Kernel::dispatchToRouter():198}(Object(Illuminate\\Http\\Request))
#17 /Users/lkmdigital/monbeaupays.com/backend/vendor/laravel/framework/src/Illuminate/Foundation/Http/Middleware/TransformsRequest.php(21): Illuminate\\Pipeline\\Pipeline->{closure:Illuminate\\Pipeline\\Pipeline::prepareDestination():168}(Object(Illuminate\\Http\\Request))
#18 /Users/lkmdigital/monbeaupays.com/backend/vendor/laravel/framework/src/Illuminate/Foundation/Http/Middleware/ConvertEmptyStringsToNull.php(31): Illuminate\\Foundation\\Http\\Middleware\\TransformsRequest->handle(Object(Illuminate\\Http\\Request), Object(Closure))
#19 /Users/lkmdigital/monbeaupays.com/backend/vendor/laravel/framework/src/Illuminate/Pipeline/Pipeline.php(209): Illuminate\\Foundation\\Http\\Middleware\\ConvertEmptyStringsToNull->handle(Object(Illuminate\\Http\\Request), Object(Closure))
#20 /Users/lkmdigital/monbeaupays.com/backend/vendor/laravel/framework/src/Illuminate/Foundation/Http/Middleware/TransformsRequest.php(21): Illuminate\\Pipeline\\Pipeline->{closure:{closure:Illuminate\\Pipeline\\Pipeline::carry():184}:185}(Object(Illuminate\\Http\\Request))
#21 /Users/lkmdigital/monbeaupays.com/backend/vendor/laravel/framework/src/Illuminate/Foundation/Http/Middleware/TrimStrings.php(51): Illuminate\\Foundation\\Http\\Middleware\\TransformsRequest->handle(Object(Illuminate\\Http\\Request), Object(Closure))
#22 /Users/lkmdigital/monbeaupays.com/backend/vendor/laravel/framework/src/Illuminate/Pipeline/Pipeline.php(209): Illuminate\\Foundation\\Http\\Middleware\\TrimStrings->handle(Object(Illuminate\\Http\\Request), Object(Closure))
#23 /Users/lkmdigital/monbeaupays.com/backend/vendor/laravel/framework/src/Illuminate/Http/Middleware/ValidatePostSize.php(27): Illuminate\\Pipeline\\Pipeline->{closure:{closure:Illuminate\\Pipeline\\Pipeline::carry():184}:185}(Object(Illuminate\\Http\\Request))
#24 /Users/lkmdigital/monbeaupays.com/backend/vendor/laravel/framework/src/Illuminate/Pipeline/Pipeline.php(209): Illuminate\\Http\\Middleware\\ValidatePostSize->handle(Object(Illuminate\\Http\\Request), Object(Closure))
#25 /Users/lkmdigital/monbeaupays.com/backend/vendor/laravel/framework/src/Illuminate/Foundation/Http/Middleware/PreventRequestsDuringMaintenance.php(110): Illuminate\\Pipeline\\Pipeline->{closure:{closure:Illuminate\\Pipeline\\Pipeline::carry():184}:185}(Object(Illuminate\\Http\\Request))
#26 /Users/lkmdigital/monbeaupays.com/backend/vendor/laravel/framework/src/Illuminate/Pipeline/Pipeline.php(209): Illuminate\\Foundation\\Http\\Middleware\\PreventRequestsDuringMaintenance->handle(Object(Illuminate\\Http\\Request), Object(Closure))
#27 /Users/lkmdigital/monbeaupays.com/backend/vendor/laravel/framework/src/Illuminate/Http/Middleware/HandleCors.php(62): Illuminate\\Pipeline\\Pipeline->{closure:{closure:Illuminate\\Pipeline\\Pipeline::carry():184}:185}(Object(Illuminate\\Http\\Request))
#28 /Users/lkmdigital/monbeaupays.com/backend/vendor/laravel/framework/src/Illuminate/Pipeline/Pipeline.php(209): Illuminate\\Http\\Middleware\\HandleCors->handle(Object(Illuminate\\Http\\Request), Object(Closure))
#29 /Users/lkmdigital/monbeaupays.com/backend/vendor/laravel/framework/src/Illuminate/Http/Middleware/TrustProxies.php(58): Illuminate\\Pipeline\\Pipeline->{closure:{closure:Illuminate\\Pipeline\\Pipeline::carry():184}:185}(Object(Illuminate\\Http\\Request))
#30 /Users/lkmdigital/monbeaupays.com/backend/vendor/laravel/framework/src/Illuminate/Pipeline/Pipeline.php(209): Illuminate\\Http\\Middleware\\TrustProxies->handle(Object(Illuminate\\Http\\Request), Object(Closure))
#31 /Users/lkmdigital/monbeaupays.com/backend/vendor/laravel/framework/src/Illuminate/Foundation/Http/Middleware/InvokeDeferredCallbacks.php(22): Illuminate\\Pipeline\\Pipeline->{closure:{closure:Illuminate\\Pipeline\\Pipeline::carry():184}:185}(Object(Illuminate\\Http\\Request))
#32 /Users/lkmdigital/monbeaupays.com/backend/vendor/laravel/framework/src/Illuminate/Pipeline/Pipeline.php(209): Illuminate\\Foundation\\Http\\Middleware\\InvokeDeferredCallbacks->handle(Object(Illuminate\\Http\\Request), Object(Closure))
#33 /Users/lkmdigital/monbeaupays.com/backend/vendor/laravel/framework/src/Illuminate/Pipeline/Pipeline.php(127): Illuminate\\Pipeline\\Pipeline->{closure:{closure:Illuminate\\Pipeline\\Pipeline::carry():184}:185}(Object(Illuminate\\Http\\Request))
#34 /Users/lkmdigital/monbeaupays.com/backend/vendor/laravel/framework/src/Illuminate/Foundation/Http/Kernel.php(176): Illuminate\\Pipeline\\Pipeline->then(Object(Closure))
#35 /Users/lkmdigital/monbeaupays.com/backend/vendor/laravel/framework/src/Illuminate/Foundation/Http/Kernel.php(145): Illuminate\\Foundation\\Http\\Kernel->sendRequestThroughRouter(Object(Illuminate\\Http\\Request))
#36 /Users/lkmdigital/monbeaupays.com/backend/public/index.php(17): Illuminate\\Foundation\\Http\\Kernel->handle(Object(Illuminate\\Http\\Request))
#37 /Users/lkmdigital/monbeaupays.com/backend/vendor/laravel/framework/src/Illuminate/Foundation/resources/server.php(23): require_once('/Users/lkmdigit...')
#38 {main}"} 
[2025-11-13 11:32:33] local.INFO: Payment initiation started {"booking_id":"8","user_id":4} 
[2025-11-13 11:32:33] local.INFO: Booking found {"booking_id":8,"booking_user_id":4,"request_user_id":4} 
[2025-11-13 11:32:33] local.INFO: Creating or retrieving payment {"booking_id":8,"user_id":4,"payment_method":"visa-mastercard","amount":"1840000.00"} 
[2025-11-13 11:32:33] local.INFO: Payment created/retrieved {"payment_id":4,"payment_reference":"6GKW2WFHU23X4GQ","status":"pending"} 
[2025-11-13 11:32:33] local.INFO: Creating payment link via malia-pay API {"payment_id":4,"payment_method":"visa-mastercard","amount":"1840000.00"} 
[2025-11-13 11:32:33] local.INFO: createPaymentLink called {"payment_id":4,"booking_id":8,"user_id":4,"payment_method":"visa-mastercard"} 
[2025-11-13 11:32:33] local.INFO: Channel mapped {"payment_method":"visa-mastercard","channel":"CARD"} 
[2025-11-13 11:32:33] local.INFO: Customer name parsed {"full_name":"Pierre Yapi","customer_name":"Pierre","customer_surname":"Yapi"} 
[2025-11-13 11:32:33] local.INFO: Payment data prepared {"data":{"montant":1840000,"reference":"6GKW2WFHU23X4GQ","description":"Paiement de réservation #8 - Maison d'Hôtes San-Pédro","channel":"CARD","merchant_id":"MI_AOXBNNUD2J","aggregated_merchant_id":"am-1j54gkvb820we","customer_name":"Pierre","customer_surname":"Yapi","customer_phone_number":"2250123456789","customer_email":"user1@monbeaupays.com","notification_url":"http://localhost:8000/api/payments/webhook","return_url":"http://localhost:8000/bookings/8?payment=success","error_url":"http://localhost:8000/bookings/8/payment?error=1","success_url":"http://localhost:8000/bookings/8?payment=success"},"merchant_id":"MI_AOXBNNUD2J","aggregated_merchant_id":"am-1j54gkvb820we","phone_formatted":"2250123456789","original_phone":"+225 01 23 45 67 89"} 
[2025-11-13 11:32:33] local.INFO: JSON encoding check {"montant_in_data":1840000,"montant_type":"integer","montant_in_json":1840000,"montant_type_in_json":"integer"} 
[2025-11-13 11:32:33] local.INFO: Sending request to malia-pay {"url":"https://malia-pay.com/api/v1/OnlinePaymentService/add_payer","json_data":"{\"montant\":1840000,\"reference\":\"6GKW2WFHU23X4GQ\",\"description\":\"Paiement de r\\u00e9servation #8 - Maison d'H\\u00f4tes San-P\\u00e9dro\",\"channel\":\"CARD\",\"merchant_id\":\"MI_AOXBNNUD2J\",\"aggregated_merchant_id\":\"am-1j54gkvb820we\",\"customer_name\":\"Pierre\",\"customer_surname\":\"Yapi\",\"customer_phone_number\":2250123456789,\"customer_email\":\"user1@monbeaupays.com\",\"notification_url\":\"http:\\/\\/localhost:8000\\/api\\/payments\\/webhook\",\"return_url\":\"http:\\/\\/localhost:8000\\/bookings\\/8?payment=success\",\"error_url\":\"http:\\/\\/localhost:8000\\/bookings\\/8\\/payment?error=1\",\"success_url\":\"http:\\/\\/localhost:8000\\/bookings\\/8?payment=success\"}"} 
[2025-11-13 11:32:34] local.INFO: Malia-pay API response {"http_code":201,"response":"{\"message\":\"Created\",\"status\":\"success\",\"link\":\"https://malia-pay.com/api/v1/OnlinePaymentService/payment.php?uuid=1a9e4f66-e65c-4e5c-83ec-7eae6bd6132f\"}","response_length":153,"curl_error":""} 
[2025-11-13 11:32:34] local.INFO: Malia-pay API response decoded {"decoded_response":{"message":"Created","status":"success","link":"https://malia-pay.com/api/v1/OnlinePaymentService/payment.php?uuid=1a9e4f66-e65c-4e5c-83ec-7eae6bd6132f"},"has_link":true,"link_value":"https://malia-pay.com/api/v1/OnlinePaymentService/payment.php?uuid=1a9e4f66-e65c-4e5c-83ec-7eae6bd6132f","status":"success","message":"Created"} 
[2025-11-13 11:32:34] local.INFO: Payment link created successfully {"link":"https://malia-pay.com/api/v1/OnlinePaymentService/payment.php?uuid=1a9e4f66-e65c-4e5c-83ec-7eae6bd6132f","http_code":201} 
[2025-11-13 11:32:34] local.INFO: Payment link created successfully {"payment_id":4,"payment_link":"https://malia-pay.com/api/v1/OnlinePaymentService/payment.php?uuid=1a9e4f66-e65c-4e5c-83ec-7eae6bd6132f"} 
[2025-11-14 09:11:18] local.ERROR: SQLSTATE[23000]: Integrity constraint violation: 1062 Duplicate entry 'hote-yatchinin' for key 'accommodations.accommodations_slug_unique' (Connection: mysql, SQL: insert into `accommodations` (`host_id`, `name`, `slug`, `type`, `description`, `description_en`, `address`, `city`, `latitude`, `longitude`, `price_per_night`, `max_guests`, `bedrooms`, `bathrooms`, `amenities`, `status`, `opening_year`, `star_rating`, `room_types`, `conference_rooms_count`, `conference_capacity`, `restaurant_capacity`, `bar_capacity`, `shuttle_service`, `laundry`, `breakfast_price`, `reception_24h`, `smoking_area`, `pets_allowed`, `other_amenities`, `deposit_required`, `deposit_amount`, `cancellation_policy_hours`, `payment_methods`, `special_conditions`, `breakfast_included`, `breakfast_included_persons`, `check_in_time`, `check_out_time`, `invoice_paid_before_hours`, `updated_at`, `created_at`) values (2, hôte yatchinin, hote-yatchinin, hotel, izksssppsospskdo djkdoskosk dosndoskd os dos so, ?, abidjan , ci, abidjan, 5.36, -4.0083, 100000, 4, 10, 2, ["Wi-Fi","Climatisation","Piscine","Service de chambre","Parking","Restaurant","Bar","Spa","Plage priv\u00e9e","Vue sur mer","Salle de sport","Salle de bain priv\u00e9e","T\u00e9l\u00e9vision","Terrasse"], pending, 2006, 3, ["Chambre simple","Chambre triple","Suite","Chambre double","Chalet"], 2, 300, 200, 30, 1, 0, 10000, 1, 1, 1, ?, 1, first_night, 48, ["Mobile Money","Esp\u00e8ces","Carte bancaire","Virement bancaire"], ?, 0, 0, 15:13, 21:14, 48, 2025-11-14 09:11:18, 2025-11-14 09:11:18)) {"userId":2,"exception":"[object] (Illuminate\\Database\\UniqueConstraintViolationException(code: 23000): SQLSTATE[23000]: Integrity constraint violation: 1062 Duplicate entry 'hote-yatchinin' for key 'accommodations.accommodations_slug_unique' (Connection: mysql, SQL: insert into `accommodations` (`host_id`, `name`, `slug`, `type`, `description`, `description_en`, `address`, `city`, `latitude`, `longitude`, `price_per_night`, `max_guests`, `bedrooms`, `bathrooms`, `amenities`, `status`, `opening_year`, `star_rating`, `room_types`, `conference_rooms_count`, `conference_capacity`, `restaurant_capacity`, `bar_capacity`, `shuttle_service`, `laundry`, `breakfast_price`, `reception_24h`, `smoking_area`, `pets_allowed`, `other_amenities`, `deposit_required`, `deposit_amount`, `cancellation_policy_hours`, `payment_methods`, `special_conditions`, `breakfast_included`, `breakfast_included_persons`, `check_in_time`, `check_out_time`, `invoice_paid_before_hours`, `updated_at`, `created_at`) values (2, hôte yatchinin, hote-yatchinin, hotel, izksssppsospskdo djkdoskosk dosndoskd os dos so, ?, abidjan , ci, abidjan, 5.36, -4.0083, 100000, 4, 10, 2, [\"Wi-Fi\",\"Climatisation\",\"Piscine\",\"Service de chambre\",\"Parking\",\"Restaurant\",\"Bar\",\"Spa\",\"Plage priv\\u00e9e\",\"Vue sur mer\",\"Salle de sport\",\"Salle de bain priv\\u00e9e\",\"T\\u00e9l\\u00e9vision\",\"Terrasse\"], pending, 2006, 3, [\"Chambre simple\",\"Chambre triple\",\"Suite\",\"Chambre double\",\"Chalet\"], 2, 300, 200, 30, 1, 0, 10000, 1, 1, 1, ?, 1, first_night, 48, [\"Mobile Money\",\"Esp\\u00e8ces\",\"Carte bancaire\",\"Virement bancaire\"], ?, 0, 0, 15:13, 21:14, 48, 2025-11-14 09:11:18, 2025-11-14 09:11:18)) at /Users/lkmdigital/monbeaupays.com/backend/vendor/laravel/framework/src/Illuminate/Database/Connection.php:820)
[stacktrace]
#0 /Users/lkmdigital/monbeaupays.com/backend/vendor/laravel/framework/src/Illuminate/Database/Connection.php(779): Illuminate\\Database\\Connection->runQueryCallback('insert into `ac...', Array, Object(Closure))
#1 /Users/lkmdigital/monbeaupays.com/backend/vendor/laravel/framework/src/Illuminate/Database/MySqlConnection.php(42): Illuminate\\Database\\Connection->run('insert into `ac...', Array, Object(Closure))
#2 /Users/lkmdigital/monbeaupays.com/backend/vendor/laravel/framework/src/Illuminate/Database/Query/Processors/MySqlProcessor.php(35): Illuminate\\Database\\MySqlConnection->insert('insert into `ac...', Array, 'id')
#3 /Users/lkmdigital/monbeaupays.com/backend/vendor/laravel/framework/src/Illuminate/Database/Query/Builder.php(3766): Illuminate\\Database\\Query\\Processors\\MySqlProcessor->processInsertGetId(Object(Illuminate\\Database\\Query\\Builder), 'insert into `ac...', Array, 'id')
#4 /Users/lkmdigital/monbeaupays.com/backend/vendor/laravel/framework/src/Illuminate/Database/Eloquent/Builder.php(2120): Illuminate\\Database\\Query\\Builder->insertGetId(Array, 'id')
#5 /Users/lkmdigital/monbeaupays.com/backend/vendor/laravel/framework/src/Illuminate/Database/Eloquent/Model.php(1359): Illuminate\\Database\\Eloquent\\Builder->__call('insertGetId', Array)
#6 /Users/lkmdigital/monbeaupays.com/backend/vendor/laravel/framework/src/Illuminate/Database/Eloquent/Model.php(1324): Illuminate\\Database\\Eloquent\\Model->insertAndSetId(Object(Illuminate\\Database\\Eloquent\\Builder), Array)
#7 /Users/lkmdigital/monbeaupays.com/backend/vendor/laravel/framework/src/Illuminate/Database/Eloquent/Model.php(1163): Illuminate\\Database\\Eloquent\\Model->performInsert(Object(Illuminate\\Database\\Eloquent\\Builder))
#8 /Users/lkmdigital/monbeaupays.com/backend/vendor/laravel/framework/src/Illuminate/Database/Eloquent/Builder.php(1128): Illuminate\\Database\\Eloquent\\Model->save()
#9 /Users/lkmdigital/monbeaupays.com/backend/vendor/laravel/framework/src/Illuminate/Support/helpers.php(399): Illuminate\\Database\\Eloquent\\Builder->{closure:Illuminate\\Database\\Eloquent\\Builder::create():1127}(Object(App\\Models\\Accommodation))
#10 /Users/lkmdigital/monbeaupays.com/backend/vendor/laravel/framework/src/Illuminate/Database/Eloquent/Builder.php(1127): tap(Object(App\\Models\\Accommodation), Object(Closure))
#11 /Users/lkmdigital/monbeaupays.com/backend/vendor/laravel/framework/src/Illuminate/Support/Traits/ForwardsCalls.php(23): Illuminate\\Database\\Eloquent\\Builder->create(Array)
#12 /Users/lkmdigital/monbeaupays.com/backend/vendor/laravel/framework/src/Illuminate/Database/Eloquent/Model.php(2372): Illuminate\\Database\\Eloquent\\Model->forwardCallTo(Object(Illuminate\\Database\\Eloquent\\Builder), 'create', Array)
#13 /Users/lkmdigital/monbeaupays.com/backend/vendor/laravel/framework/src/Illuminate/Database/Eloquent/Model.php(2384): Illuminate\\Database\\Eloquent\\Model->__call('create', Array)
#14 /Users/lkmdigital/monbeaupays.com/backend/app/Http/Controllers/AccommodationController.php(165): Illuminate\\Database\\Eloquent\\Model::__callStatic('create', Array)
#15 /Users/lkmdigital/monbeaupays.com/backend/vendor/laravel/framework/src/Illuminate/Routing/ControllerDispatcher.php(47): App\\Http\\Controllers\\AccommodationController->store(Object(Illuminate\\Http\\Request))
#16 /Users/lkmdigital/monbeaupays.com/backend/vendor/laravel/framework/src/Illuminate/Routing/Route.php(266): Illuminate\\Routing\\ControllerDispatcher->dispatch(Object(Illuminate\\Routing\\Route), Object(App\\Http\\Controllers\\AccommodationController), 'store')
#17 /Users/lkmdigital/monbeaupays.com/backend/vendor/laravel/framework/src/Illuminate/Routing/Route.php(212): Illuminate\\Routing\\Route->runController()
#18 /Users/lkmdigital/monbeaupays.com/backend/vendor/laravel/framework/src/Illuminate/Routing/Router.php(808): Illuminate\\Routing\\Route->run()
#19 /Users/lkmdigital/monbeaupays.com/backend/vendor/laravel/framework/src/Illuminate/Pipeline/Pipeline.php(170): Illuminate\\Routing\\Router->{closure:Illuminate\\Routing\\Router::runRouteWithinStack():807}(Object(Illuminate\\Http\\Request))
#20 /Users/lkmdigital/monbeaupays.com/backend/app/Http/Middleware/RoleMiddleware.php(27): Illuminate\\Pipeline\\Pipeline->{closure:Illuminate\\Pipeline\\Pipeline::prepareDestination():168}(Object(Illuminate\\Http\\Request))
#21 /Users/lkmdigital/monbeaupays.com/backend/vendor/laravel/framework/src/Illuminate/Pipeline/Pipeline.php(209): App\\Http\\Middleware\\RoleMiddleware->handle(Object(Illuminate\\Http\\Request), Object(Closure), 'host')
#22 /Users/lkmdigital/monbeaupays.com/backend/vendor/laravel/framework/src/Illuminate/Routing/Middleware/SubstituteBindings.php(51): Illuminate\\Pipeline\\Pipeline->{closure:{closure:Illuminate\\Pipeline\\Pipeline::carry():184}:185}(Object(Illuminate\\Http\\Request))
#23 /Users/lkmdigital/monbeaupays.com/backend/vendor/laravel/framework/src/Illuminate/Pipeline/Pipeline.php(209): Illuminate\\Routing\\Middleware\\SubstituteBindings->handle(Object(Illuminate\\Http\\Request), Object(Closure))
#24 /Users/lkmdigital/monbeaupays.com/backend/vendor/laravel/framework/src/Illuminate/Auth/Middleware/Authenticate.php(64): Illuminate\\Pipeline\\Pipeline->{closure:{closure:Illuminate\\Pipeline\\Pipeline::carry():184}:185}(Object(Illuminate\\Http\\Request))
#25 /Users/lkmdigital/monbeaupays.com/backend/vendor/laravel/framework/src/Illuminate/Pipeline/Pipeline.php(209): Illuminate\\Auth\\Middleware\\Authenticate->handle(Object(Illuminate\\Http\\Request), Object(Closure), 'sanctum')
#26 /Users/lkmdigital/monbeaupays.com/backend/vendor/laravel/framework/src/Illuminate/Pipeline/Pipeline.php(127): Illuminate\\Pipeline\\Pipeline->{closure:{closure:Illuminate\\Pipeline\\Pipeline::carry():184}:185}(Object(Illuminate\\Http\\Request))
#27 /Users/lkmdigital/monbeaupays.com/backend/vendor/laravel/framework/src/Illuminate/Routing/Router.php(807): Illuminate\\Pipeline\\Pipeline->then(Object(Closure))
#28 /Users/lkmdigital/monbeaupays.com/backend/vendor/laravel/framework/src/Illuminate/Routing/Router.php(786): Illuminate\\Routing\\Router->runRouteWithinStack(Object(Illuminate\\Routing\\Route), Object(Illuminate\\Http\\Request))
#29 /Users/lkmdigital/monbeaupays.com/backend/vendor/laravel/framework/src/Illuminate/Routing/Router.php(750): Illuminate\\Routing\\Router->runRoute(Object(Illuminate\\Http\\Request), Object(Illuminate\\Routing\\Route))
#30 /Users/lkmdigital/monbeaupays.com/backend/vendor/laravel/framework/src/Illuminate/Routing/Router.php(739): Illuminate\\Routing\\Router->dispatchToRoute(Object(Illuminate\\Http\\Request))
#31 /Users/lkmdigital/monbeaupays.com/backend/vendor/laravel/framework/src/Illuminate/Foundation/Http/Kernel.php(201): Illuminate\\Routing\\Router->dispatch(Object(Illuminate\\Http\\Request))
#32 /Users/lkmdigital/monbeaupays.com/backend/vendor/laravel/framework/src/Illuminate/Pipeline/Pipeline.php(170): Illuminate\\Foundation\\Http\\Kernel->{closure:Illuminate\\Foundation\\Http\\Kernel::dispatchToRouter():198}(Object(Illuminate\\Http\\Request))
#33 /Users/lkmdigital/monbeaupays.com/backend/vendor/laravel/framework/src/Illuminate/Foundation/Http/Middleware/TransformsRequest.php(21): Illuminate\\Pipeline\\Pipeline->{closure:Illuminate\\Pipeline\\Pipeline::prepareDestination():168}(Object(Illuminate\\Http\\Request))
#34 /Users/lkmdigital/monbeaupays.com/backend/vendor/laravel/framework/src/Illuminate/Foundation/Http/Middleware/ConvertEmptyStringsToNull.php(31): Illuminate\\Foundation\\Http\\Middleware\\TransformsRequest->handle(Object(Illuminate\\Http\\Request), Object(Closure))
#35 /Users/lkmdigital/monbeaupays.com/backend/vendor/laravel/framework/src/Illuminate/Pipeline/Pipeline.php(209): Illuminate\\Foundation\\Http\\Middleware\\ConvertEmptyStringsToNull->handle(Object(Illuminate\\Http\\Request), Object(Closure))
#36 /Users/lkmdigital/monbeaupays.com/backend/vendor/laravel/framework/src/Illuminate/Foundation/Http/Middleware/TransformsRequest.php(21): Illuminate\\Pipeline\\Pipeline->{closure:{closure:Illuminate\\Pipeline\\Pipeline::carry():184}:185}(Object(Illuminate\\Http\\Request))
#37 /Users/lkmdigital/monbeaupays.com/backend/vendor/laravel/framework/src/Illuminate/Foundation/Http/Middleware/TrimStrings.php(51): Illuminate\\Foundation\\Http\\Middleware\\TransformsRequest->handle(Object(Illuminate\\Http\\Request), Object(Closure))
#38 /Users/lkmdigital/monbeaupays.com/backend/vendor/laravel/framework/src/Illuminate/Pipeline/Pipeline.php(209): Illuminate\\Foundation\\Http\\Middleware\\TrimStrings->handle(Object(Illuminate\\Http\\Request), Object(Closure))
#39 /Users/lkmdigital/monbeaupays.com/backend/vendor/laravel/framework/src/Illuminate/Http/Middleware/ValidatePostSize.php(27): Illuminate\\Pipeline\\Pipeline->{closure:{closure:Illuminate\\Pipeline\\Pipeline::carry():184}:185}(Object(Illuminate\\Http\\Request))
#40 /Users/lkmdigital/monbeaupays.com/backend/vendor/laravel/framework/src/Illuminate/Pipeline/Pipeline.php(209): Illuminate\\Http\\Middleware\\ValidatePostSize->handle(Object(Illuminate\\Http\\Request), Object(Closure))
#41 /Users/lkmdigital/monbeaupays.com/backend/vendor/laravel/framework/src/Illuminate/Foundation/Http/Middleware/PreventRequestsDuringMaintenance.php(110): Illuminate\\Pipeline\\Pipeline->{closure:{closure:Illuminate\\Pipeline\\Pipeline::carry():184}:185}(Object(Illuminate\\Http\\Request))
#42 /Users/lkmdigital/monbeaupays.com/backend/vendor/laravel/framework/src/Illuminate/Pipeline/Pipeline.php(209): Illuminate\\Foundation\\Http\\Middleware\\PreventRequestsDuringMaintenance->handle(Object(Illuminate\\Http\\Request), Object(Closure))
#43 /Users/lkmdigital/monbeaupays.com/backend/vendor/laravel/framework/src/Illuminate/Http/Middleware/HandleCors.php(62): Illuminate\\Pipeline\\Pipeline->{closure:{closure:Illuminate\\Pipeline\\Pipeline::carry():184}:185}(Object(Illuminate\\Http\\Request))
#44 /Users/lkmdigital/monbeaupays.com/backend/vendor/laravel/framework/src/Illuminate/Pipeline/Pipeline.php(209): Illuminate\\Http\\Middleware\\HandleCors->handle(Object(Illuminate\\Http\\Request), Object(Closure))
#45 /Users/lkmdigital/monbeaupays.com/backend/vendor/laravel/framework/src/Illuminate/Http/Middleware/TrustProxies.php(58): Illuminate\\Pipeline\\Pipeline->{closure:{closure:Illuminate\\Pipeline\\Pipeline::carry():184}:185}(Object(Illuminate\\Http\\Request))
#46 /Users/lkmdigital/monbeaupays.com/backend/vendor/laravel/framework/src/Illuminate/Pipeline/Pipeline.php(209): Illuminate\\Http\\Middleware\\TrustProxies->handle(Object(Illuminate\\Http\\Request), Object(Closure))
#47 /Users/lkmdigital/monbeaupays.com/backend/vendor/laravel/framework/src/Illuminate/Foundation/Http/Middleware/InvokeDeferredCallbacks.php(22): Illuminate\\Pipeline\\Pipeline->{closure:{closure:Illuminate\\Pipeline\\Pipeline::carry():184}:185}(Object(Illuminate\\Http\\Request))
#48 /Users/lkmdigital/monbeaupays.com/backend/vendor/laravel/framework/src/Illuminate/Pipeline/Pipeline.php(209): Illuminate\\Foundation\\Http\\Middleware\\InvokeDeferredCallbacks->handle(Object(Illuminate\\Http\\Request), Object(Closure))
#49 /Users/lkmdigital/monbeaupays.com/backend/vendor/laravel/framework/src/Illuminate/Pipeline/Pipeline.php(127): Illuminate\\Pipeline\\Pipeline->{closure:{closure:Illuminate\\Pipeline\\Pipeline::carry():184}:185}(Object(Illuminate\\Http\\Request))
#50 /Users/lkmdigital/monbeaupays.com/backend/vendor/laravel/framework/src/Illuminate/Foundation/Http/Kernel.php(176): Illuminate\\Pipeline\\Pipeline->then(Object(Closure))
#51 /Users/lkmdigital/monbeaupays.com/backend/vendor/laravel/framework/src/Illuminate/Foundation/Http/Kernel.php(145): Illuminate\\Foundation\\Http\\Kernel->sendRequestThroughRouter(Object(Illuminate\\Http\\Request))
#52 /Users/lkmdigital/monbeaupays.com/backend/public/index.php(17): Illuminate\\Foundation\\Http\\Kernel->handle(Object(Illuminate\\Http\\Request))
#53 /Users/lkmdigital/monbeaupays.com/backend/vendor/laravel/framework/src/Illuminate/Foundation/resources/server.php(23): require_once('/Users/lkmdigit...')
#54 {main}

[previous exception] [object] (PDOException(code: 23000): SQLSTATE[23000]: Integrity constraint violation: 1062 Duplicate entry 'hote-yatchinin' for key 'accommodations.accommodations_slug_unique' at /Users/lkmdigital/monbeaupays.com/backend/vendor/laravel/framework/src/Illuminate/Database/MySqlConnection.php:53)
[stacktrace]
#0 /Users/lkmdigital/monbeaupays.com/backend/vendor/laravel/framework/src/Illuminate/Database/MySqlConnection.php(53): PDOStatement->execute()
#1 /Users/lkmdigital/monbeaupays.com/backend/vendor/laravel/framework/src/Illuminate/Database/Connection.php(812): Illuminate\\Database\\MySqlConnection->{closure:Illuminate\\Database\\MySqlConnection::insert():42}('insert into `ac...', Array)
#2 /Users/lkmdigital/monbeaupays.com/backend/vendor/laravel/framework/src/Illuminate/Database/Connection.php(779): Illuminate\\Database\\Connection->runQueryCallback('insert into `ac...', Array, Object(Closure))
#3 /Users/lkmdigital/monbeaupays.com/backend/vendor/laravel/framework/src/Illuminate/Database/MySqlConnection.php(42): Illuminate\\Database\\Connection->run('insert into `ac...', Array, Object(Closure))
#4 /Users/lkmdigital/monbeaupays.com/backend/vendor/laravel/framework/src/Illuminate/Database/Query/Processors/MySqlProcessor.php(35): Illuminate\\Database\\MySqlConnection->insert('insert into `ac...', Array, 'id')
#5 /Users/lkmdigital/monbeaupays.com/backend/vendor/laravel/framework/src/Illuminate/Database/Query/Builder.php(3766): Illuminate\\Database\\Query\\Processors\\MySqlProcessor->processInsertGetId(Object(Illuminate\\Database\\Query\\Builder), 'insert into `ac...', Array, 'id')
#6 /Users/lkmdigital/monbeaupays.com/backend/vendor/laravel/framework/src/Illuminate/Database/Eloquent/Builder.php(2120): Illuminate\\Database\\Query\\Builder->insertGetId(Array, 'id')
#7 /Users/lkmdigital/monbeaupays.com/backend/vendor/laravel/framework/src/Illuminate/Database/Eloquent/Model.php(1359): Illuminate\\Database\\Eloquent\\Builder->__call('insertGetId', Array)
#8 /Users/lkmdigital/monbeaupays.com/backend/vendor/laravel/framework/src/Illuminate/Database/Eloquent/Model.php(1324): Illuminate\\Database\\Eloquent\\Model->insertAndSetId(Object(Illuminate\\Database\\Eloquent\\Builder), Array)
#9 /Users/lkmdigital/monbeaupays.com/backend/vendor/laravel/framework/src/Illuminate/Database/Eloquent/Model.php(1163): Illuminate\\Database\\Eloquent\\Model->performInsert(Object(Illuminate\\Database\\Eloquent\\Builder))
#10 /Users/lkmdigital/monbeaupays.com/backend/vendor/laravel/framework/src/Illuminate/Database/Eloquent/Builder.php(1128): Illuminate\\Database\\Eloquent\\Model->save()
#11 /Users/lkmdigital/monbeaupays.com/backend/vendor/laravel/framework/src/Illuminate/Support/helpers.php(399): Illuminate\\Database\\Eloquent\\Builder->{closure:Illuminate\\Database\\Eloquent\\Builder::create():1127}(Object(App\\Models\\Accommodation))
#12 /Users/lkmdigital/monbeaupays.com/backend/vendor/laravel/framework/src/Illuminate/Database/Eloquent/Builder.php(1127): tap(Object(App\\Models\\Accommodation), Object(Closure))
#13 /Users/lkmdigital/monbeaupays.com/backend/vendor/laravel/framework/src/Illuminate/Support/Traits/ForwardsCalls.php(23): Illuminate\\Database\\Eloquent\\Builder->create(Array)
#14 /Users/lkmdigital/monbeaupays.com/backend/vendor/laravel/framework/src/Illuminate/Database/Eloquent/Model.php(2372): Illuminate\\Database\\Eloquent\\Model->forwardCallTo(Object(Illuminate\\Database\\Eloquent\\Builder), 'create', Array)
#15 /Users/lkmdigital/monbeaupays.com/backend/vendor/laravel/framework/src/Illuminate/Database/Eloquent/Model.php(2384): Illuminate\\Database\\Eloquent\\Model->__call('create', Array)
#16 /Users/lkmdigital/monbeaupays.com/backend/app/Http/Controllers/AccommodationController.php(165): Illuminate\\Database\\Eloquent\\Model::__callStatic('create', Array)
#17 /Users/lkmdigital/monbeaupays.com/backend/vendor/laravel/framework/src/Illuminate/Routing/ControllerDispatcher.php(47): App\\Http\\Controllers\\AccommodationController->store(Object(Illuminate\\Http\\Request))
#18 /Users/lkmdigital/monbeaupays.com/backend/vendor/laravel/framework/src/Illuminate/Routing/Route.php(266): Illuminate\\Routing\\ControllerDispatcher->dispatch(Object(Illuminate\\Routing\\Route), Object(App\\Http\\Controllers\\AccommodationController), 'store')
#19 /Users/lkmdigital/monbeaupays.com/backend/vendor/laravel/framework/src/Illuminate/Routing/Route.php(212): Illuminate\\Routing\\Route->runController()
#20 /Users/lkmdigital/monbeaupays.com/backend/vendor/laravel/framework/src/Illuminate/Routing/Router.php(808): Illuminate\\Routing\\Route->run()
#21 /Users/lkmdigital/monbeaupays.com/backend/vendor/laravel/framework/src/Illuminate/Pipeline/Pipeline.php(170): Illuminate\\Routing\\Router->{closure:Illuminate\\Routing\\Router::runRouteWithinStack():807}(Object(Illuminate\\Http\\Request))
#22 /Users/lkmdigital/monbeaupays.com/backend/app/Http/Middleware/RoleMiddleware.php(27): Illuminate\\Pipeline\\Pipeline->{closure:Illuminate\\Pipeline\\Pipeline::prepareDestination():168}(Object(Illuminate\\Http\\Request))
#23 /Users/lkmdigital/monbeaupays.com/backend/vendor/laravel/framework/src/Illuminate/Pipeline/Pipeline.php(209): App\\Http\\Middleware\\RoleMiddleware->handle(Object(Illuminate\\Http\\Request), Object(Closure), 'host')
#24 /Users/lkmdigital/monbeaupays.com/backend/vendor/laravel/framework/src/Illuminate/Routing/Middleware/SubstituteBindings.php(51): Illuminate\\Pipeline\\Pipeline->{closure:{closure:Illuminate\\Pipeline\\Pipeline::carry():184}:185}(Object(Illuminate\\Http\\Request))
#25 /Users/lkmdigital/monbeaupays.com/backend/vendor/laravel/framework/src/Illuminate/Pipeline/Pipeline.php(209): Illuminate\\Routing\\Middleware\\SubstituteBindings->handle(Object(Illuminate\\Http\\Request), Object(Closure))
#26 /Users/lkmdigital/monbeaupays.com/backend/vendor/laravel/framework/src/Illuminate/Auth/Middleware/Authenticate.php(64): Illuminate\\Pipeline\\Pipeline->{closure:{closure:Illuminate\\Pipeline\\Pipeline::carry():184}:185}(Object(Illuminate\\Http\\Request))
#27 /Users/lkmdigital/monbeaupays.com/backend/vendor/laravel/framework/src/Illuminate/Pipeline/Pipeline.php(209): Illuminate\\Auth\\Middleware\\Authenticate->handle(Object(Illuminate\\Http\\Request), Object(Closure), 'sanctum')
#28 /Users/lkmdigital/monbeaupays.com/backend/vendor/laravel/framework/src/Illuminate/Pipeline/Pipeline.php(127): Illuminate\\Pipeline\\Pipeline->{closure:{closure:Illuminate\\Pipeline\\Pipeline::carry():184}:185}(Object(Illuminate\\Http\\Request))
#29 /Users/lkmdigital/monbeaupays.com/backend/vendor/laravel/framework/src/Illuminate/Routing/Router.php(807): Illuminate\\Pipeline\\Pipeline->then(Object(Closure))
#30 /Users/lkmdigital/monbeaupays.com/backend/vendor/laravel/framework/src/Illuminate/Routing/Router.php(786): Illuminate\\Routing\\Router->runRouteWithinStack(Object(Illuminate\\Routing\\Route), Object(Illuminate\\Http\\Request))
#31 /Users/lkmdigital/monbeaupays.com/backend/vendor/laravel/framework/src/Illuminate/Routing/Router.php(750): Illuminate\\Routing\\Router->runRoute(Object(Illuminate\\Http\\Request), Object(Illuminate\\Routing\\Route))
#32 /Users/lkmdigital/monbeaupays.com/backend/vendor/laravel/framework/src/Illuminate/Routing/Router.php(739): Illuminate\\Routing\\Router->dispatchToRoute(Object(Illuminate\\Http\\Request))
#33 /Users/lkmdigital/monbeaupays.com/backend/vendor/laravel/framework/src/Illuminate/Foundation/Http/Kernel.php(201): Illuminate\\Routing\\Router->dispatch(Object(Illuminate\\Http\\Request))
#34 /Users/lkmdigital/monbeaupays.com/backend/vendor/laravel/framework/src/Illuminate/Pipeline/Pipeline.php(170): Illuminate\\Foundation\\Http\\Kernel->{closure:Illuminate\\Foundation\\Http\\Kernel::dispatchToRouter():198}(Object(Illuminate\\Http\\Request))
#35 /Users/lkmdigital/monbeaupays.com/backend/vendor/laravel/framework/src/Illuminate/Foundation/Http/Middleware/TransformsRequest.php(21): Illuminate\\Pipeline\\Pipeline->{closure:Illuminate\\Pipeline\\Pipeline::prepareDestination():168}(Object(Illuminate\\Http\\Request))
#36 /Users/lkmdigital/monbeaupays.com/backend/vendor/laravel/framework/src/Illuminate/Foundation/Http/Middleware/ConvertEmptyStringsToNull.php(31): Illuminate\\Foundation\\Http\\Middleware\\TransformsRequest->handle(Object(Illuminate\\Http\\Request), Object(Closure))
#37 /Users/lkmdigital/monbeaupays.com/backend/vendor/laravel/framework/src/Illuminate/Pipeline/Pipeline.php(209): Illuminate\\Foundation\\Http\\Middleware\\ConvertEmptyStringsToNull->handle(Object(Illuminate\\Http\\Request), Object(Closure))
#38 /Users/lkmdigital/monbeaupays.com/backend/vendor/laravel/framework/src/Illuminate/Foundation/Http/Middleware/TransformsRequest.php(21): Illuminate\\Pipeline\\Pipeline->{closure:{closure:Illuminate\\Pipeline\\Pipeline::carry():184}:185}(Object(Illuminate\\Http\\Request))
#39 /Users/lkmdigital/monbeaupays.com/backend/vendor/laravel/framework/src/Illuminate/Foundation/Http/Middleware/TrimStrings.php(51): Illuminate\\Foundation\\Http\\Middleware\\TransformsRequest->handle(Object(Illuminate\\Http\\Request), Object(Closure))
#40 /Users/lkmdigital/monbeaupays.com/backend/vendor/laravel/framework/src/Illuminate/Pipeline/Pipeline.php(209): Illuminate\\Foundation\\Http\\Middleware\\TrimStrings->handle(Object(Illuminate\\Http\\Request), Object(Closure))
#41 /Users/lkmdigital/monbeaupays.com/backend/vendor/laravel/framework/src/Illuminate/Http/Middleware/ValidatePostSize.php(27): Illuminate\\Pipeline\\Pipeline->{closure:{closure:Illuminate\\Pipeline\\Pipeline::carry():184}:185}(Object(Illuminate\\Http\\Request))
#42 /Users/lkmdigital/monbeaupays.com/backend/vendor/laravel/framework/src/Illuminate/Pipeline/Pipeline.php(209): Illuminate\\Http\\Middleware\\ValidatePostSize->handle(Object(Illuminate\\Http\\Request), Object(Closure))
#43 /Users/lkmdigital/monbeaupays.com/backend/vendor/laravel/framework/src/Illuminate/Foundation/Http/Middleware/PreventRequestsDuringMaintenance.php(110): Illuminate\\Pipeline\\Pipeline->{closure:{closure:Illuminate\\Pipeline\\Pipeline::carry():184}:185}(Object(Illuminate\\Http\\Request))
#44 /Users/lkmdigital/monbeaupays.com/backend/vendor/laravel/framework/src/Illuminate/Pipeline/Pipeline.php(209): Illuminate\\Foundation\\Http\\Middleware\\PreventRequestsDuringMaintenance->handle(Object(Illuminate\\Http\\Request), Object(Closure))
#45 /Users/lkmdigital/monbeaupays.com/backend/vendor/laravel/framework/src/Illuminate/Http/Middleware/HandleCors.php(62): Illuminate\\Pipeline\\Pipeline->{closure:{closure:Illuminate\\Pipeline\\Pipeline::carry():184}:185}(Object(Illuminate\\Http\\Request))
#46 /Users/lkmdigital/monbeaupays.com/backend/vendor/laravel/framework/src/Illuminate/Pipeline/Pipeline.php(209): Illuminate\\Http\\Middleware\\HandleCors->handle(Object(Illuminate\\Http\\Request), Object(Closure))
#47 /Users/lkmdigital/monbeaupays.com/backend/vendor/laravel/framework/src/Illuminate/Http/Middleware/TrustProxies.php(58): Illuminate\\Pipeline\\Pipeline->{closure:{closure:Illuminate\\Pipeline\\Pipeline::carry():184}:185}(Object(Illuminate\\Http\\Request))
#48 /Users/lkmdigital/monbeaupays.com/backend/vendor/laravel/framework/src/Illuminate/Pipeline/Pipeline.php(209): Illuminate\\Http\\Middleware\\TrustProxies->handle(Object(Illuminate\\Http\\Request), Object(Closure))
#49 /Users/lkmdigital/monbeaupays.com/backend/vendor/laravel/framework/src/Illuminate/Foundation/Http/Middleware/InvokeDeferredCallbacks.php(22): Illuminate\\Pipeline\\Pipeline->{closure:{closure:Illuminate\\Pipeline\\Pipeline::carry():184}:185}(Object(Illuminate\\Http\\Request))
#50 /Users/lkmdigital/monbeaupays.com/backend/vendor/laravel/framework/src/Illuminate/Pipeline/Pipeline.php(209): Illuminate\\Foundation\\Http\\Middleware\\InvokeDeferredCallbacks->handle(Object(Illuminate\\Http\\Request), Object(Closure))
#51 /Users/lkmdigital/monbeaupays.com/backend/vendor/laravel/framework/src/Illuminate/Pipeline/Pipeline.php(127): Illuminate\\Pipeline\\Pipeline->{closure:{closure:Illuminate\\Pipeline\\Pipeline::carry():184}:185}(Object(Illuminate\\Http\\Request))
#52 /Users/lkmdigital/monbeaupays.com/backend/vendor/laravel/framework/src/Illuminate/Foundation/Http/Kernel.php(176): Illuminate\\Pipeline\\Pipeline->then(Object(Closure))
#53 /Users/lkmdigital/monbeaupays.com/backend/vendor/laravel/framework/src/Illuminate/Foundation/Http/Kernel.php(145): Illuminate\\Foundation\\Http\\Kernel->sendRequestThroughRouter(Object(Illuminate\\Http\\Request))
#54 /Users/lkmdigital/monbeaupays.com/backend/public/index.php(17): Illuminate\\Foundation\\Http\\Kernel->handle(Object(Illuminate\\Http\\Request))
#55 /Users/lkmdigital/monbeaupays.com/backend/vendor/laravel/framework/src/Illuminate/Foundation/resources/server.php(23): require_once('/Users/lkmdigit...')
#56 {main}
"} 
[2025-11-14 09:11:18] local.ERROR: SQLSTATE[23000]: Integrity constraint violation: 1062 Duplicate entry 'hote-yatchinin' for key 'accommodations.accommodations_slug_unique' (Connection: mysql, SQL: insert into `accommodations` (`host_id`, `name`, `slug`, `type`, `description`, `description_en`, `address`, `city`, `latitude`, `longitude`, `price_per_night`, `max_guests`, `bedrooms`, `bathrooms`, `amenities`, `status`, `opening_year`, `star_rating`, `room_types`, `conference_rooms_count`, `conference_capacity`, `restaurant_capacity`, `bar_capacity`, `shuttle_service`, `laundry`, `breakfast_price`, `reception_24h`, `smoking_area`, `pets_allowed`, `other_amenities`, `deposit_required`, `deposit_amount`, `cancellation_policy_hours`, `payment_methods`, `special_conditions`, `breakfast_included`, `breakfast_included_persons`, `check_in_time`, `check_out_time`, `invoice_paid_before_hours`, `updated_at`, `created_at`) values (2, hôte yatchinin, hote-yatchinin, hotel, izksssppsospskdo djkdoskosk dosndoskd os dos so, ?, abidjan , ci, abidjan, 5.36, -4.0083, 100000, 4, 10, 2, ["Wi-Fi","Climatisation","Piscine","Service de chambre","Parking","Restaurant","Bar","Spa","Plage priv\u00e9e","Vue sur mer","Salle de sport","Salle de bain priv\u00e9e","T\u00e9l\u00e9vision","Terrasse"], pending, 2006, 3, ["Chambre simple","Chambre triple","Suite","Chambre double","Chalet"], 2, 300, 200, 30, 1, 0, 10000, 1, 1, 1, ?, 1, first_night, 48, ["Mobile Money","Esp\u00e8ces","Carte bancaire","Virement bancaire"], ?, 0, 0, 15:13, 21:14, 48, 2025-11-14 09:11:18, 2025-11-14 09:11:18)) {"userId":2,"exception":"[object] (Illuminate\\Database\\UniqueConstraintViolationException(code: 23000): SQLSTATE[23000]: Integrity constraint violation: 1062 Duplicate entry 'hote-yatchinin' for key 'accommodations.accommodations_slug_unique' (Connection: mysql, SQL: insert into `accommodations` (`host_id`, `name`, `slug`, `type`, `description`, `description_en`, `address`, `city`, `latitude`, `longitude`, `price_per_night`, `max_guests`, `bedrooms`, `bathrooms`, `amenities`, `status`, `opening_year`, `star_rating`, `room_types`, `conference_rooms_count`, `conference_capacity`, `restaurant_capacity`, `bar_capacity`, `shuttle_service`, `laundry`, `breakfast_price`, `reception_24h`, `smoking_area`, `pets_allowed`, `other_amenities`, `deposit_required`, `deposit_amount`, `cancellation_policy_hours`, `payment_methods`, `special_conditions`, `breakfast_included`, `breakfast_included_persons`, `check_in_time`, `check_out_time`, `invoice_paid_before_hours`, `updated_at`, `created_at`) values (2, hôte yatchinin, hote-yatchinin, hotel, izksssppsospskdo djkdoskosk dosndoskd os dos so, ?, abidjan , ci, abidjan, 5.36, -4.0083, 100000, 4, 10, 2, [\"Wi-Fi\",\"Climatisation\",\"Piscine\",\"Service de chambre\",\"Parking\",\"Restaurant\",\"Bar\",\"Spa\",\"Plage priv\\u00e9e\",\"Vue sur mer\",\"Salle de sport\",\"Salle de bain priv\\u00e9e\",\"T\\u00e9l\\u00e9vision\",\"Terrasse\"], pending, 2006, 3, [\"Chambre simple\",\"Chambre triple\",\"Suite\",\"Chambre double\",\"Chalet\"], 2, 300, 200, 30, 1, 0, 10000, 1, 1, 1, ?, 1, first_night, 48, [\"Mobile Money\",\"Esp\\u00e8ces\",\"Carte bancaire\",\"Virement bancaire\"], ?, 0, 0, 15:13, 21:14, 48, 2025-11-14 09:11:18, 2025-11-14 09:11:18)) at /Users/lkmdigital/monbeaupays.com/backend/vendor/laravel/framework/src/Illuminate/Database/Connection.php:820)
[stacktrace]
#0 /Users/lkmdigital/monbeaupays.com/backend/vendor/laravel/framework/src/Illuminate/Database/Connection.php(779): Illuminate\\Database\\Connection->runQueryCallback('insert into `ac...', Array, Object(Closure))
#1 /Users/lkmdigital/monbeaupays.com/backend/vendor/laravel/framework/src/Illuminate/Database/MySqlConnection.php(42): Illuminate\\Database\\Connection->run('insert into `ac...', Array, Object(Closure))
#2 /Users/lkmdigital/monbeaupays.com/backend/vendor/laravel/framework/src/Illuminate/Database/Query/Processors/MySqlProcessor.php(35): Illuminate\\Database\\MySqlConnection->insert('insert into `ac...', Array, 'id')
#3 /Users/lkmdigital/monbeaupays.com/backend/vendor/laravel/framework/src/Illuminate/Database/Query/Builder.php(3766): Illuminate\\Database\\Query\\Processors\\MySqlProcessor->processInsertGetId(Object(Illuminate\\Database\\Query\\Builder), 'insert into `ac...', Array, 'id')
#4 /Users/lkmdigital/monbeaupays.com/backend/vendor/laravel/framework/src/Illuminate/Database/Eloquent/Builder.php(2120): Illuminate\\Database\\Query\\Builder->insertGetId(Array, 'id')
#5 /Users/lkmdigital/monbeaupays.com/backend/vendor/laravel/framework/src/Illuminate/Database/Eloquent/Model.php(1359): Illuminate\\Database\\Eloquent\\Builder->__call('insertGetId', Array)
#6 /Users/lkmdigital/monbeaupays.com/backend/vendor/laravel/framework/src/Illuminate/Database/Eloquent/Model.php(1324): Illuminate\\Database\\Eloquent\\Model->insertAndSetId(Object(Illuminate\\Database\\Eloquent\\Builder), Array)
#7 /Users/lkmdigital/monbeaupays.com/backend/vendor/laravel/framework/src/Illuminate/Database/Eloquent/Model.php(1163): Illuminate\\Database\\Eloquent\\Model->performInsert(Object(Illuminate\\Database\\Eloquent\\Builder))
#8 /Users/lkmdigital/monbeaupays.com/backend/vendor/laravel/framework/src/Illuminate/Database/Eloquent/Builder.php(1128): Illuminate\\Database\\Eloquent\\Model->save()
#9 /Users/lkmdigital/monbeaupays.com/backend/vendor/laravel/framework/src/Illuminate/Support/helpers.php(399): Illuminate\\Database\\Eloquent\\Builder->{closure:Illuminate\\Database\\Eloquent\\Builder::create():1127}(Object(App\\Models\\Accommodation))
#10 /Users/lkmdigital/monbeaupays.com/backend/vendor/laravel/framework/src/Illuminate/Database/Eloquent/Builder.php(1127): tap(Object(App\\Models\\Accommodation), Object(Closure))
#11 /Users/lkmdigital/monbeaupays.com/backend/vendor/laravel/framework/src/Illuminate/Support/Traits/ForwardsCalls.php(23): Illuminate\\Database\\Eloquent\\Builder->create(Array)
#12 /Users/lkmdigital/monbeaupays.com/backend/vendor/laravel/framework/src/Illuminate/Database/Eloquent/Model.php(2372): Illuminate\\Database\\Eloquent\\Model->forwardCallTo(Object(Illuminate\\Database\\Eloquent\\Builder), 'create', Array)
#13 /Users/lkmdigital/monbeaupays.com/backend/vendor/laravel/framework/src/Illuminate/Database/Eloquent/Model.php(2384): Illuminate\\Database\\Eloquent\\Model->__call('create', Array)
#14 /Users/lkmdigital/monbeaupays.com/backend/app/Http/Controllers/AccommodationController.php(165): Illuminate\\Database\\Eloquent\\Model::__callStatic('create', Array)
#15 /Users/lkmdigital/monbeaupays.com/backend/vendor/laravel/framework/src/Illuminate/Routing/ControllerDispatcher.php(47): App\\Http\\Controllers\\AccommodationController->store(Object(Illuminate\\Http\\Request))
#16 /Users/lkmdigital/monbeaupays.com/backend/vendor/laravel/framework/src/Illuminate/Routing/Route.php(266): Illuminate\\Routing\\ControllerDispatcher->dispatch(Object(Illuminate\\Routing\\Route), Object(App\\Http\\Controllers\\AccommodationController), 'store')
#17 /Users/lkmdigital/monbeaupays.com/backend/vendor/laravel/framework/src/Illuminate/Routing/Route.php(212): Illuminate\\Routing\\Route->runController()
#18 /Users/lkmdigital/monbeaupays.com/backend/vendor/laravel/framework/src/Illuminate/Routing/Router.php(808): Illuminate\\Routing\\Route->run()
#19 /Users/lkmdigital/monbeaupays.com/backend/vendor/laravel/framework/src/Illuminate/Pipeline/Pipeline.php(170): Illuminate\\Routing\\Router->{closure:Illuminate\\Routing\\Router::runRouteWithinStack():807}(Object(Illuminate\\Http\\Request))
#20 /Users/lkmdigital/monbeaupays.com/backend/app/Http/Middleware/RoleMiddleware.php(27): Illuminate\\Pipeline\\Pipeline->{closure:Illuminate\\Pipeline\\Pipeline::prepareDestination():168}(Object(Illuminate\\Http\\Request))
#21 /Users/lkmdigital/monbeaupays.com/backend/vendor/laravel/framework/src/Illuminate/Pipeline/Pipeline.php(209): App\\Http\\Middleware\\RoleMiddleware->handle(Object(Illuminate\\Http\\Request), Object(Closure), 'host')
#22 /Users/lkmdigital/monbeaupays.com/backend/vendor/laravel/framework/src/Illuminate/Routing/Middleware/SubstituteBindings.php(51): Illuminate\\Pipeline\\Pipeline->{closure:{closure:Illuminate\\Pipeline\\Pipeline::carry():184}:185}(Object(Illuminate\\Http\\Request))
#23 /Users/lkmdigital/monbeaupays.com/backend/vendor/laravel/framework/src/Illuminate/Pipeline/Pipeline.php(209): Illuminate\\Routing\\Middleware\\SubstituteBindings->handle(Object(Illuminate\\Http\\Request), Object(Closure))
#24 /Users/lkmdigital/monbeaupays.com/backend/vendor/laravel/framework/src/Illuminate/Auth/Middleware/Authenticate.php(64): Illuminate\\Pipeline\\Pipeline->{closure:{closure:Illuminate\\Pipeline\\Pipeline::carry():184}:185}(Object(Illuminate\\Http\\Request))
#25 /Users/lkmdigital/monbeaupays.com/backend/vendor/laravel/framework/src/Illuminate/Pipeline/Pipeline.php(209): Illuminate\\Auth\\Middleware\\Authenticate->handle(Object(Illuminate\\Http\\Request), Object(Closure), 'sanctum')
#26 /Users/lkmdigital/monbeaupays.com/backend/vendor/laravel/framework/src/Illuminate/Pipeline/Pipeline.php(127): Illuminate\\Pipeline\\Pipeline->{closure:{closure:Illuminate\\Pipeline\\Pipeline::carry():184}:185}(Object(Illuminate\\Http\\Request))
#27 /Users/lkmdigital/monbeaupays.com/backend/vendor/laravel/framework/src/Illuminate/Routing/Router.php(807): Illuminate\\Pipeline\\Pipeline->then(Object(Closure))
#28 /Users/lkmdigital/monbeaupays.com/backend/vendor/laravel/framework/src/Illuminate/Routing/Router.php(786): Illuminate\\Routing\\Router->runRouteWithinStack(Object(Illuminate\\Routing\\Route), Object(Illuminate\\Http\\Request))
#29 /Users/lkmdigital/monbeaupays.com/backend/vendor/laravel/framework/src/Illuminate/Routing/Router.php(750): Illuminate\\Routing\\Router->runRoute(Object(Illuminate\\Http\\Request), Object(Illuminate\\Routing\\Route))
#30 /Users/lkmdigital/monbeaupays.com/backend/vendor/laravel/framework/src/Illuminate/Routing/Router.php(739): Illuminate\\Routing\\Router->dispatchToRoute(Object(Illuminate\\Http\\Request))
#31 /Users/lkmdigital/monbeaupays.com/backend/vendor/laravel/framework/src/Illuminate/Foundation/Http/Kernel.php(201): Illuminate\\Routing\\Router->dispatch(Object(Illuminate\\Http\\Request))
#32 /Users/lkmdigital/monbeaupays.com/backend/vendor/laravel/framework/src/Illuminate/Pipeline/Pipeline.php(170): Illuminate\\Foundation\\Http\\Kernel->{closure:Illuminate\\Foundation\\Http\\Kernel::dispatchToRouter():198}(Object(Illuminate\\Http\\Request))
#33 /Users/lkmdigital/monbeaupays.com/backend/vendor/laravel/framework/src/Illuminate/Foundation/Http/Middleware/TransformsRequest.php(21): Illuminate\\Pipeline\\Pipeline->{closure:Illuminate\\Pipeline\\Pipeline::prepareDestination():168}(Object(Illuminate\\Http\\Request))
#34 /Users/lkmdigital/monbeaupays.com/backend/vendor/laravel/framework/src/Illuminate/Foundation/Http/Middleware/ConvertEmptyStringsToNull.php(31): Illuminate\\Foundation\\Http\\Middleware\\TransformsRequest->handle(Object(Illuminate\\Http\\Request), Object(Closure))
#35 /Users/lkmdigital/monbeaupays.com/backend/vendor/laravel/framework/src/Illuminate/Pipeline/Pipeline.php(209): Illuminate\\Foundation\\Http\\Middleware\\ConvertEmptyStringsToNull->handle(Object(Illuminate\\Http\\Request), Object(Closure))
#36 /Users/lkmdigital/monbeaupays.com/backend/vendor/laravel/framework/src/Illuminate/Foundation/Http/Middleware/TransformsRequest.php(21): Illuminate\\Pipeline\\Pipeline->{closure:{closure:Illuminate\\Pipeline\\Pipeline::carry():184}:185}(Object(Illuminate\\Http\\Request))
#37 /Users/lkmdigital/monbeaupays.com/backend/vendor/laravel/framework/src/Illuminate/Foundation/Http/Middleware/TrimStrings.php(51): Illuminate\\Foundation\\Http\\Middleware\\TransformsRequest->handle(Object(Illuminate\\Http\\Request), Object(Closure))
#38 /Users/lkmdigital/monbeaupays.com/backend/vendor/laravel/framework/src/Illuminate/Pipeline/Pipeline.php(209): Illuminate\\Foundation\\Http\\Middleware\\TrimStrings->handle(Object(Illuminate\\Http\\Request), Object(Closure))
#39 /Users/lkmdigital/monbeaupays.com/backend/vendor/laravel/framework/src/Illuminate/Http/Middleware/ValidatePostSize.php(27): Illuminate\\Pipeline\\Pipeline->{closure:{closure:Illuminate\\Pipeline\\Pipeline::carry():184}:185}(Object(Illuminate\\Http\\Request))
#40 /Users/lkmdigital/monbeaupays.com/backend/vendor/laravel/framework/src/Illuminate/Pipeline/Pipeline.php(209): Illuminate\\Http\\Middleware\\ValidatePostSize->handle(Object(Illuminate\\Http\\Request), Object(Closure))
#41 /Users/lkmdigital/monbeaupays.com/backend/vendor/laravel/framework/src/Illuminate/Foundation/Http/Middleware/PreventRequestsDuringMaintenance.php(110): Illuminate\\Pipeline\\Pipeline->{closure:{closure:Illuminate\\Pipeline\\Pipeline::carry():184}:185}(Object(Illuminate\\Http\\Request))
#42 /Users/lkmdigital/monbeaupays.com/backend/vendor/laravel/framework/src/Illuminate/Pipeline/Pipeline.php(209): Illuminate\\Foundation\\Http\\Middleware\\PreventRequestsDuringMaintenance->handle(Object(Illuminate\\Http\\Request), Object(Closure))
#43 /Users/lkmdigital/monbeaupays.com/backend/vendor/laravel/framework/src/Illuminate/Http/Middleware/HandleCors.php(62): Illuminate\\Pipeline\\Pipeline->{closure:{closure:Illuminate\\Pipeline\\Pipeline::carry():184}:185}(Object(Illuminate\\Http\\Request))
#44 /Users/lkmdigital/monbeaupays.com/backend/vendor/laravel/framework/src/Illuminate/Pipeline/Pipeline.php(209): Illuminate\\Http\\Middleware\\HandleCors->handle(Object(Illuminate\\Http\\Request), Object(Closure))
#45 /Users/lkmdigital/monbeaupays.com/backend/vendor/laravel/framework/src/Illuminate/Http/Middleware/TrustProxies.php(58): Illuminate\\Pipeline\\Pipeline->{closure:{closure:Illuminate\\Pipeline\\Pipeline::carry():184}:185}(Object(Illuminate\\Http\\Request))
#46 /Users/lkmdigital/monbeaupays.com/backend/vendor/laravel/framework/src/Illuminate/Pipeline/Pipeline.php(209): Illuminate\\Http\\Middleware\\TrustProxies->handle(Object(Illuminate\\Http\\Request), Object(Closure))
#47 /Users/lkmdigital/monbeaupays.com/backend/vendor/laravel/framework/src/Illuminate/Foundation/Http/Middleware/InvokeDeferredCallbacks.php(22): Illuminate\\Pipeline\\Pipeline->{closure:{closure:Illuminate\\Pipeline\\Pipeline::carry():184}:185}(Object(Illuminate\\Http\\Request))
#48 /Users/lkmdigital/monbeaupays.com/backend/vendor/laravel/framework/src/Illuminate/Pipeline/Pipeline.php(209): Illuminate\\Foundation\\Http\\Middleware\\InvokeDeferredCallbacks->handle(Object(Illuminate\\Http\\Request), Object(Closure))
#49 /Users/lkmdigital/monbeaupays.com/backend/vendor/laravel/framework/src/Illuminate/Pipeline/Pipeline.php(127): Illuminate\\Pipeline\\Pipeline->{closure:{closure:Illuminate\\Pipeline\\Pipeline::carry():184}:185}(Object(Illuminate\\Http\\Request))
#50 /Users/lkmdigital/monbeaupays.com/backend/vendor/laravel/framework/src/Illuminate/Foundation/Http/Kernel.php(176): Illuminate\\Pipeline\\Pipeline->then(Object(Closure))
#51 /Users/lkmdigital/monbeaupays.com/backend/vendor/laravel/framework/src/Illuminate/Foundation/Http/Kernel.php(145): Illuminate\\Foundation\\Http\\Kernel->sendRequestThroughRouter(Object(Illuminate\\Http\\Request))
#52 /Users/lkmdigital/monbeaupays.com/backend/public/index.php(17): Illuminate\\Foundation\\Http\\Kernel->handle(Object(Illuminate\\Http\\Request))
#53 /Users/lkmdigital/monbeaupays.com/backend/vendor/laravel/framework/src/Illuminate/Foundation/resources/server.php(23): require_once('/Users/lkmdigit...')
#54 {main}

[previous exception] [object] (PDOException(code: 23000): SQLSTATE[23000]: Integrity constraint violation: 1062 Duplicate entry 'hote-yatchinin' for key 'accommodations.accommodations_slug_unique' at /Users/lkmdigital/monbeaupays.com/backend/vendor/laravel/framework/src/Illuminate/Database/MySqlConnection.php:53)
[stacktrace]
#0 /Users/lkmdigital/monbeaupays.com/backend/vendor/laravel/framework/src/Illuminate/Database/MySqlConnection.php(53): PDOStatement->execute()
#1 /Users/lkmdigital/monbeaupays.com/backend/vendor/laravel/framework/src/Illuminate/Database/Connection.php(812): Illuminate\\Database\\MySqlConnection->{closure:Illuminate\\Database\\MySqlConnection::insert():42}('insert into `ac...', Array)
#2 /Users/lkmdigital/monbeaupays.com/backend/vendor/laravel/framework/src/Illuminate/Database/Connection.php(779): Illuminate\\Database\\Connection->runQueryCallback('insert into `ac...', Array, Object(Closure))
#3 /Users/lkmdigital/monbeaupays.com/backend/vendor/laravel/framework/src/Illuminate/Database/MySqlConnection.php(42): Illuminate\\Database\\Connection->run('insert into `ac...', Array, Object(Closure))
#4 /Users/lkmdigital/monbeaupays.com/backend/vendor/laravel/framework/src/Illuminate/Database/Query/Processors/MySqlProcessor.php(35): Illuminate\\Database\\MySqlConnection->insert('insert into `ac...', Array, 'id')
#5 /Users/lkmdigital/monbeaupays.com/backend/vendor/laravel/framework/src/Illuminate/Database/Query/Builder.php(3766): Illuminate\\Database\\Query\\Processors\\MySqlProcessor->processInsertGetId(Object(Illuminate\\Database\\Query\\Builder), 'insert into `ac...', Array, 'id')
#6 /Users/lkmdigital/monbeaupays.com/backend/vendor/laravel/framework/src/Illuminate/Database/Eloquent/Builder.php(2120): Illuminate\\Database\\Query\\Builder->insertGetId(Array, 'id')
#7 /Users/lkmdigital/monbeaupays.com/backend/vendor/laravel/framework/src/Illuminate/Database/Eloquent/Model.php(1359): Illuminate\\Database\\Eloquent\\Builder->__call('insertGetId', Array)
#8 /Users/lkmdigital/monbeaupays.com/backend/vendor/laravel/framework/src/Illuminate/Database/Eloquent/Model.php(1324): Illuminate\\Database\\Eloquent\\Model->insertAndSetId(Object(Illuminate\\Database\\Eloquent\\Builder), Array)
#9 /Users/lkmdigital/monbeaupays.com/backend/vendor/laravel/framework/src/Illuminate/Database/Eloquent/Model.php(1163): Illuminate\\Database\\Eloquent\\Model->performInsert(Object(Illuminate\\Database\\Eloquent\\Builder))
#10 /Users/lkmdigital/monbeaupays.com/backend/vendor/laravel/framework/src/Illuminate/Database/Eloquent/Builder.php(1128): Illuminate\\Database\\Eloquent\\Model->save()
#11 /Users/lkmdigital/monbeaupays.com/backend/vendor/laravel/framework/src/Illuminate/Support/helpers.php(399): Illuminate\\Database\\Eloquent\\Builder->{closure:Illuminate\\Database\\Eloquent\\Builder::create():1127}(Object(App\\Models\\Accommodation))
#12 /Users/lkmdigital/monbeaupays.com/backend/vendor/laravel/framework/src/Illuminate/Database/Eloquent/Builder.php(1127): tap(Object(App\\Models\\Accommodation), Object(Closure))
#13 /Users/lkmdigital/monbeaupays.com/backend/vendor/laravel/framework/src/Illuminate/Support/Traits/ForwardsCalls.php(23): Illuminate\\Database\\Eloquent\\Builder->create(Array)
#14 /Users/lkmdigital/monbeaupays.com/backend/vendor/laravel/framework/src/Illuminate/Database/Eloquent/Model.php(2372): Illuminate\\Database\\Eloquent\\Model->forwardCallTo(Object(Illuminate\\Database\\Eloquent\\Builder), 'create', Array)
#15 /Users/lkmdigital/monbeaupays.com/backend/vendor/laravel/framework/src/Illuminate/Database/Eloquent/Model.php(2384): Illuminate\\Database\\Eloquent\\Model->__call('create', Array)
#16 /Users/lkmdigital/monbeaupays.com/backend/app/Http/Controllers/AccommodationController.php(165): Illuminate\\Database\\Eloquent\\Model::__callStatic('create', Array)
#17 /Users/lkmdigital/monbeaupays.com/backend/vendor/laravel/framework/src/Illuminate/Routing/ControllerDispatcher.php(47): App\\Http\\Controllers\\AccommodationController->store(Object(Illuminate\\Http\\Request))
#18 /Users/lkmdigital/monbeaupays.com/backend/vendor/laravel/framework/src/Illuminate/Routing/Route.php(266): Illuminate\\Routing\\ControllerDispatcher->dispatch(Object(Illuminate\\Routing\\Route), Object(App\\Http\\Controllers\\AccommodationController), 'store')
#19 /Users/lkmdigital/monbeaupays.com/backend/vendor/laravel/framework/src/Illuminate/Routing/Route.php(212): Illuminate\\Routing\\Route->runController()
#20 /Users/lkmdigital/monbeaupays.com/backend/vendor/laravel/framework/src/Illuminate/Routing/Router.php(808): Illuminate\\Routing\\Route->run()
#21 /Users/lkmdigital/monbeaupays.com/backend/vendor/laravel/framework/src/Illuminate/Pipeline/Pipeline.php(170): Illuminate\\Routing\\Router->{closure:Illuminate\\Routing\\Router::runRouteWithinStack():807}(Object(Illuminate\\Http\\Request))
#22 /Users/lkmdigital/monbeaupays.com/backend/app/Http/Middleware/RoleMiddleware.php(27): Illuminate\\Pipeline\\Pipeline->{closure:Illuminate\\Pipeline\\Pipeline::prepareDestination():168}(Object(Illuminate\\Http\\Request))
#23 /Users/lkmdigital/monbeaupays.com/backend/vendor/laravel/framework/src/Illuminate/Pipeline/Pipeline.php(209): App\\Http\\Middleware\\RoleMiddleware->handle(Object(Illuminate\\Http\\Request), Object(Closure), 'host')
#24 /Users/lkmdigital/monbeaupays.com/backend/vendor/laravel/framework/src/Illuminate/Routing/Middleware/SubstituteBindings.php(51): Illuminate\\Pipeline\\Pipeline->{closure:{closure:Illuminate\\Pipeline\\Pipeline::carry():184}:185}(Object(Illuminate\\Http\\Request))
#25 /Users/lkmdigital/monbeaupays.com/backend/vendor/laravel/framework/src/Illuminate/Pipeline/Pipeline.php(209): Illuminate\\Routing\\Middleware\\SubstituteBindings->handle(Object(Illuminate\\Http\\Request), Object(Closure))
#26 /Users/lkmdigital/monbeaupays.com/backend/vendor/laravel/framework/src/Illuminate/Auth/Middleware/Authenticate.php(64): Illuminate\\Pipeline\\Pipeline->{closure:{closure:Illuminate\\Pipeline\\Pipeline::carry():184}:185}(Object(Illuminate\\Http\\Request))
#27 /Users/lkmdigital/monbeaupays.com/backend/vendor/laravel/framework/src/Illuminate/Pipeline/Pipeline.php(209): Illuminate\\Auth\\Middleware\\Authenticate->handle(Object(Illuminate\\Http\\Request), Object(Closure), 'sanctum')
#28 /Users/lkmdigital/monbeaupays.com/backend/vendor/laravel/framework/src/Illuminate/Pipeline/Pipeline.php(127): Illuminate\\Pipeline\\Pipeline->{closure:{closure:Illuminate\\Pipeline\\Pipeline::carry():184}:185}(Object(Illuminate\\Http\\Request))
#29 /Users/lkmdigital/monbeaupays.com/backend/vendor/laravel/framework/src/Illuminate/Routing/Router.php(807): Illuminate\\Pipeline\\Pipeline->then(Object(Closure))
#30 /Users/lkmdigital/monbeaupays.com/backend/vendor/laravel/framework/src/Illuminate/Routing/Router.php(786): Illuminate\\Routing\\Router->runRouteWithinStack(Object(Illuminate\\Routing\\Route), Object(Illuminate\\Http\\Request))
#31 /Users/lkmdigital/monbeaupays.com/backend/vendor/laravel/framework/src/Illuminate/Routing/Router.php(750): Illuminate\\Routing\\Router->runRoute(Object(Illuminate\\Http\\Request), Object(Illuminate\\Routing\\Route))
#32 /Users/lkmdigital/monbeaupays.com/backend/vendor/laravel/framework/src/Illuminate/Routing/Router.php(739): Illuminate\\Routing\\Router->dispatchToRoute(Object(Illuminate\\Http\\Request))
#33 /Users/lkmdigital/monbeaupays.com/backend/vendor/laravel/framework/src/Illuminate/Foundation/Http/Kernel.php(201): Illuminate\\Routing\\Router->dispatch(Object(Illuminate\\Http\\Request))
#34 /Users/lkmdigital/monbeaupays.com/backend/vendor/laravel/framework/src/Illuminate/Pipeline/Pipeline.php(170): Illuminate\\Foundation\\Http\\Kernel->{closure:Illuminate\\Foundation\\Http\\Kernel::dispatchToRouter():198}(Object(Illuminate\\Http\\Request))
#35 /Users/lkmdigital/monbeaupays.com/backend/vendor/laravel/framework/src/Illuminate/Foundation/Http/Middleware/TransformsRequest.php(21): Illuminate\\Pipeline\\Pipeline->{closure:Illuminate\\Pipeline\\Pipeline::prepareDestination():168}(Object(Illuminate\\Http\\Request))
#36 /Users/lkmdigital/monbeaupays.com/backend/vendor/laravel/framework/src/Illuminate/Foundation/Http/Middleware/ConvertEmptyStringsToNull.php(31): Illuminate\\Foundation\\Http\\Middleware\\TransformsRequest->handle(Object(Illuminate\\Http\\Request), Object(Closure))
#37 /Users/lkmdigital/monbeaupays.com/backend/vendor/laravel/framework/src/Illuminate/Pipeline/Pipeline.php(209): Illuminate\\Foundation\\Http\\Middleware\\ConvertEmptyStringsToNull->handle(Object(Illuminate\\Http\\Request), Object(Closure))
#38 /Users/lkmdigital/monbeaupays.com/backend/vendor/laravel/framework/src/Illuminate/Foundation/Http/Middleware/TransformsRequest.php(21): Illuminate\\Pipeline\\Pipeline->{closure:{closure:Illuminate\\Pipeline\\Pipeline::carry():184}:185}(Object(Illuminate\\Http\\Request))
#39 /Users/lkmdigital/monbeaupays.com/backend/vendor/laravel/framework/src/Illuminate/Foundation/Http/Middleware/TrimStrings.php(51): Illuminate\\Foundation\\Http\\Middleware\\TransformsRequest->handle(Object(Illuminate\\Http\\Request), Object(Closure))
#40 /Users/lkmdigital/monbeaupays.com/backend/vendor/laravel/framework/src/Illuminate/Pipeline/Pipeline.php(209): Illuminate\\Foundation\\Http\\Middleware\\TrimStrings->handle(Object(Illuminate\\Http\\Request), Object(Closure))
#41 /Users/lkmdigital/monbeaupays.com/backend/vendor/laravel/framework/src/Illuminate/Http/Middleware/ValidatePostSize.php(27): Illuminate\\Pipeline\\Pipeline->{closure:{closure:Illuminate\\Pipeline\\Pipeline::carry():184}:185}(Object(Illuminate\\Http\\Request))
#42 /Users/lkmdigital/monbeaupays.com/backend/vendor/laravel/framework/src/Illuminate/Pipeline/Pipeline.php(209): Illuminate\\Http\\Middleware\\ValidatePostSize->handle(Object(Illuminate\\Http\\Request), Object(Closure))
#43 /Users/lkmdigital/monbeaupays.com/backend/vendor/laravel/framework/src/Illuminate/Foundation/Http/Middleware/PreventRequestsDuringMaintenance.php(110): Illuminate\\Pipeline\\Pipeline->{closure:{closure:Illuminate\\Pipeline\\Pipeline::carry():184}:185}(Object(Illuminate\\Http\\Request))
#44 /Users/lkmdigital/monbeaupays.com/backend/vendor/laravel/framework/src/Illuminate/Pipeline/Pipeline.php(209): Illuminate\\Foundation\\Http\\Middleware\\PreventRequestsDuringMaintenance->handle(Object(Illuminate\\Http\\Request), Object(Closure))
#45 /Users/lkmdigital/monbeaupays.com/backend/vendor/laravel/framework/src/Illuminate/Http/Middleware/HandleCors.php(62): Illuminate\\Pipeline\\Pipeline->{closure:{closure:Illuminate\\Pipeline\\Pipeline::carry():184}:185}(Object(Illuminate\\Http\\Request))
#46 /Users/lkmdigital/monbeaupays.com/backend/vendor/laravel/framework/src/Illuminate/Pipeline/Pipeline.php(209): Illuminate\\Http\\Middleware\\HandleCors->handle(Object(Illuminate\\Http\\Request), Object(Closure))
#47 /Users/lkmdigital/monbeaupays.com/backend/vendor/laravel/framework/src/Illuminate/Http/Middleware/TrustProxies.php(58): Illuminate\\Pipeline\\Pipeline->{closure:{closure:Illuminate\\Pipeline\\Pipeline::carry():184}:185}(Object(Illuminate\\Http\\Request))
#48 /Users/lkmdigital/monbeaupays.com/backend/vendor/laravel/framework/src/Illuminate/Pipeline/Pipeline.php(209): Illuminate\\Http\\Middleware\\TrustProxies->handle(Object(Illuminate\\Http\\Request), Object(Closure))
#49 /Users/lkmdigital/monbeaupays.com/backend/vendor/laravel/framework/src/Illuminate/Foundation/Http/Middleware/InvokeDeferredCallbacks.php(22): Illuminate\\Pipeline\\Pipeline->{closure:{closure:Illuminate\\Pipeline\\Pipeline::carry():184}:185}(Object(Illuminate\\Http\\Request))
#50 /Users/lkmdigital/monbeaupays.com/backend/vendor/laravel/framework/src/Illuminate/Pipeline/Pipeline.php(209): Illuminate\\Foundation\\Http\\Middleware\\InvokeDeferredCallbacks->handle(Object(Illuminate\\Http\\Request), Object(Closure))
#51 /Users/lkmdigital/monbeaupays.com/backend/vendor/laravel/framework/src/Illuminate/Pipeline/Pipeline.php(127): Illuminate\\Pipeline\\Pipeline->{closure:{closure:Illuminate\\Pipeline\\Pipeline::carry():184}:185}(Object(Illuminate\\Http\\Request))
#52 /Users/lkmdigital/monbeaupays.com/backend/vendor/laravel/framework/src/Illuminate/Foundation/Http/Kernel.php(176): Illuminate\\Pipeline\\Pipeline->then(Object(Closure))
#53 /Users/lkmdigital/monbeaupays.com/backend/vendor/laravel/framework/src/Illuminate/Foundation/Http/Kernel.php(145): Illuminate\\Foundation\\Http\\Kernel->sendRequestThroughRouter(Object(Illuminate\\Http\\Request))
#54 /Users/lkmdigital/monbeaupays.com/backend/public/index.php(17): Illuminate\\Foundation\\Http\\Kernel->handle(Object(Illuminate\\Http\\Request))
#55 /Users/lkmdigital/monbeaupays.com/backend/vendor/laravel/framework/src/Illuminate/Foundation/resources/server.php(23): require_once('/Users/lkmdigit...')
#56 {main}
"} 
[2025-11-14 09:41:16] local.ERROR: SQLSTATE[42S02]: Base table or view not found: 1146 Table 'monbeaupays.cache' doesn't exist (Connection: mysql, SQL: delete from `cache`) {"exception":"[object] (Illuminate\\Database\\QueryException(code: 42S02): SQLSTATE[42S02]: Base table or view not found: 1146 Table 'monbeaupays.cache' doesn't exist (Connection: mysql, SQL: delete from `cache`) at /Users/lkmdigital/monbeaupays.com/backend/vendor/laravel/framework/src/Illuminate/Database/Connection.php:825)
[stacktrace]
#0 /Users/lkmdigital/monbeaupays.com/backend/vendor/laravel/framework/src/Illuminate/Database/Connection.php(779): Illuminate\\Database\\Connection->runQueryCallback('delete from `ca...', Array, Object(Closure))
#1 /Users/lkmdigital/monbeaupays.com/backend/vendor/laravel/framework/src/Illuminate/Database/Connection.php(584): Illuminate\\Database\\Connection->run('delete from `ca...', Array, Object(Closure))
#2 /Users/lkmdigital/monbeaupays.com/backend/vendor/laravel/framework/src/Illuminate/Database/Connection.php(548): Illuminate\\Database\\Connection->affectingStatement('delete from `ca...', Array)
#3 /Users/lkmdigital/monbeaupays.com/backend/vendor/laravel/framework/src/Illuminate/Database/Query/Builder.php(4024): Illuminate\\Database\\Connection->delete('delete from `ca...', Array)
#4 /Users/lkmdigital/monbeaupays.com/backend/vendor/laravel/framework/src/Illuminate/Cache/DatabaseStore.php(422): Illuminate\\Database\\Query\\Builder->delete()
#5 /Users/lkmdigital/monbeaupays.com/backend/vendor/laravel/framework/src/Illuminate/Cache/Repository.php(792): Illuminate\\Cache\\DatabaseStore->flush()
#6 /Users/lkmdigital/monbeaupays.com/backend/vendor/laravel/framework/src/Illuminate/Cache/Console/ClearCommand.php(69): Illuminate\\Cache\\Repository->__call('flush', Array)
#7 /Users/lkmdigital/monbeaupays.com/backend/vendor/laravel/framework/src/Illuminate/Container/BoundMethod.php(36): Illuminate\\Cache\\Console\\ClearCommand->handle()
#8 /Users/lkmdigital/monbeaupays.com/backend/vendor/laravel/framework/src/Illuminate/Container/Util.php(43): Illuminate\\Container\\BoundMethod::{closure:Illuminate\\Container\\BoundMethod::call():35}()
#9 /Users/lkmdigital/monbeaupays.com/backend/vendor/laravel/framework/src/Illuminate/Container/BoundMethod.php(95): Illuminate\\Container\\Util::unwrapIfClosure(Object(Closure))
#10 /Users/lkmdigital/monbeaupays.com/backend/vendor/laravel/framework/src/Illuminate/Container/BoundMethod.php(35): Illuminate\\Container\\BoundMethod::callBoundMethod(Object(Illuminate\\Foundation\\Application), Array, Object(Closure))
#11 /Users/lkmdigital/monbeaupays.com/backend/vendor/laravel/framework/src/Illuminate/Container/Container.php(696): Illuminate\\Container\\BoundMethod::call(Object(Illuminate\\Foundation\\Application), Array, Array, NULL)
#12 /Users/lkmdigital/monbeaupays.com/backend/vendor/laravel/framework/src/Illuminate/Console/Command.php(213): Illuminate\\Container\\Container->call(Array)
#13 /Users/lkmdigital/monbeaupays.com/backend/vendor/symfony/console/Command/Command.php(318): Illuminate\\Console\\Command->execute(Object(Symfony\\Component\\Console\\Input\\ArgvInput), Object(Illuminate\\Console\\OutputStyle))
#14 /Users/lkmdigital/monbeaupays.com/backend/vendor/laravel/framework/src/Illuminate/Console/Command.php(182): Symfony\\Component\\Console\\Command\\Command->run(Object(Symfony\\Component\\Console\\Input\\ArgvInput), Object(Illuminate\\Console\\OutputStyle))
#15 /Users/lkmdigital/monbeaupays.com/backend/vendor/symfony/console/Application.php(1073): Illuminate\\Console\\Command->run(Object(Symfony\\Component\\Console\\Input\\ArgvInput), Object(Symfony\\Component\\Console\\Output\\ConsoleOutput))
#16 /Users/lkmdigital/monbeaupays.com/backend/vendor/symfony/console/Application.php(356): Symfony\\Component\\Console\\Application->doRunCommand(Object(Illuminate\\Cache\\Console\\ClearCommand), Object(Symfony\\Component\\Console\\Input\\ArgvInput), Object(Symfony\\Component\\Console\\Output\\ConsoleOutput))
#17 /Users/lkmdigital/monbeaupays.com/backend/vendor/symfony/console/Application.php(195): Symfony\\Component\\Console\\Application->doRun(Object(Symfony\\Component\\Console\\Input\\ArgvInput), Object(Symfony\\Component\\Console\\Output\\ConsoleOutput))
#18 /Users/lkmdigital/monbeaupays.com/backend/vendor/laravel/framework/src/Illuminate/Foundation/Console/Kernel.php(198): Symfony\\Component\\Console\\Application->run(Object(Symfony\\Component\\Console\\Input\\ArgvInput), Object(Symfony\\Component\\Console\\Output\\ConsoleOutput))
#19 /Users/lkmdigital/monbeaupays.com/backend/artisan(12): Illuminate\\Foundation\\Console\\Kernel->handle(Object(Symfony\\Component\\Console\\Input\\ArgvInput), Object(Symfony\\Component\\Console\\Output\\ConsoleOutput))
#20 {main}

[previous exception] [object] (PDOException(code: 42S02): SQLSTATE[42S02]: Base table or view not found: 1146 Table 'monbeaupays.cache' doesn't exist at /Users/lkmdigital/monbeaupays.com/backend/vendor/laravel/framework/src/Illuminate/Database/Connection.php:592)
[stacktrace]
#0 /Users/lkmdigital/monbeaupays.com/backend/vendor/laravel/framework/src/Illuminate/Database/Connection.php(592): PDO->prepare('delete from `ca...')
#1 /Users/lkmdigital/monbeaupays.com/backend/vendor/laravel/framework/src/Illuminate/Database/Connection.php(812): Illuminate\\Database\\Connection->{closure:Illuminate\\Database\\Connection::affectingStatement():584}('delete from `ca...', Array)
#2 /Users/lkmdigital/monbeaupays.com/backend/vendor/laravel/framework/src/Illuminate/Database/Connection.php(779): Illuminate\\Database\\Connection->runQueryCallback('delete from `ca...', Array, Object(Closure))
#3 /Users/lkmdigital/monbeaupays.com/backend/vendor/laravel/framework/src/Illuminate/Database/Connection.php(584): Illuminate\\Database\\Connection->run('delete from `ca...', Array, Object(Closure))
#4 /Users/lkmdigital/monbeaupays.com/backend/vendor/laravel/framework/src/Illuminate/Database/Connection.php(548): Illuminate\\Database\\Connection->affectingStatement('delete from `ca...', Array)
#5 /Users/lkmdigital/monbeaupays.com/backend/vendor/laravel/framework/src/Illuminate/Database/Query/Builder.php(4024): Illuminate\\Database\\Connection->delete('delete from `ca...', Array)
#6 /Users/lkmdigital/monbeaupays.com/backend/vendor/laravel/framework/src/Illuminate/Cache/DatabaseStore.php(422): Illuminate\\Database\\Query\\Builder->delete()
#7 /Users/lkmdigital/monbeaupays.com/backend/vendor/laravel/framework/src/Illuminate/Cache/Repository.php(792): Illuminate\\Cache\\DatabaseStore->flush()
#8 /Users/lkmdigital/monbeaupays.com/backend/vendor/laravel/framework/src/Illuminate/Cache/Console/ClearCommand.php(69): Illuminate\\Cache\\Repository->__call('flush', Array)
#9 /Users/lkmdigital/monbeaupays.com/backend/vendor/laravel/framework/src/Illuminate/Container/BoundMethod.php(36): Illuminate\\Cache\\Console\\ClearCommand->handle()
#10 /Users/lkmdigital/monbeaupays.com/backend/vendor/laravel/framework/src/Illuminate/Container/Util.php(43): Illuminate\\Container\\BoundMethod::{closure:Illuminate\\Container\\BoundMethod::call():35}()
#11 /Users/lkmdigital/monbeaupays.com/backend/vendor/laravel/framework/src/Illuminate/Container/BoundMethod.php(95): Illuminate\\Container\\Util::unwrapIfClosure(Object(Closure))
#12 /Users/lkmdigital/monbeaupays.com/backend/vendor/laravel/framework/src/Illuminate/Container/BoundMethod.php(35): Illuminate\\Container\\BoundMethod::callBoundMethod(Object(Illuminate\\Foundation\\Application), Array, Object(Closure))
#13 /Users/lkmdigital/monbeaupays.com/backend/vendor/laravel/framework/src/Illuminate/Container/Container.php(696): Illuminate\\Container\\BoundMethod::call(Object(Illuminate\\Foundation\\Application), Array, Array, NULL)
#14 /Users/lkmdigital/monbeaupays.com/backend/vendor/laravel/framework/src/Illuminate/Console/Command.php(213): Illuminate\\Container\\Container->call(Array)
#15 /Users/lkmdigital/monbeaupays.com/backend/vendor/symfony/console/Command/Command.php(318): Illuminate\\Console\\Command->execute(Object(Symfony\\Component\\Console\\Input\\ArgvInput), Object(Illuminate\\Console\\OutputStyle))
#16 /Users/lkmdigital/monbeaupays.com/backend/vendor/laravel/framework/src/Illuminate/Console/Command.php(182): Symfony\\Component\\Console\\Command\\Command->run(Object(Symfony\\Component\\Console\\Input\\ArgvInput), Object(Illuminate\\Console\\OutputStyle))
#17 /Users/lkmdigital/monbeaupays.com/backend/vendor/symfony/console/Application.php(1073): Illuminate\\Console\\Command->run(Object(Symfony\\Component\\Console\\Input\\ArgvInput), Object(Symfony\\Component\\Console\\Output\\ConsoleOutput))
#18 /Users/lkmdigital/monbeaupays.com/backend/vendor/symfony/console/Application.php(356): Symfony\\Component\\Console\\Application->doRunCommand(Object(Illuminate\\Cache\\Console\\ClearCommand), Object(Symfony\\Component\\Console\\Input\\ArgvInput), Object(Symfony\\Component\\Console\\Output\\ConsoleOutput))
#19 /Users/lkmdigital/monbeaupays.com/backend/vendor/symfony/console/Application.php(195): Symfony\\Component\\Console\\Application->doRun(Object(Symfony\\Component\\Console\\Input\\ArgvInput), Object(Symfony\\Component\\Console\\Output\\ConsoleOutput))
#20 /Users/lkmdigital/monbeaupays.com/backend/vendor/laravel/framework/src/Illuminate/Foundation/Console/Kernel.php(198): Symfony\\Component\\Console\\Application->run(Object(Symfony\\Component\\Console\\Input\\ArgvInput), Object(Symfony\\Component\\Console\\Output\\ConsoleOutput))
#21 /Users/lkmdigital/monbeaupays.com/backend/artisan(12): Illuminate\\Foundation\\Console\\Kernel->handle(Object(Symfony\\Component\\Console\\Input\\ArgvInput), Object(Symfony\\Component\\Console\\Output\\ConsoleOutput))
#22 {main}
"} 
[2025-11-14 09:41:58] local.INFO: === UPLOAD MEDIA REQUEST RECEIVED === {"accommodation_id":"5","user_id":2,"has_files":true,"has_files_array":false,"content_type":"multipart/form-data; boundary=----WebKitFormBoundaryWo0tzJdR8lUBhKAy","all_files_keys":["media"],"request_method":"POST"} 
[2025-11-14 09:41:58] local.INFO: Files received {"accommodation_id":"5","files_count":6,"is_array":true,"all_files":["media"]} 
[2025-11-14 09:41:58] local.INFO: Processing media files {"accommodation_id":"5","files_count":6} 
[2025-11-14 09:41:58] local.INFO: Image uploaded successfully {"accommodation_id":5,"file_name":"1759753903.png","file_size":2057740,"file_mime":"image/png","path":"accommodations/5/LkoeO7Tb19iXwpso0DPJWdt5vP1nlxaz6SW2FfdB.png","url":"/storage/accommodations/5/LkoeO7Tb19iXwpso0DPJWdt5vP1nlxaz6SW2FfdB.png","full_url":"http://localhost:8000/storage/accommodations/5/LkoeO7Tb19iXwpso0DPJWdt5vP1nlxaz6SW2FfdB.png"} 
[2025-11-14 09:41:58] local.INFO: Image uploaded successfully {"accommodation_id":5,"file_name":"1759753982.png","file_size":1355193,"file_mime":"image/png","path":"accommodations/5/Fv2P0EpZWJqgLenHnmuPa4ecJMVuKApqkXrr2wJF.png","url":"/storage/accommodations/5/Fv2P0EpZWJqgLenHnmuPa4ecJMVuKApqkXrr2wJF.png","full_url":"http://localhost:8000/storage/accommodations/5/Fv2P0EpZWJqgLenHnmuPa4ecJMVuKApqkXrr2wJF.png"} 
[2025-11-14 09:41:58] local.INFO: Image uploaded successfully {"accommodation_id":5,"file_name":"1759754051.png","file_size":1351850,"file_mime":"image/png","path":"accommodations/5/kNqCWSighCL0HcNkGQwEL1zVbKmJREHgdbRLwVfz.png","url":"/storage/accommodations/5/kNqCWSighCL0HcNkGQwEL1zVbKmJREHgdbRLwVfz.png","full_url":"http://localhost:8000/storage/accommodations/5/kNqCWSighCL0HcNkGQwEL1zVbKmJREHgdbRLwVfz.png"} 
[2025-11-14 09:41:58] local.INFO: Image uploaded successfully {"accommodation_id":5,"file_name":"1759754432.png","file_size":1160727,"file_mime":"image/png","path":"accommodations/5/7gicUiWvyxNcpyraCYGXwAfVV3TuRrLGw4a1oJQf.png","url":"/storage/accommodations/5/7gicUiWvyxNcpyraCYGXwAfVV3TuRrLGw4a1oJQf.png","full_url":"http://localhost:8000/storage/accommodations/5/7gicUiWvyxNcpyraCYGXwAfVV3TuRrLGw4a1oJQf.png"} 
[2025-11-14 09:41:58] local.INFO: Image uploaded successfully {"accommodation_id":5,"file_name":"1759755032.png","file_size":1115583,"file_mime":"image/png","path":"accommodations/5/GBLJnnvipaZO7Dcqm3XIxfrv55ShwvDVq7qpVwA0.png","url":"/storage/accommodations/5/GBLJnnvipaZO7Dcqm3XIxfrv55ShwvDVq7qpVwA0.png","full_url":"http://localhost:8000/storage/accommodations/5/GBLJnnvipaZO7Dcqm3XIxfrv55ShwvDVq7qpVwA0.png"} 
[2025-11-14 09:41:58] local.INFO: Image uploaded successfully {"accommodation_id":5,"file_name":"1759759781.png","file_size":1155213,"file_mime":"image/png","path":"accommodations/5/hmnZU2NV6txhw6JDDrui2Ykd5LFhQo3KyCFaUhSA.png","url":"/storage/accommodations/5/hmnZU2NV6txhw6JDDrui2Ykd5LFhQo3KyCFaUhSA.png","full_url":"http://localhost:8000/storage/accommodations/5/hmnZU2NV6txhw6JDDrui2Ykd5LFhQo3KyCFaUhSA.png"} 
[2025-11-14 09:46:10] local.INFO: === UPLOAD MEDIA REQUEST RECEIVED === {"accommodation_id":"2","user_id":2,"has_files":true,"has_files_array":false,"content_type":"multipart/form-data; boundary=----WebKitFormBoundary8CPugndFsEWU1LAo","all_files_keys":["media"],"request_method":"POST"} 
[2025-11-14 09:46:10] local.INFO: Files received {"accommodation_id":"2","files_count":4,"is_array":true,"all_files":["media"]} 
[2025-11-14 09:46:10] local.INFO: Processing media files {"accommodation_id":"2","files_count":4} 
[2025-11-14 09:46:10] local.INFO: Image uploaded successfully {"accommodation_id":2,"file_name":"Screenshot_1753106868.png","file_size":346195,"file_mime":"image/png","path":"accommodations/2/7SAaZbGgBFhWIJa7RroWOMjInVSrMYyGlsd1lBym.png","url":"/storage/accommodations/2/7SAaZbGgBFhWIJa7RroWOMjInVSrMYyGlsd1lBym.png","full_url":"http://localhost:8000/storage/accommodations/2/7SAaZbGgBFhWIJa7RroWOMjInVSrMYyGlsd1lBym.png"} 
[2025-11-14 09:46:10] local.INFO: Image uploaded successfully {"accommodation_id":2,"file_name":"Screenshot_1754902458.png","file_size":217799,"file_mime":"image/png","path":"accommodations/2/i1EvWFZeEQWDGPscrr1zKX7hRjAI0Pix6EqVYa73.png","url":"/storage/accommodations/2/i1EvWFZeEQWDGPscrr1zKX7hRjAI0Pix6EqVYa73.png","full_url":"http://localhost:8000/storage/accommodations/2/i1EvWFZeEQWDGPscrr1zKX7hRjAI0Pix6EqVYa73.png"} 
[2025-11-14 09:46:10] local.INFO: Image uploaded successfully {"accommodation_id":2,"file_name":"Screenshot_1756371040.png","file_size":241364,"file_mime":"image/png","path":"accommodations/2/bKVRhKgY5ddQh6jOSOy2MgLo1W1AbV5hARVsdQJc.png","url":"/storage/accommodations/2/bKVRhKgY5ddQh6jOSOy2MgLo1W1AbV5hARVsdQJc.png","full_url":"http://localhost:8000/storage/accommodations/2/bKVRhKgY5ddQh6jOSOy2MgLo1W1AbV5hARVsdQJc.png"} 
[2025-11-14 09:46:10] local.INFO: Image uploaded successfully {"accommodation_id":2,"file_name":"Screenshot_1756371047.png","file_size":162444,"file_mime":"image/png","path":"accommodations/2/WwZC8BVfzHOxCvij92UnoQXAYX0TnWGnDqDSy1Eu.png","url":"/storage/accommodations/2/WwZC8BVfzHOxCvij92UnoQXAYX0TnWGnDqDSy1Eu.png","full_url":"http://localhost:8000/storage/accommodations/2/WwZC8BVfzHOxCvij92UnoQXAYX0TnWGnDqDSy1Eu.png"} 
[2025-11-18 10:23:32] local.INFO: Accommodation store request received {"user_id":2,"profile_completed":1,"profile_verified":1,"payload_preview":{"name":"hôte yatchinin vallon","type":"hotel","city":"abidjan","price_per_night":26000,"max_guests":"4"}} 
[2025-11-18 10:23:32] local.INFO: Accommodation request validated successfully {"user_id":2,"amenities_count":17,"room_types_count":5} 
[2025-11-18 10:23:32] local.INFO: Accommodation created successfully {"accommodation_id":8,"user_id":2,"slug":"hote-yatchinin-vallon"} 
[2025-11-18 10:26:17] local.INFO: === UPLOAD MEDIA REQUEST RECEIVED === {"accommodation_id":"8","user_id":2,"has_files":true,"has_files_array":false,"content_type":"multipart/form-data; boundary=----WebKitFormBoundaryIfFFdTpppH48Zy0n","all_files_keys":["media"],"request_method":"POST"} 
[2025-11-18 10:26:17] local.INFO: Files received {"accommodation_id":"8","files_count":6,"is_array":true,"all_files":["media"]} 
[2025-11-18 10:26:17] local.INFO: Processing media files {"accommodation_id":"8","files_count":6} 
[2025-11-18 10:26:19] local.INFO: === UPLOAD MEDIA REQUEST RECEIVED === {"accommodation_id":"8","user_id":2,"has_files":true,"has_files_array":false,"content_type":"multipart/form-data; boundary=----WebKitFormBoundarypqKDakviO56oNtwV","all_files_keys":["media"],"request_method":"POST"} 
[2025-11-18 10:26:19] local.INFO: Files received {"accommodation_id":"8","files_count":6,"is_array":true,"all_files":["media"]} 
[2025-11-18 10:26:19] local.INFO: Processing media files {"accommodation_id":"8","files_count":6} 
[2025-11-18 10:26:21] local.INFO: === UPLOAD MEDIA REQUEST RECEIVED === {"accommodation_id":"8","user_id":2,"has_files":true,"has_files_array":false,"content_type":"multipart/form-data; boundary=----WebKitFormBoundaryH7cgzvoacm9174I9","all_files_keys":["media"],"request_method":"POST"} 
[2025-11-18 10:26:21] local.INFO: Files received {"accommodation_id":"8","files_count":6,"is_array":true,"all_files":["media"]} 
[2025-11-18 10:26:21] local.INFO: Processing media files {"accommodation_id":"8","files_count":6} 
[2025-11-18 10:26:22] local.INFO: === UPLOAD MEDIA REQUEST RECEIVED === {"accommodation_id":"8","user_id":2,"has_files":true,"has_files_array":false,"content_type":"multipart/form-data; boundary=----WebKitFormBoundaryJjZRd6dv400r0gPv","all_files_keys":["media"],"request_method":"POST"} 
[2025-11-18 10:26:22] local.INFO: Files received {"accommodation_id":"8","files_count":6,"is_array":true,"all_files":["media"]} 
[2025-11-18 10:26:22] local.INFO: Processing media files {"accommodation_id":"8","files_count":6} 
[2025-11-18 10:50:28] local.INFO: === UPLOAD MEDIA REQUEST RECEIVED === {"accommodation_id":"8","user_id":2,"has_files":true,"has_files_array":false,"content_type":"multipart/form-data; boundary=----WebKitFormBoundary9Wl9yYgRGUB95Fik","all_files_keys":["media"],"request_method":"POST"} 
[2025-11-18 10:50:28] local.INFO: Files received {"accommodation_id":"8","files_count":9,"is_array":true,"all_files":["media"]} 
[2025-11-18 10:50:28] local.INFO: Processing media files {"accommodation_id":"8","files_count":9} 
[2025-11-18 10:50:28] local.INFO: Image uploaded successfully {"accommodation_id":8,"file_name":"Screenshot_1753106868.png","file_size":346195,"file_mime":"image/png","path":"accommodations/8/TbmyQCSjuGo8Gb6XrBzQ3Y6jOPTLp1XRggv0sKuD.png","url":"/storage/accommodations/8/TbmyQCSjuGo8Gb6XrBzQ3Y6jOPTLp1XRggv0sKuD.png","full_url":"http://localhost:8000/storage/accommodations/8/TbmyQCSjuGo8Gb6XrBzQ3Y6jOPTLp1XRggv0sKuD.png"} 
[2025-11-18 10:50:28] local.INFO: Image uploaded successfully {"accommodation_id":8,"file_name":"Screenshot_1754902458.png","file_size":217799,"file_mime":"image/png","path":"accommodations/8/sfH89MAcna8z7WzI1BhP0HlZfux2FRXtJqm3NOev.png","url":"/storage/accommodations/8/sfH89MAcna8z7WzI1BhP0HlZfux2FRXtJqm3NOev.png","full_url":"http://localhost:8000/storage/accommodations/8/sfH89MAcna8z7WzI1BhP0HlZfux2FRXtJqm3NOev.png"} 
[2025-11-18 10:50:28] local.INFO: Image uploaded successfully {"accommodation_id":8,"file_name":"Screenshot_1756371040.png","file_size":241364,"file_mime":"image/png","path":"accommodations/8/YZcytnk3lsaysbq8TBXrVMfZYp5rZEaLGsszNgUU.png","url":"/storage/accommodations/8/YZcytnk3lsaysbq8TBXrVMfZYp5rZEaLGsszNgUU.png","full_url":"http://localhost:8000/storage/accommodations/8/YZcytnk3lsaysbq8TBXrVMfZYp5rZEaLGsszNgUU.png"} 
[2025-11-18 10:50:28] local.INFO: Image uploaded successfully {"accommodation_id":8,"file_name":"Screenshot_1756371047.png","file_size":162444,"file_mime":"image/png","path":"accommodations/8/Xf2PijwjsR7PCUkVyKrrllo1LdcNi4JICVzz9s0H.png","url":"/storage/accommodations/8/Xf2PijwjsR7PCUkVyKrrllo1LdcNi4JICVzz9s0H.png","full_url":"http://localhost:8000/storage/accommodations/8/Xf2PijwjsR7PCUkVyKrrllo1LdcNi4JICVzz9s0H.png"} 
[2025-11-18 10:50:28] local.INFO: Image uploaded successfully {"accommodation_id":8,"file_name":"Screenshot_1756371089.png","file_size":144597,"file_mime":"image/png","path":"accommodations/8/t8DODiRELzEzLWiOE5z2F7c0mC4HmWWANoVvq58n.png","url":"/storage/accommodations/8/t8DODiRELzEzLWiOE5z2F7c0mC4HmWWANoVvq58n.png","full_url":"http://localhost:8000/storage/accommodations/8/t8DODiRELzEzLWiOE5z2F7c0mC4HmWWANoVvq58n.png"} 
[2025-11-18 10:50:28] local.INFO: Image uploaded successfully {"accommodation_id":8,"file_name":"Screenshot_1756371092.png","file_size":68880,"file_mime":"image/png","path":"accommodations/8/1mDu532eS0ZpoPrtTgs3VWi1Hs2StmT1M8nYmEj3.png","url":"/storage/accommodations/8/1mDu532eS0ZpoPrtTgs3VWi1Hs2StmT1M8nYmEj3.png","full_url":"http://localhost:8000/storage/accommodations/8/1mDu532eS0ZpoPrtTgs3VWi1Hs2StmT1M8nYmEj3.png"} 
[2025-11-18 10:50:28] local.INFO: Image uploaded successfully {"accommodation_id":8,"file_name":"Screenshot_1756371095.png","file_size":133383,"file_mime":"image/png","path":"accommodations/8/WUHLRQnQHfkdZce4OZPAOI99TOzaTIHvxdaUfCJH.png","url":"/storage/accommodations/8/WUHLRQnQHfkdZce4OZPAOI99TOzaTIHvxdaUfCJH.png","full_url":"http://localhost:8000/storage/accommodations/8/WUHLRQnQHfkdZce4OZPAOI99TOzaTIHvxdaUfCJH.png"} 
[2025-11-18 10:50:28] local.INFO: Image uploaded successfully {"accommodation_id":8,"file_name":"Screenshot_1762217731.png","file_size":140014,"file_mime":"image/png","path":"accommodations/8/oNoJOZXnhmFuv3HRiMURiNvuOwiNHDqqErYhYXMU.png","url":"/storage/accommodations/8/oNoJOZXnhmFuv3HRiMURiNvuOwiNHDqqErYhYXMU.png","full_url":"http://localhost:8000/storage/accommodations/8/oNoJOZXnhmFuv3HRiMURiNvuOwiNHDqqErYhYXMU.png"} 
[2025-11-18 10:50:28] local.INFO: Image uploaded successfully {"accommodation_id":8,"file_name":"Screenshot_1762217733.png","file_size":140014,"file_mime":"image/png","path":"accommodations/8/2gHePfmUWLQS2LV9mhV7NdO12GBaDlvPS6Ydzpxy.png","url":"/storage/accommodations/8/2gHePfmUWLQS2LV9mhV7NdO12GBaDlvPS6Ydzpxy.png","full_url":"http://localhost:8000/storage/accommodations/8/2gHePfmUWLQS2LV9mhV7NdO12GBaDlvPS6Ydzpxy.png"} 
[2025-11-19 14:06:12] local.ERROR: SQLSTATE[42000]: Syntax error or access violation: 1061 Duplicate key name 'admin_notes_noteable_type_noteable_id_index' (Connection: mysql, SQL: alter table `admin_notes` add index `admin_notes_noteable_type_noteable_id_index`(`noteable_type`, `noteable_id`)) {"exception":"[object] (Illuminate\\Database\\QueryException(code: 42000): SQLSTATE[42000]: Syntax error or access violation: 1061 Duplicate key name 'admin_notes_noteable_type_noteable_id_index' (Connection: mysql, SQL: alter table `admin_notes` add index `admin_notes_noteable_type_noteable_id_index`(`noteable_type`, `noteable_id`)) at /Users/lkmdigital/monbeaupays.com/backend/vendor/laravel/framework/src/Illuminate/Database/Connection.php:825)
[stacktrace]
#0 /Users/lkmdigital/monbeaupays.com/backend/vendor/laravel/framework/src/Illuminate/Database/Connection.php(779): Illuminate\\Database\\Connection->runQueryCallback('alter table `ad...', Array, Object(Closure))
#1 /Users/lkmdigital/monbeaupays.com/backend/vendor/laravel/framework/src/Illuminate/Database/Connection.php(560): Illuminate\\Database\\Connection->run('alter table `ad...', Array, Object(Closure))
#2 /Users/lkmdigital/monbeaupays.com/backend/vendor/laravel/framework/src/Illuminate/Database/Schema/Blueprint.php(118): Illuminate\\Database\\Connection->statement('alter table `ad...')
#3 /Users/lkmdigital/monbeaupays.com/backend/vendor/laravel/framework/src/Illuminate/Database/Schema/Builder.php(564): Illuminate\\Database\\Schema\\Blueprint->build(Object(Illuminate\\Database\\MySqlConnection), Object(Illuminate\\Database\\Schema\\Grammars\\MySqlGrammar))
#4 /Users/lkmdigital/monbeaupays.com/backend/vendor/laravel/framework/src/Illuminate/Database/Schema/Builder.php(418): Illuminate\\Database\\Schema\\Builder->build(Object(Illuminate\\Database\\Schema\\Blueprint))
#5 /Users/lkmdigital/monbeaupays.com/backend/vendor/laravel/framework/src/Illuminate/Support/Facades/Facade.php(361): Illuminate\\Database\\Schema\\Builder->create('admin_notes', Object(Closure))
#6 /Users/lkmdigital/monbeaupays.com/backend/database/migrations/2025_11_19_000013_create_admin_notes_table.php(17): Illuminate\\Support\\Facades\\Facade::__callStatic('create', Array)
#7 /Users/lkmdigital/monbeaupays.com/backend/vendor/laravel/framework/src/Illuminate/Database/Migrations/Migrator.php(507): Illuminate\\Database\\Migrations\\Migration@anonymous->up()
#8 /Users/lkmdigital/monbeaupays.com/backend/vendor/laravel/framework/src/Illuminate/Database/Migrations/Migrator.php(432): Illuminate\\Database\\Migrations\\Migrator->runMethod(Object(Illuminate\\Database\\MySqlConnection), Object(Illuminate\\Database\\Migrations\\Migration@anonymous), 'up')
#9 /Users/lkmdigital/monbeaupays.com/backend/vendor/laravel/framework/src/Illuminate/Database/Migrations/Migrator.php(441): Illuminate\\Database\\Migrations\\Migrator->{closure:Illuminate\\Database\\Migrations\\Migrator::runMigration():428}()
#10 /Users/lkmdigital/monbeaupays.com/backend/vendor/laravel/framework/src/Illuminate/Database/Migrations/Migrator.php(244): Illuminate\\Database\\Migrations\\Migrator->runMigration(Object(Illuminate\\Database\\Migrations\\Migration@anonymous), 'up')
#11 /Users/lkmdigital/monbeaupays.com/backend/vendor/laravel/framework/src/Illuminate/Console/View/Components/Task.php(40): Illuminate\\Database\\Migrations\\Migrator->{closure:Illuminate\\Database\\Migrations\\Migrator::runUp():244}()
#12 /Users/lkmdigital/monbeaupays.com/backend/vendor/laravel/framework/src/Illuminate/Database/Migrations/Migrator.php(798): Illuminate\\Console\\View\\Components\\Task->render('2025_11_19_0000...', Object(Closure))
#13 /Users/lkmdigital/monbeaupays.com/backend/vendor/laravel/framework/src/Illuminate/Database/Migrations/Migrator.php(244): Illuminate\\Database\\Migrations\\Migrator->write('Illuminate\\\\Cons...', '2025_11_19_0000...', Object(Closure))
#14 /Users/lkmdigital/monbeaupays.com/backend/vendor/laravel/framework/src/Illuminate/Database/Migrations/Migrator.php(211): Illuminate\\Database\\Migrations\\Migrator->runUp('/Users/lkmdigit...', 13, false)
#15 /Users/lkmdigital/monbeaupays.com/backend/vendor/laravel/framework/src/Illuminate/Database/Migrations/Migrator.php(138): Illuminate\\Database\\Migrations\\Migrator->runPending(Array, Array)
#16 /Users/lkmdigital/monbeaupays.com/backend/vendor/laravel/framework/src/Illuminate/Database/Console/Migrations/MigrateCommand.php(117): Illuminate\\Database\\Migrations\\Migrator->run(Array, Array)
#17 /Users/lkmdigital/monbeaupays.com/backend/vendor/laravel/framework/src/Illuminate/Database/Migrations/Migrator.php(658): Illuminate\\Database\\Console\\Migrations\\MigrateCommand->{closure:Illuminate\\Database\\Console\\Migrations\\MigrateCommand::runMigrations():110}()
#18 /Users/lkmdigital/monbeaupays.com/backend/vendor/laravel/framework/src/Illuminate/Database/Console/Migrations/MigrateCommand.php(110): Illuminate\\Database\\Migrations\\Migrator->usingConnection(NULL, Object(Closure))
#19 /Users/lkmdigital/monbeaupays.com/backend/vendor/laravel/framework/src/Illuminate/Database/Console/Migrations/MigrateCommand.php(89): Illuminate\\Database\\Console\\Migrations\\MigrateCommand->runMigrations()
#20 /Users/lkmdigital/monbeaupays.com/backend/vendor/laravel/framework/src/Illuminate/Container/BoundMethod.php(36): Illuminate\\Database\\Console\\Migrations\\MigrateCommand->handle()
#21 /Users/lkmdigital/monbeaupays.com/backend/vendor/laravel/framework/src/Illuminate/Container/Util.php(43): Illuminate\\Container\\BoundMethod::{closure:Illuminate\\Container\\BoundMethod::call():35}()
#22 /Users/lkmdigital/monbeaupays.com/backend/vendor/laravel/framework/src/Illuminate/Container/BoundMethod.php(95): Illuminate\\Container\\Util::unwrapIfClosure(Object(Closure))
#23 /Users/lkmdigital/monbeaupays.com/backend/vendor/laravel/framework/src/Illuminate/Container/BoundMethod.php(35): Illuminate\\Container\\BoundMethod::callBoundMethod(Object(Illuminate\\Foundation\\Application), Array, Object(Closure))
#24 /Users/lkmdigital/monbeaupays.com/backend/vendor/laravel/framework/src/Illuminate/Container/Container.php(696): Illuminate\\Container\\BoundMethod::call(Object(Illuminate\\Foundation\\Application), Array, Array, NULL)
#25 /Users/lkmdigital/monbeaupays.com/backend/vendor/laravel/framework/src/Illuminate/Console/Command.php(213): Illuminate\\Container\\Container->call(Array)
#26 /Users/lkmdigital/monbeaupays.com/backend/vendor/symfony/console/Command/Command.php(318): Illuminate\\Console\\Command->execute(Object(Symfony\\Component\\Console\\Input\\ArgvInput), Object(Illuminate\\Console\\OutputStyle))
#27 /Users/lkmdigital/monbeaupays.com/backend/vendor/laravel/framework/src/Illuminate/Console/Command.php(182): Symfony\\Component\\Console\\Command\\Command->run(Object(Symfony\\Component\\Console\\Input\\ArgvInput), Object(Illuminate\\Console\\OutputStyle))
#28 /Users/lkmdigital/monbeaupays.com/backend/vendor/symfony/console/Application.php(1073): Illuminate\\Console\\Command->run(Object(Symfony\\Component\\Console\\Input\\ArgvInput), Object(Symfony\\Component\\Console\\Output\\ConsoleOutput))
#29 /Users/lkmdigital/monbeaupays.com/backend/vendor/symfony/console/Application.php(356): Symfony\\Component\\Console\\Application->doRunCommand(Object(Illuminate\\Database\\Console\\Migrations\\MigrateCommand), Object(Symfony\\Component\\Console\\Input\\ArgvInput), Object(Symfony\\Component\\Console\\Output\\ConsoleOutput))
#30 /Users/lkmdigital/monbeaupays.com/backend/vendor/symfony/console/Application.php(195): Symfony\\Component\\Console\\Application->doRun(Object(Symfony\\Component\\Console\\Input\\ArgvInput), Object(Symfony\\Component\\Console\\Output\\ConsoleOutput))
#31 /Users/lkmdigital/monbeaupays.com/backend/vendor/laravel/framework/src/Illuminate/Foundation/Console/Kernel.php(198): Symfony\\Component\\Console\\Application->run(Object(Symfony\\Component\\Console\\Input\\ArgvInput), Object(Symfony\\Component\\Console\\Output\\ConsoleOutput))
#32 /Users/lkmdigital/monbeaupays.com/backend/artisan(12): Illuminate\\Foundation\\Console\\Kernel->handle(Object(Symfony\\Component\\Console\\Input\\ArgvInput), Object(Symfony\\Component\\Console\\Output\\ConsoleOutput))
#33 {main}

[previous exception] [object] (PDOException(code: 42000): SQLSTATE[42000]: Syntax error or access violation: 1061 Duplicate key name 'admin_notes_noteable_type_noteable_id_index' at /Users/lkmdigital/monbeaupays.com/backend/vendor/laravel/framework/src/Illuminate/Database/Connection.php:571)
[stacktrace]
#0 /Users/lkmdigital/monbeaupays.com/backend/vendor/laravel/framework/src/Illuminate/Database/Connection.php(571): PDOStatement->execute()
#1 /Users/lkmdigital/monbeaupays.com/backend/vendor/laravel/framework/src/Illuminate/Database/Connection.php(812): Illuminate\\Database\\Connection->{closure:Illuminate\\Database\\Connection::statement():560}('alter table `ad...', Array)
#2 /Users/lkmdigital/monbeaupays.com/backend/vendor/laravel/framework/src/Illuminate/Database/Connection.php(779): Illuminate\\Database\\Connection->runQueryCallback('alter table `ad...', Array, Object(Closure))
#3 /Users/lkmdigital/monbeaupays.com/backend/vendor/laravel/framework/src/Illuminate/Database/Connection.php(560): Illuminate\\Database\\Connection->run('alter table `ad...', Array, Object(Closure))
#4 /Users/lkmdigital/monbeaupays.com/backend/vendor/laravel/framework/src/Illuminate/Database/Schema/Blueprint.php(118): Illuminate\\Database\\Connection->statement('alter table `ad...')
#5 /Users/lkmdigital/monbeaupays.com/backend/vendor/laravel/framework/src/Illuminate/Database/Schema/Builder.php(564): Illuminate\\Database\\Schema\\Blueprint->build(Object(Illuminate\\Database\\MySqlConnection), Object(Illuminate\\Database\\Schema\\Grammars\\MySqlGrammar))
#6 /Users/lkmdigital/monbeaupays.com/backend/vendor/laravel/framework/src/Illuminate/Database/Schema/Builder.php(418): Illuminate\\Database\\Schema\\Builder->build(Object(Illuminate\\Database\\Schema\\Blueprint))
#7 /Users/lkmdigital/monbeaupays.com/backend/vendor/laravel/framework/src/Illuminate/Support/Facades/Facade.php(361): Illuminate\\Database\\Schema\\Builder->create('admin_notes', Object(Closure))
#8 /Users/lkmdigital/monbeaupays.com/backend/database/migrations/2025_11_19_000013_create_admin_notes_table.php(17): Illuminate\\Support\\Facades\\Facade::__callStatic('create', Array)
#9 /Users/lkmdigital/monbeaupays.com/backend/vendor/laravel/framework/src/Illuminate/Database/Migrations/Migrator.php(507): Illuminate\\Database\\Migrations\\Migration@anonymous->up()
#10 /Users/lkmdigital/monbeaupays.com/backend/vendor/laravel/framework/src/Illuminate/Database/Migrations/Migrator.php(432): Illuminate\\Database\\Migrations\\Migrator->runMethod(Object(Illuminate\\Database\\MySqlConnection), Object(Illuminate\\Database\\Migrations\\Migration@anonymous), 'up')
#11 /Users/lkmdigital/monbeaupays.com/backend/vendor/laravel/framework/src/Illuminate/Database/Migrations/Migrator.php(441): Illuminate\\Database\\Migrations\\Migrator->{closure:Illuminate\\Database\\Migrations\\Migrator::runMigration():428}()
#12 /Users/lkmdigital/monbeaupays.com/backend/vendor/laravel/framework/src/Illuminate/Database/Migrations/Migrator.php(244): Illuminate\\Database\\Migrations\\Migrator->runMigration(Object(Illuminate\\Database\\Migrations\\Migration@anonymous), 'up')
#13 /Users/lkmdigital/monbeaupays.com/backend/vendor/laravel/framework/src/Illuminate/Console/View/Components/Task.php(40): Illuminate\\Database\\Migrations\\Migrator->{closure:Illuminate\\Database\\Migrations\\Migrator::runUp():244}()
#14 /Users/lkmdigital/monbeaupays.com/backend/vendor/laravel/framework/src/Illuminate/Database/Migrations/Migrator.php(798): Illuminate\\Console\\View\\Components\\Task->render('2025_11_19_0000...', Object(Closure))
#15 /Users/lkmdigital/monbeaupays.com/backend/vendor/laravel/framework/src/Illuminate/Database/Migrations/Migrator.php(244): Illuminate\\Database\\Migrations\\Migrator->write('Illuminate\\\\Cons...', '2025_11_19_0000...', Object(Closure))
#16 /Users/lkmdigital/monbeaupays.com/backend/vendor/laravel/framework/src/Illuminate/Database/Migrations/Migrator.php(211): Illuminate\\Database\\Migrations\\Migrator->runUp('/Users/lkmdigit...', 13, false)
#17 /Users/lkmdigital/monbeaupays.com/backend/vendor/laravel/framework/src/Illuminate/Database/Migrations/Migrator.php(138): Illuminate\\Database\\Migrations\\Migrator->runPending(Array, Array)
#18 /Users/lkmdigital/monbeaupays.com/backend/vendor/laravel/framework/src/Illuminate/Database/Console/Migrations/MigrateCommand.php(117): Illuminate\\Database\\Migrations\\Migrator->run(Array, Array)
#19 /Users/lkmdigital/monbeaupays.com/backend/vendor/laravel/framework/src/Illuminate/Database/Migrations/Migrator.php(658): Illuminate\\Database\\Console\\Migrations\\MigrateCommand->{closure:Illuminate\\Database\\Console\\Migrations\\MigrateCommand::runMigrations():110}()
#20 /Users/lkmdigital/monbeaupays.com/backend/vendor/laravel/framework/src/Illuminate/Database/Console/Migrations/MigrateCommand.php(110): Illuminate\\Database\\Migrations\\Migrator->usingConnection(NULL, Object(Closure))
#21 /Users/lkmdigital/monbeaupays.com/backend/vendor/laravel/framework/src/Illuminate/Database/Console/Migrations/MigrateCommand.php(89): Illuminate\\Database\\Console\\Migrations\\MigrateCommand->runMigrations()
#22 /Users/lkmdigital/monbeaupays.com/backend/vendor/laravel/framework/src/Illuminate/Container/BoundMethod.php(36): Illuminate\\Database\\Console\\Migrations\\MigrateCommand->handle()
#23 /Users/lkmdigital/monbeaupays.com/backend/vendor/laravel/framework/src/Illuminate/Container/Util.php(43): Illuminate\\Container\\BoundMethod::{closure:Illuminate\\Container\\BoundMethod::call():35}()
#24 /Users/lkmdigital/monbeaupays.com/backend/vendor/laravel/framework/src/Illuminate/Container/BoundMethod.php(95): Illuminate\\Container\\Util::unwrapIfClosure(Object(Closure))
#25 /Users/lkmdigital/monbeaupays.com/backend/vendor/laravel/framework/src/Illuminate/Container/BoundMethod.php(35): Illuminate\\Container\\BoundMethod::callBoundMethod(Object(Illuminate\\Foundation\\Application), Array, Object(Closure))
#26 /Users/lkmdigital/monbeaupays.com/backend/vendor/laravel/framework/src/Illuminate/Container/Container.php(696): Illuminate\\Container\\BoundMethod::call(Object(Illuminate\\Foundation\\Application), Array, Array, NULL)
#27 /Users/lkmdigital/monbeaupays.com/backend/vendor/laravel/framework/src/Illuminate/Console/Command.php(213): Illuminate\\Container\\Container->call(Array)
#28 /Users/lkmdigital/monbeaupays.com/backend/vendor/symfony/console/Command/Command.php(318): Illuminate\\Console\\Command->execute(Object(Symfony\\Component\\Console\\Input\\ArgvInput), Object(Illuminate\\Console\\OutputStyle))
#29 /Users/lkmdigital/monbeaupays.com/backend/vendor/laravel/framework/src/Illuminate/Console/Command.php(182): Symfony\\Component\\Console\\Command\\Command->run(Object(Symfony\\Component\\Console\\Input\\ArgvInput), Object(Illuminate\\Console\\OutputStyle))
#30 /Users/lkmdigital/monbeaupays.com/backend/vendor/symfony/console/Application.php(1073): Illuminate\\Console\\Command->run(Object(Symfony\\Component\\Console\\Input\\ArgvInput), Object(Symfony\\Component\\Console\\Output\\ConsoleOutput))
#31 /Users/lkmdigital/monbeaupays.com/backend/vendor/symfony/console/Application.php(356): Symfony\\Component\\Console\\Application->doRunCommand(Object(Illuminate\\Database\\Console\\Migrations\\MigrateCommand), Object(Symfony\\Component\\Console\\Input\\ArgvInput), Object(Symfony\\Component\\Console\\Output\\ConsoleOutput))
#32 /Users/lkmdigital/monbeaupays.com/backend/vendor/symfony/console/Application.php(195): Symfony\\Component\\Console\\Application->doRun(Object(Symfony\\Component\\Console\\Input\\ArgvInput), Object(Symfony\\Component\\Console\\Output\\ConsoleOutput))
#33 /Users/lkmdigital/monbeaupays.com/backend/vendor/laravel/framework/src/Illuminate/Foundation/Console/Kernel.php(198): Symfony\\Component\\Console\\Application->run(Object(Symfony\\Component\\Console\\Input\\ArgvInput), Object(Symfony\\Component\\Console\\Output\\ConsoleOutput))
#34 /Users/lkmdigital/monbeaupays.com/backend/artisan(12): Illuminate\\Foundation\\Console\\Kernel->handle(Object(Symfony\\Component\\Console\\Input\\ArgvInput), Object(Symfony\\Component\\Console\\Output\\ConsoleOutput))
#35 {main}
"} 
[2025-11-19 14:28:05] local.ERROR: SQLSTATE[42S02]: Base table or view not found: 1146 Table 'monbeaupays.host_validation_histories' doesn't exist (Connection: mysql, SQL: select count(*) as aggregate from `users` where `role` = host and exists (select * from `host_validation_histories` where `users`.`id` = `host_validation_histories`.`host_id` and `action` = rejected)) {"userId":8,"exception":"[object] (Illuminate\\Database\\QueryException(code: 42S02): SQLSTATE[42S02]: Base table or view not found: 1146 Table 'monbeaupays.host_validation_histories' doesn't exist (Connection: mysql, SQL: select count(*) as aggregate from `users` where `role` = host and exists (select * from `host_validation_histories` where `users`.`id` = `host_validation_histories`.`host_id` and `action` = rejected)) at /Users/lkmdigital/monbeaupays.com/backend/vendor/laravel/framework/src/Illuminate/Database/Connection.php:825)
[stacktrace]
#0 /Users/lkmdigital/monbeaupays.com/backend/vendor/laravel/framework/src/Illuminate/Database/Connection.php(779): Illuminate\\Database\\Connection->runQueryCallback('select count(*)...', Array, Object(Closure))
#1 /Users/lkmdigital/monbeaupays.com/backend/vendor/laravel/framework/src/Illuminate/Database/Connection.php(398): Illuminate\\Database\\Connection->run('select count(*)...', Array, Object(Closure))
#2 /Users/lkmdigital/monbeaupays.com/backend/vendor/laravel/framework/src/Illuminate/Database/Query/Builder.php(3106): Illuminate\\Database\\Connection->select('select count(*)...', Array, true)
#3 /Users/lkmdigital/monbeaupays.com/backend/vendor/laravel/framework/src/Illuminate/Database/Query/Builder.php(3091): Illuminate\\Database\\Query\\Builder->runSelect()
#4 /Users/lkmdigital/monbeaupays.com/backend/vendor/laravel/framework/src/Illuminate/Database/Query/Builder.php(3676): Illuminate\\Database\\Query\\Builder->{closure:Illuminate\\Database\\Query\\Builder::get():3090}()
#5 /Users/lkmdigital/monbeaupays.com/backend/vendor/laravel/framework/src/Illuminate/Database/Query/Builder.php(3090): Illuminate\\Database\\Query\\Builder->onceWithColumns(Array, Object(Closure))
#6 /Users/lkmdigital/monbeaupays.com/backend/vendor/laravel/framework/src/Illuminate/Database/Query/Builder.php(3603): Illuminate\\Database\\Query\\Builder->get(Array)
#7 /Users/lkmdigital/monbeaupays.com/backend/vendor/laravel/framework/src/Illuminate/Database/Query/Builder.php(3531): Illuminate\\Database\\Query\\Builder->aggregate('count', Array)
#8 /Users/lkmdigital/monbeaupays.com/backend/vendor/laravel/framework/src/Illuminate/Database/Eloquent/Builder.php(2120): Illuminate\\Database\\Query\\Builder->count()
#9 /Users/lkmdigital/monbeaupays.com/backend/app/Http/Controllers/Admin/AdminDashboardController.php(43): Illuminate\\Database\\Eloquent\\Builder->__call('count', Array)
#10 /Users/lkmdigital/monbeaupays.com/backend/vendor/laravel/framework/src/Illuminate/Routing/ControllerDispatcher.php(47): App\\Http\\Controllers\\Admin\\AdminDashboardController->stats(Object(Illuminate\\Http\\Request))
#11 /Users/lkmdigital/monbeaupays.com/backend/vendor/laravel/framework/src/Illuminate/Routing/Route.php(266): Illuminate\\Routing\\ControllerDispatcher->dispatch(Object(Illuminate\\Routing\\Route), Object(App\\Http\\Controllers\\Admin\\AdminDashboardController), 'stats')
#12 /Users/lkmdigital/monbeaupays.com/backend/vendor/laravel/framework/src/Illuminate/Routing/Route.php(212): Illuminate\\Routing\\Route->runController()
#13 /Users/lkmdigital/monbeaupays.com/backend/vendor/laravel/framework/src/Illuminate/Routing/Router.php(808): Illuminate\\Routing\\Route->run()
#14 /Users/lkmdigital/monbeaupays.com/backend/vendor/laravel/framework/src/Illuminate/Pipeline/Pipeline.php(170): Illuminate\\Routing\\Router->{closure:Illuminate\\Routing\\Router::runRouteWithinStack():807}(Object(Illuminate\\Http\\Request))
#15 /Users/lkmdigital/monbeaupays.com/backend/app/Http/Middleware/CheckPermission.php(34): Illuminate\\Pipeline\\Pipeline->{closure:Illuminate\\Pipeline\\Pipeline::prepareDestination():168}(Object(Illuminate\\Http\\Request))
#16 /Users/lkmdigital/monbeaupays.com/backend/vendor/laravel/framework/src/Illuminate/Pipeline/Pipeline.php(209): App\\Http\\Middleware\\CheckPermission->handle(Object(Illuminate\\Http\\Request), Object(Closure), 'admin.dashboard...')
#17 /Users/lkmdigital/monbeaupays.com/backend/vendor/laravel/framework/src/Illuminate/Routing/Middleware/SubstituteBindings.php(51): Illuminate\\Pipeline\\Pipeline->{closure:{closure:Illuminate\\Pipeline\\Pipeline::carry():184}:185}(Object(Illuminate\\Http\\Request))
#18 /Users/lkmdigital/monbeaupays.com/backend/vendor/laravel/framework/src/Illuminate/Pipeline/Pipeline.php(209): Illuminate\\Routing\\Middleware\\SubstituteBindings->handle(Object(Illuminate\\Http\\Request), Object(Closure))
#19 /Users/lkmdigital/monbeaupays.com/backend/vendor/laravel/framework/src/Illuminate/Auth/Middleware/Authenticate.php(64): Illuminate\\Pipeline\\Pipeline->{closure:{closure:Illuminate\\Pipeline\\Pipeline::carry():184}:185}(Object(Illuminate\\Http\\Request))
#20 /Users/lkmdigital/monbeaupays.com/backend/vendor/laravel/framework/src/Illuminate/Pipeline/Pipeline.php(209): Illuminate\\Auth\\Middleware\\Authenticate->handle(Object(Illuminate\\Http\\Request), Object(Closure), 'sanctum')
#21 /Users/lkmdigital/monbeaupays.com/backend/vendor/laravel/framework/src/Illuminate/Pipeline/Pipeline.php(127): Illuminate\\Pipeline\\Pipeline->{closure:{closure:Illuminate\\Pipeline\\Pipeline::carry():184}:185}(Object(Illuminate\\Http\\Request))
#22 /Users/lkmdigital/monbeaupays.com/backend/vendor/laravel/framework/src/Illuminate/Routing/Router.php(807): Illuminate\\Pipeline\\Pipeline->then(Object(Closure))
#23 /Users/lkmdigital/monbeaupays.com/backend/vendor/laravel/framework/src/Illuminate/Routing/Router.php(786): Illuminate\\Routing\\Router->runRouteWithinStack(Object(Illuminate\\Routing\\Route), Object(Illuminate\\Http\\Request))
#24 /Users/lkmdigital/monbeaupays.com/backend/vendor/laravel/framework/src/Illuminate/Routing/Router.php(750): Illuminate\\Routing\\Router->runRoute(Object(Illuminate\\Http\\Request), Object(Illuminate\\Routing\\Route))
#25 /Users/lkmdigital/monbeaupays.com/backend/vendor/laravel/framework/src/Illuminate/Routing/Router.php(739): Illuminate\\Routing\\Router->dispatchToRoute(Object(Illuminate\\Http\\Request))
#26 /Users/lkmdigital/monbeaupays.com/backend/vendor/laravel/framework/src/Illuminate/Foundation/Http/Kernel.php(201): Illuminate\\Routing\\Router->dispatch(Object(Illuminate\\Http\\Request))
#27 /Users/lkmdigital/monbeaupays.com/backend/vendor/laravel/framework/src/Illuminate/Pipeline/Pipeline.php(170): Illuminate\\Foundation\\Http\\Kernel->{closure:Illuminate\\Foundation\\Http\\Kernel::dispatchToRouter():198}(Object(Illuminate\\Http\\Request))
#28 /Users/lkmdigital/monbeaupays.com/backend/vendor/laravel/framework/src/Illuminate/Foundation/Http/Middleware/TransformsRequest.php(21): Illuminate\\Pipeline\\Pipeline->{closure:Illuminate\\Pipeline\\Pipeline::prepareDestination():168}(Object(Illuminate\\Http\\Request))
#29 /Users/lkmdigital/monbeaupays.com/backend/vendor/laravel/framework/src/Illuminate/Foundation/Http/Middleware/ConvertEmptyStringsToNull.php(31): Illuminate\\Foundation\\Http\\Middleware\\TransformsRequest->handle(Object(Illuminate\\Http\\Request), Object(Closure))
#30 /Users/lkmdigital/monbeaupays.com/backend/vendor/laravel/framework/src/Illuminate/Pipeline/Pipeline.php(209): Illuminate\\Foundation\\Http\\Middleware\\ConvertEmptyStringsToNull->handle(Object(Illuminate\\Http\\Request), Object(Closure))
#31 /Users/lkmdigital/monbeaupays.com/backend/vendor/laravel/framework/src/Illuminate/Foundation/Http/Middleware/TransformsRequest.php(21): Illuminate\\Pipeline\\Pipeline->{closure:{closure:Illuminate\\Pipeline\\Pipeline::carry():184}:185}(Object(Illuminate\\Http\\Request))
#32 /Users/lkmdigital/monbeaupays.com/backend/vendor/laravel/framework/src/Illuminate/Foundation/Http/Middleware/TrimStrings.php(51): Illuminate\\Foundation\\Http\\Middleware\\TransformsRequest->handle(Object(Illuminate\\Http\\Request), Object(Closure))
#33 /Users/lkmdigital/monbeaupays.com/backend/vendor/laravel/framework/src/Illuminate/Pipeline/Pipeline.php(209): Illuminate\\Foundation\\Http\\Middleware\\TrimStrings->handle(Object(Illuminate\\Http\\Request), Object(Closure))
#34 /Users/lkmdigital/monbeaupays.com/backend/vendor/laravel/framework/src/Illuminate/Http/Middleware/ValidatePostSize.php(27): Illuminate\\Pipeline\\Pipeline->{closure:{closure:Illuminate\\Pipeline\\Pipeline::carry():184}:185}(Object(Illuminate\\Http\\Request))
#35 /Users/lkmdigital/monbeaupays.com/backend/vendor/laravel/framework/src/Illuminate/Pipeline/Pipeline.php(209): Illuminate\\Http\\Middleware\\ValidatePostSize->handle(Object(Illuminate\\Http\\Request), Object(Closure))
#36 /Users/lkmdigital/monbeaupays.com/backend/vendor/laravel/framework/src/Illuminate/Foundation/Http/Middleware/PreventRequestsDuringMaintenance.php(110): Illuminate\\Pipeline\\Pipeline->{closure:{closure:Illuminate\\Pipeline\\Pipeline::carry():184}:185}(Object(Illuminate\\Http\\Request))
#37 /Users/lkmdigital/monbeaupays.com/backend/vendor/laravel/framework/src/Illuminate/Pipeline/Pipeline.php(209): Illuminate\\Foundation\\Http\\Middleware\\PreventRequestsDuringMaintenance->handle(Object(Illuminate\\Http\\Request), Object(Closure))
#38 /Users/lkmdigital/monbeaupays.com/backend/vendor/laravel/framework/src/Illuminate/Http/Middleware/HandleCors.php(62): Illuminate\\Pipeline\\Pipeline->{closure:{closure:Illuminate\\Pipeline\\Pipeline::carry():184}:185}(Object(Illuminate\\Http\\Request))
#39 /Users/lkmdigital/monbeaupays.com/backend/vendor/laravel/framework/src/Illuminate/Pipeline/Pipeline.php(209): Illuminate\\Http\\Middleware\\HandleCors->handle(Object(Illuminate\\Http\\Request), Object(Closure))
#40 /Users/lkmdigital/monbeaupays.com/backend/vendor/laravel/framework/src/Illuminate/Http/Middleware/TrustProxies.php(58): Illuminate\\Pipeline\\Pipeline->{closure:{closure:Illuminate\\Pipeline\\Pipeline::carry():184}:185}(Object(Illuminate\\Http\\Request))
#41 /Users/lkmdigital/monbeaupays.com/backend/vendor/laravel/framework/src/Illuminate/Pipeline/Pipeline.php(209): Illuminate\\Http\\Middleware\\TrustProxies->handle(Object(Illuminate\\Http\\Request), Object(Closure))
#42 /Users/lkmdigital/monbeaupays.com/backend/vendor/laravel/framework/src/Illuminate/Foundation/Http/Middleware/InvokeDeferredCallbacks.php(22): Illuminate\\Pipeline\\Pipeline->{closure:{closure:Illuminate\\Pipeline\\Pipeline::carry():184}:185}(Object(Illuminate\\Http\\Request))
#43 /Users/lkmdigital/monbeaupays.com/backend/vendor/laravel/framework/src/Illuminate/Pipeline/Pipeline.php(209): Illuminate\\Foundation\\Http\\Middleware\\InvokeDeferredCallbacks->handle(Object(Illuminate\\Http\\Request), Object(Closure))
#44 /Users/lkmdigital/monbeaupays.com/backend/vendor/laravel/framework/src/Illuminate/Pipeline/Pipeline.php(127): Illuminate\\Pipeline\\Pipeline->{closure:{closure:Illuminate\\Pipeline\\Pipeline::carry():184}:185}(Object(Illuminate\\Http\\Request))
#45 /Users/lkmdigital/monbeaupays.com/backend/vendor/laravel/framework/src/Illuminate/Foundation/Http/Kernel.php(176): Illuminate\\Pipeline\\Pipeline->then(Object(Closure))
#46 /Users/lkmdigital/monbeaupays.com/backend/vendor/laravel/framework/src/Illuminate/Foundation/Http/Kernel.php(145): Illuminate\\Foundation\\Http\\Kernel->sendRequestThroughRouter(Object(Illuminate\\Http\\Request))
#47 /Users/lkmdigital/monbeaupays.com/backend/public/index.php(17): Illuminate\\Foundation\\Http\\Kernel->handle(Object(Illuminate\\Http\\Request))
#48 /Users/lkmdigital/monbeaupays.com/backend/vendor/laravel/framework/src/Illuminate/Foundation/resources/server.php(23): require_once('/Users/lkmdigit...')
#49 {main}

[previous exception] [object] (PDOException(code: 42S02): SQLSTATE[42S02]: Base table or view not found: 1146 Table 'monbeaupays.host_validation_histories' doesn't exist at /Users/lkmdigital/monbeaupays.com/backend/vendor/laravel/framework/src/Illuminate/Database/Connection.php:407)
[stacktrace]
#0 /Users/lkmdigital/monbeaupays.com/backend/vendor/laravel/framework/src/Illuminate/Database/Connection.php(407): PDO->prepare('select count(*)...')
#1 /Users/lkmdigital/monbeaupays.com/backend/vendor/laravel/framework/src/Illuminate/Database/Connection.php(812): Illuminate\\Database\\Connection->{closure:Illuminate\\Database\\Connection::select():398}('select count(*)...', Array)
#2 /Users/lkmdigital/monbeaupays.com/backend/vendor/laravel/framework/src/Illuminate/Database/Connection.php(779): Illuminate\\Database\\Connection->runQueryCallback('select count(*)...', Array, Object(Closure))
#3 /Users/lkmdigital/monbeaupays.com/backend/vendor/laravel/framework/src/Illuminate/Database/Connection.php(398): Illuminate\\Database\\Connection->run('select count(*)...', Array, Object(Closure))
#4 /Users/lkmdigital/monbeaupays.com/backend/vendor/laravel/framework/src/Illuminate/Database/Query/Builder.php(3106): Illuminate\\Database\\Connection->select('select count(*)...', Array, true)
#5 /Users/lkmdigital/monbeaupays.com/backend/vendor/laravel/framework/src/Illuminate/Database/Query/Builder.php(3091): Illuminate\\Database\\Query\\Builder->runSelect()
#6 /Users/lkmdigital/monbeaupays.com/backend/vendor/laravel/framework/src/Illuminate/Database/Query/Builder.php(3676): Illuminate\\Database\\Query\\Builder->{closure:Illuminate\\Database\\Query\\Builder::get():3090}()
#7 /Users/lkmdigital/monbeaupays.com/backend/vendor/laravel/framework/src/Illuminate/Database/Query/Builder.php(3090): Illuminate\\Database\\Query\\Builder->onceWithColumns(Array, Object(Closure))
#8 /Users/lkmdigital/monbeaupays.com/backend/vendor/laravel/framework/src/Illuminate/Database/Query/Builder.php(3603): Illuminate\\Database\\Query\\Builder->get(Array)
#9 /Users/lkmdigital/monbeaupays.com/backend/vendor/laravel/framework/src/Illuminate/Database/Query/Builder.php(3531): Illuminate\\Database\\Query\\Builder->aggregate('count', Array)
#10 /Users/lkmdigital/monbeaupays.com/backend/vendor/laravel/framework/src/Illuminate/Database/Eloquent/Builder.php(2120): Illuminate\\Database\\Query\\Builder->count()
#11 /Users/lkmdigital/monbeaupays.com/backend/app/Http/Controllers/Admin/AdminDashboardController.php(43): Illuminate\\Database\\Eloquent\\Builder->__call('count', Array)
#12 /Users/lkmdigital/monbeaupays.com/backend/vendor/laravel/framework/src/Illuminate/Routing/ControllerDispatcher.php(47): App\\Http\\Controllers\\Admin\\AdminDashboardController->stats(Object(Illuminate\\Http\\Request))
#13 /Users/lkmdigital/monbeaupays.com/backend/vendor/laravel/framework/src/Illuminate/Routing/Route.php(266): Illuminate\\Routing\\ControllerDispatcher->dispatch(Object(Illuminate\\Routing\\Route), Object(App\\Http\\Controllers\\Admin\\AdminDashboardController), 'stats')
#14 /Users/lkmdigital/monbeaupays.com/backend/vendor/laravel/framework/src/Illuminate/Routing/Route.php(212): Illuminate\\Routing\\Route->runController()
#15 /Users/lkmdigital/monbeaupays.com/backend/vendor/laravel/framework/src/Illuminate/Routing/Router.php(808): Illuminate\\Routing\\Route->run()
#16 /Users/lkmdigital/monbeaupays.com/backend/vendor/laravel/framework/src/Illuminate/Pipeline/Pipeline.php(170): Illuminate\\Routing\\Router->{closure:Illuminate\\Routing\\Router::runRouteWithinStack():807}(Object(Illuminate\\Http\\Request))
#17 /Users/lkmdigital/monbeaupays.com/backend/app/Http/Middleware/CheckPermission.php(34): Illuminate\\Pipeline\\Pipeline->{closure:Illuminate\\Pipeline\\Pipeline::prepareDestination():168}(Object(Illuminate\\Http\\Request))
#18 /Users/lkmdigital/monbeaupays.com/backend/vendor/laravel/framework/src/Illuminate/Pipeline/Pipeline.php(209): App\\Http\\Middleware\\CheckPermission->handle(Object(Illuminate\\Http\\Request), Object(Closure), 'admin.dashboard...')
#19 /Users/lkmdigital/monbeaupays.com/backend/vendor/laravel/framework/src/Illuminate/Routing/Middleware/SubstituteBindings.php(51): Illuminate\\Pipeline\\Pipeline->{closure:{closure:Illuminate\\Pipeline\\Pipeline::carry():184}:185}(Object(Illuminate\\Http\\Request))
#20 /Users/lkmdigital/monbeaupays.com/backend/vendor/laravel/framework/src/Illuminate/Pipeline/Pipeline.php(209): Illuminate\\Routing\\Middleware\\SubstituteBindings->handle(Object(Illuminate\\Http\\Request), Object(Closure))
#21 /Users/lkmdigital/monbeaupays.com/backend/vendor/laravel/framework/src/Illuminate/Auth/Middleware/Authenticate.php(64): Illuminate\\Pipeline\\Pipeline->{closure:{closure:Illuminate\\Pipeline\\Pipeline::carry():184}:185}(Object(Illuminate\\Http\\Request))
#22 /Users/lkmdigital/monbeaupays.com/backend/vendor/laravel/framework/src/Illuminate/Pipeline/Pipeline.php(209): Illuminate\\Auth\\Middleware\\Authenticate->handle(Object(Illuminate\\Http\\Request), Object(Closure), 'sanctum')
#23 /Users/lkmdigital/monbeaupays.com/backend/vendor/laravel/framework/src/Illuminate/Pipeline/Pipeline.php(127): Illuminate\\Pipeline\\Pipeline->{closure:{closure:Illuminate\\Pipeline\\Pipeline::carry():184}:185}(Object(Illuminate\\Http\\Request))
#24 /Users/lkmdigital/monbeaupays.com/backend/vendor/laravel/framework/src/Illuminate/Routing/Router.php(807): Illuminate\\Pipeline\\Pipeline->then(Object(Closure))
#25 /Users/lkmdigital/monbeaupays.com/backend/vendor/laravel/framework/src/Illuminate/Routing/Router.php(786): Illuminate\\Routing\\Router->runRouteWithinStack(Object(Illuminate\\Routing\\Route), Object(Illuminate\\Http\\Request))
#26 /Users/lkmdigital/monbeaupays.com/backend/vendor/laravel/framework/src/Illuminate/Routing/Router.php(750): Illuminate\\Routing\\Router->runRoute(Object(Illuminate\\Http\\Request), Object(Illuminate\\Routing\\Route))
#27 /Users/lkmdigital/monbeaupays.com/backend/vendor/laravel/framework/src/Illuminate/Routing/Router.php(739): Illuminate\\Routing\\Router->dispatchToRoute(Object(Illuminate\\Http\\Request))
#28 /Users/lkmdigital/monbeaupays.com/backend/vendor/laravel/framework/src/Illuminate/Foundation/Http/Kernel.php(201): Illuminate\\Routing\\Router->dispatch(Object(Illuminate\\Http\\Request))
#29 /Users/lkmdigital/monbeaupays.com/backend/vendor/laravel/framework/src/Illuminate/Pipeline/Pipeline.php(170): Illuminate\\Foundation\\Http\\Kernel->{closure:Illuminate\\Foundation\\Http\\Kernel::dispatchToRouter():198}(Object(Illuminate\\Http\\Request))
#30 /Users/lkmdigital/monbeaupays.com/backend/vendor/laravel/framework/src/Illuminate/Foundation/Http/Middleware/TransformsRequest.php(21): Illuminate\\Pipeline\\Pipeline->{closure:Illuminate\\Pipeline\\Pipeline::prepareDestination():168}(Object(Illuminate\\Http\\Request))
#31 /Users/lkmdigital/monbeaupays.com/backend/vendor/laravel/framework/src/Illuminate/Foundation/Http/Middleware/ConvertEmptyStringsToNull.php(31): Illuminate\\Foundation\\Http\\Middleware\\TransformsRequest->handle(Object(Illuminate\\Http\\Request), Object(Closure))
#32 /Users/lkmdigital/monbeaupays.com/backend/vendor/laravel/framework/src/Illuminate/Pipeline/Pipeline.php(209): Illuminate\\Foundation\\Http\\Middleware\\ConvertEmptyStringsToNull->handle(Object(Illuminate\\Http\\Request), Object(Closure))
#33 /Users/lkmdigital/monbeaupays.com/backend/vendor/laravel/framework/src/Illuminate/Foundation/Http/Middleware/TransformsRequest.php(21): Illuminate\\Pipeline\\Pipeline->{closure:{closure:Illuminate\\Pipeline\\Pipeline::carry():184}:185}(Object(Illuminate\\Http\\Request))
#34 /Users/lkmdigital/monbeaupays.com/backend/vendor/laravel/framework/src/Illuminate/Foundation/Http/Middleware/TrimStrings.php(51): Illuminate\\Foundation\\Http\\Middleware\\TransformsRequest->handle(Object(Illuminate\\Http\\Request), Object(Closure))
#35 /Users/lkmdigital/monbeaupays.com/backend/vendor/laravel/framework/src/Illuminate/Pipeline/Pipeline.php(209): Illuminate\\Foundation\\Http\\Middleware\\TrimStrings->handle(Object(Illuminate\\Http\\Request), Object(Closure))
#36 /Users/lkmdigital/monbeaupays.com/backend/vendor/laravel/framework/src/Illuminate/Http/Middleware/ValidatePostSize.php(27): Illuminate\\Pipeline\\Pipeline->{closure:{closure:Illuminate\\Pipeline\\Pipeline::carry():184}:185}(Object(Illuminate\\Http\\Request))
#37 /Users/lkmdigital/monbeaupays.com/backend/vendor/laravel/framework/src/Illuminate/Pipeline/Pipeline.php(209): Illuminate\\Http\\Middleware\\ValidatePostSize->handle(Object(Illuminate\\Http\\Request), Object(Closure))
#38 /Users/lkmdigital/monbeaupays.com/backend/vendor/laravel/framework/src/Illuminate/Foundation/Http/Middleware/PreventRequestsDuringMaintenance.php(110): Illuminate\\Pipeline\\Pipeline->{closure:{closure:Illuminate\\Pipeline\\Pipeline::carry():184}:185}(Object(Illuminate\\Http\\Request))
#39 /Users/lkmdigital/monbeaupays.com/backend/vendor/laravel/framework/src/Illuminate/Pipeline/Pipeline.php(209): Illuminate\\Foundation\\Http\\Middleware\\PreventRequestsDuringMaintenance->handle(Object(Illuminate\\Http\\Request), Object(Closure))
#40 /Users/lkmdigital/monbeaupays.com/backend/vendor/laravel/framework/src/Illuminate/Http/Middleware/HandleCors.php(62): Illuminate\\Pipeline\\Pipeline->{closure:{closure:Illuminate\\Pipeline\\Pipeline::carry():184}:185}(Object(Illuminate\\Http\\Request))
#41 /Users/lkmdigital/monbeaupays.com/backend/vendor/laravel/framework/src/Illuminate/Pipeline/Pipeline.php(209): Illuminate\\Http\\Middleware\\HandleCors->handle(Object(Illuminate\\Http\\Request), Object(Closure))
#42 /Users/lkmdigital/monbeaupays.com/backend/vendor/laravel/framework/src/Illuminate/Http/Middleware/TrustProxies.php(58): Illuminate\\Pipeline\\Pipeline->{closure:{closure:Illuminate\\Pipeline\\Pipeline::carry():184}:185}(Object(Illuminate\\Http\\Request))
#43 /Users/lkmdigital/monbeaupays.com/backend/vendor/laravel/framework/src/Illuminate/Pipeline/Pipeline.php(209): Illuminate\\Http\\Middleware\\TrustProxies->handle(Object(Illuminate\\Http\\Request), Object(Closure))
#44 /Users/lkmdigital/monbeaupays.com/backend/vendor/laravel/framework/src/Illuminate/Foundation/Http/Middleware/InvokeDeferredCallbacks.php(22): Illuminate\\Pipeline\\Pipeline->{closure:{closure:Illuminate\\Pipeline\\Pipeline::carry():184}:185}(Object(Illuminate\\Http\\Request))
#45 /Users/lkmdigital/monbeaupays.com/backend/vendor/laravel/framework/src/Illuminate/Pipeline/Pipeline.php(209): Illuminate\\Foundation\\Http\\Middleware\\InvokeDeferredCallbacks->handle(Object(Illuminate\\Http\\Request), Object(Closure))
#46 /Users/lkmdigital/monbeaupays.com/backend/vendor/laravel/framework/src/Illuminate/Pipeline/Pipeline.php(127): Illuminate\\Pipeline\\Pipeline->{closure:{closure:Illuminate\\Pipeline\\Pipeline::carry():184}:185}(Object(Illuminate\\Http\\Request))
#47 /Users/lkmdigital/monbeaupays.com/backend/vendor/laravel/framework/src/Illuminate/Foundation/Http/Kernel.php(176): Illuminate\\Pipeline\\Pipeline->then(Object(Closure))
#48 /Users/lkmdigital/monbeaupays.com/backend/vendor/laravel/framework/src/Illuminate/Foundation/Http/Kernel.php(145): Illuminate\\Foundation\\Http\\Kernel->sendRequestThroughRouter(Object(Illuminate\\Http\\Request))
#49 /Users/lkmdigital/monbeaupays.com/backend/public/index.php(17): Illuminate\\Foundation\\Http\\Kernel->handle(Object(Illuminate\\Http\\Request))
#50 /Users/lkmdigital/monbeaupays.com/backend/vendor/laravel/framework/src/Illuminate/Foundation/resources/server.php(23): require_once('/Users/lkmdigit...')
#51 {main}
"} 
[2025-11-19 14:28:05] local.ERROR: SQLSTATE[42S02]: Base table or view not found: 1146 Table 'monbeaupays.host_validation_histories' doesn't exist (Connection: mysql, SQL: select count(*) as aggregate from `users` where `role` = host and exists (select * from `host_validation_histories` where `users`.`id` = `host_validation_histories`.`host_id` and `action` = rejected)) {"userId":8,"exception":"[object] (Illuminate\\Database\\QueryException(code: 42S02): SQLSTATE[42S02]: Base table or view not found: 1146 Table 'monbeaupays.host_validation_histories' doesn't exist (Connection: mysql, SQL: select count(*) as aggregate from `users` where `role` = host and exists (select * from `host_validation_histories` where `users`.`id` = `host_validation_histories`.`host_id` and `action` = rejected)) at /Users/lkmdigital/monbeaupays.com/backend/vendor/laravel/framework/src/Illuminate/Database/Connection.php:825)
[stacktrace]
#0 /Users/lkmdigital/monbeaupays.com/backend/vendor/laravel/framework/src/Illuminate/Database/Connection.php(779): Illuminate\\Database\\Connection->runQueryCallback('select count(*)...', Array, Object(Closure))
#1 /Users/lkmdigital/monbeaupays.com/backend/vendor/laravel/framework/src/Illuminate/Database/Connection.php(398): Illuminate\\Database\\Connection->run('select count(*)...', Array, Object(Closure))
#2 /Users/lkmdigital/monbeaupays.com/backend/vendor/laravel/framework/src/Illuminate/Database/Query/Builder.php(3106): Illuminate\\Database\\Connection->select('select count(*)...', Array, true)
#3 /Users/lkmdigital/monbeaupays.com/backend/vendor/laravel/framework/src/Illuminate/Database/Query/Builder.php(3091): Illuminate\\Database\\Query\\Builder->runSelect()
#4 /Users/lkmdigital/monbeaupays.com/backend/vendor/laravel/framework/src/Illuminate/Database/Query/Builder.php(3676): Illuminate\\Database\\Query\\Builder->{closure:Illuminate\\Database\\Query\\Builder::get():3090}()
#5 /Users/lkmdigital/monbeaupays.com/backend/vendor/laravel/framework/src/Illuminate/Database/Query/Builder.php(3090): Illuminate\\Database\\Query\\Builder->onceWithColumns(Array, Object(Closure))
#6 /Users/lkmdigital/monbeaupays.com/backend/vendor/laravel/framework/src/Illuminate/Database/Query/Builder.php(3603): Illuminate\\Database\\Query\\Builder->get(Array)
#7 /Users/lkmdigital/monbeaupays.com/backend/vendor/laravel/framework/src/Illuminate/Database/Query/Builder.php(3531): Illuminate\\Database\\Query\\Builder->aggregate('count', Array)
#8 /Users/lkmdigital/monbeaupays.com/backend/vendor/laravel/framework/src/Illuminate/Database/Eloquent/Builder.php(2120): Illuminate\\Database\\Query\\Builder->count()
#9 /Users/lkmdigital/monbeaupays.com/backend/app/Http/Controllers/Admin/AdminDashboardController.php(43): Illuminate\\Database\\Eloquent\\Builder->__call('count', Array)
#10 /Users/lkmdigital/monbeaupays.com/backend/vendor/laravel/framework/src/Illuminate/Routing/ControllerDispatcher.php(47): App\\Http\\Controllers\\Admin\\AdminDashboardController->stats(Object(Illuminate\\Http\\Request))
#11 /Users/lkmdigital/monbeaupays.com/backend/vendor/laravel/framework/src/Illuminate/Routing/Route.php(266): Illuminate\\Routing\\ControllerDispatcher->dispatch(Object(Illuminate\\Routing\\Route), Object(App\\Http\\Controllers\\Admin\\AdminDashboardController), 'stats')
#12 /Users/lkmdigital/monbeaupays.com/backend/vendor/laravel/framework/src/Illuminate/Routing/Route.php(212): Illuminate\\Routing\\Route->runController()
#13 /Users/lkmdigital/monbeaupays.com/backend/vendor/laravel/framework/src/Illuminate/Routing/Router.php(808): Illuminate\\Routing\\Route->run()
#14 /Users/lkmdigital/monbeaupays.com/backend/vendor/laravel/framework/src/Illuminate/Pipeline/Pipeline.php(170): Illuminate\\Routing\\Router->{closure:Illuminate\\Routing\\Router::runRouteWithinStack():807}(Object(Illuminate\\Http\\Request))
#15 /Users/lkmdigital/monbeaupays.com/backend/app/Http/Middleware/CheckPermission.php(34): Illuminate\\Pipeline\\Pipeline->{closure:Illuminate\\Pipeline\\Pipeline::prepareDestination():168}(Object(Illuminate\\Http\\Request))
#16 /Users/lkmdigital/monbeaupays.com/backend/vendor/laravel/framework/src/Illuminate/Pipeline/Pipeline.php(209): App\\Http\\Middleware\\CheckPermission->handle(Object(Illuminate\\Http\\Request), Object(Closure), 'admin.dashboard...')
#17 /Users/lkmdigital/monbeaupays.com/backend/vendor/laravel/framework/src/Illuminate/Routing/Middleware/SubstituteBindings.php(51): Illuminate\\Pipeline\\Pipeline->{closure:{closure:Illuminate\\Pipeline\\Pipeline::carry():184}:185}(Object(Illuminate\\Http\\Request))
#18 /Users/lkmdigital/monbeaupays.com/backend/vendor/laravel/framework/src/Illuminate/Pipeline/Pipeline.php(209): Illuminate\\Routing\\Middleware\\SubstituteBindings->handle(Object(Illuminate\\Http\\Request), Object(Closure))
#19 /Users/lkmdigital/monbeaupays.com/backend/vendor/laravel/framework/src/Illuminate/Auth/Middleware/Authenticate.php(64): Illuminate\\Pipeline\\Pipeline->{closure:{closure:Illuminate\\Pipeline\\Pipeline::carry():184}:185}(Object(Illuminate\\Http\\Request))
#20 /Users/lkmdigital/monbeaupays.com/backend/vendor/laravel/framework/src/Illuminate/Pipeline/Pipeline.php(209): Illuminate\\Auth\\Middleware\\Authenticate->handle(Object(Illuminate\\Http\\Request), Object(Closure), 'sanctum')
#21 /Users/lkmdigital/monbeaupays.com/backend/vendor/laravel/framework/src/Illuminate/Pipeline/Pipeline.php(127): Illuminate\\Pipeline\\Pipeline->{closure:{closure:Illuminate\\Pipeline\\Pipeline::carry():184}:185}(Object(Illuminate\\Http\\Request))
#22 /Users/lkmdigital/monbeaupays.com/backend/vendor/laravel/framework/src/Illuminate/Routing/Router.php(807): Illuminate\\Pipeline\\Pipeline->then(Object(Closure))
#23 /Users/lkmdigital/monbeaupays.com/backend/vendor/laravel/framework/src/Illuminate/Routing/Router.php(786): Illuminate\\Routing\\Router->runRouteWithinStack(Object(Illuminate\\Routing\\Route), Object(Illuminate\\Http\\Request))
#24 /Users/lkmdigital/monbeaupays.com/backend/vendor/laravel/framework/src/Illuminate/Routing/Router.php(750): Illuminate\\Routing\\Router->runRoute(Object(Illuminate\\Http\\Request), Object(Illuminate\\Routing\\Route))
#25 /Users/lkmdigital/monbeaupays.com/backend/vendor/laravel/framework/src/Illuminate/Routing/Router.php(739): Illuminate\\Routing\\Router->dispatchToRoute(Object(Illuminate\\Http\\Request))
#26 /Users/lkmdigital/monbeaupays.com/backend/vendor/laravel/framework/src/Illuminate/Foundation/Http/Kernel.php(201): Illuminate\\Routing\\Router->dispatch(Object(Illuminate\\Http\\Request))
#27 /Users/lkmdigital/monbeaupays.com/backend/vendor/laravel/framework/src/Illuminate/Pipeline/Pipeline.php(170): Illuminate\\Foundation\\Http\\Kernel->{closure:Illuminate\\Foundation\\Http\\Kernel::dispatchToRouter():198}(Object(Illuminate\\Http\\Request))
#28 /Users/lkmdigital/monbeaupays.com/backend/vendor/laravel/framework/src/Illuminate/Foundation/Http/Middleware/TransformsRequest.php(21): Illuminate\\Pipeline\\Pipeline->{closure:Illuminate\\Pipeline\\Pipeline::prepareDestination():168}(Object(Illuminate\\Http\\Request))
#29 /Users/lkmdigital/monbeaupays.com/backend/vendor/laravel/framework/src/Illuminate/Foundation/Http/Middleware/ConvertEmptyStringsToNull.php(31): Illuminate\\Foundation\\Http\\Middleware\\TransformsRequest->handle(Object(Illuminate\\Http\\Request), Object(Closure))
#30 /Users/lkmdigital/monbeaupays.com/backend/vendor/laravel/framework/src/Illuminate/Pipeline/Pipeline.php(209): Illuminate\\Foundation\\Http\\Middleware\\ConvertEmptyStringsToNull->handle(Object(Illuminate\\Http\\Request), Object(Closure))
#31 /Users/lkmdigital/monbeaupays.com/backend/vendor/laravel/framework/src/Illuminate/Foundation/Http/Middleware/TransformsRequest.php(21): Illuminate\\Pipeline\\Pipeline->{closure:{closure:Illuminate\\Pipeline\\Pipeline::carry():184}:185}(Object(Illuminate\\Http\\Request))
#32 /Users/lkmdigital/monbeaupays.com/backend/vendor/laravel/framework/src/Illuminate/Foundation/Http/Middleware/TrimStrings.php(51): Illuminate\\Foundation\\Http\\Middleware\\TransformsRequest->handle(Object(Illuminate\\Http\\Request), Object(Closure))
#33 /Users/lkmdigital/monbeaupays.com/backend/vendor/laravel/framework/src/Illuminate/Pipeline/Pipeline.php(209): Illuminate\\Foundation\\Http\\Middleware\\TrimStrings->handle(Object(Illuminate\\Http\\Request), Object(Closure))
#34 /Users/lkmdigital/monbeaupays.com/backend/vendor/laravel/framework/src/Illuminate/Http/Middleware/ValidatePostSize.php(27): Illuminate\\Pipeline\\Pipeline->{closure:{closure:Illuminate\\Pipeline\\Pipeline::carry():184}:185}(Object(Illuminate\\Http\\Request))
#35 /Users/lkmdigital/monbeaupays.com/backend/vendor/laravel/framework/src/Illuminate/Pipeline/Pipeline.php(209): Illuminate\\Http\\Middleware\\ValidatePostSize->handle(Object(Illuminate\\Http\\Request), Object(Closure))
#36 /Users/lkmdigital/monbeaupays.com/backend/vendor/laravel/framework/src/Illuminate/Foundation/Http/Middleware/PreventRequestsDuringMaintenance.php(110): Illuminate\\Pipeline\\Pipeline->{closure:{closure:Illuminate\\Pipeline\\Pipeline::carry():184}:185}(Object(Illuminate\\Http\\Request))
#37 /Users/lkmdigital/monbeaupays.com/backend/vendor/laravel/framework/src/Illuminate/Pipeline/Pipeline.php(209): Illuminate\\Foundation\\Http\\Middleware\\PreventRequestsDuringMaintenance->handle(Object(Illuminate\\Http\\Request), Object(Closure))
#38 /Users/lkmdigital/monbeaupays.com/backend/vendor/laravel/framework/src/Illuminate/Http/Middleware/HandleCors.php(62): Illuminate\\Pipeline\\Pipeline->{closure:{closure:Illuminate\\Pipeline\\Pipeline::carry():184}:185}(Object(Illuminate\\Http\\Request))
#39 /Users/lkmdigital/monbeaupays.com/backend/vendor/laravel/framework/src/Illuminate/Pipeline/Pipeline.php(209): Illuminate\\Http\\Middleware\\HandleCors->handle(Object(Illuminate\\Http\\Request), Object(Closure))
#40 /Users/lkmdigital/monbeaupays.com/backend/vendor/laravel/framework/src/Illuminate/Http/Middleware/TrustProxies.php(58): Illuminate\\Pipeline\\Pipeline->{closure:{closure:Illuminate\\Pipeline\\Pipeline::carry():184}:185}(Object(Illuminate\\Http\\Request))
#41 /Users/lkmdigital/monbeaupays.com/backend/vendor/laravel/framework/src/Illuminate/Pipeline/Pipeline.php(209): Illuminate\\Http\\Middleware\\TrustProxies->handle(Object(Illuminate\\Http\\Request), Object(Closure))
#42 /Users/lkmdigital/monbeaupays.com/backend/vendor/laravel/framework/src/Illuminate/Foundation/Http/Middleware/InvokeDeferredCallbacks.php(22): Illuminate\\Pipeline\\Pipeline->{closure:{closure:Illuminate\\Pipeline\\Pipeline::carry():184}:185}(Object(Illuminate\\Http\\Request))
#43 /Users/lkmdigital/monbeaupays.com/backend/vendor/laravel/framework/src/Illuminate/Pipeline/Pipeline.php(209): Illuminate\\Foundation\\Http\\Middleware\\InvokeDeferredCallbacks->handle(Object(Illuminate\\Http\\Request), Object(Closure))
#44 /Users/lkmdigital/monbeaupays.com/backend/vendor/laravel/framework/src/Illuminate/Pipeline/Pipeline.php(127): Illuminate\\Pipeline\\Pipeline->{closure:{closure:Illuminate\\Pipeline\\Pipeline::carry():184}:185}(Object(Illuminate\\Http\\Request))
#45 /Users/lkmdigital/monbeaupays.com/backend/vendor/laravel/framework/src/Illuminate/Foundation/Http/Kernel.php(176): Illuminate\\Pipeline\\Pipeline->then(Object(Closure))
#46 /Users/lkmdigital/monbeaupays.com/backend/vendor/laravel/framework/src/Illuminate/Foundation/Http/Kernel.php(145): Illuminate\\Foundation\\Http\\Kernel->sendRequestThroughRouter(Object(Illuminate\\Http\\Request))
#47 /Users/lkmdigital/monbeaupays.com/backend/public/index.php(17): Illuminate\\Foundation\\Http\\Kernel->handle(Object(Illuminate\\Http\\Request))
#48 /Users/lkmdigital/monbeaupays.com/backend/vendor/laravel/framework/src/Illuminate/Foundation/resources/server.php(23): require_once('/Users/lkmdigit...')
#49 {main}

[previous exception] [object] (PDOException(code: 42S02): SQLSTATE[42S02]: Base table or view not found: 1146 Table 'monbeaupays.host_validation_histories' doesn't exist at /Users/lkmdigital/monbeaupays.com/backend/vendor/laravel/framework/src/Illuminate/Database/Connection.php:407)
[stacktrace]
#0 /Users/lkmdigital/monbeaupays.com/backend/vendor/laravel/framework/src/Illuminate/Database/Connection.php(407): PDO->prepare('select count(*)...')
#1 /Users/lkmdigital/monbeaupays.com/backend/vendor/laravel/framework/src/Illuminate/Database/Connection.php(812): Illuminate\\Database\\Connection->{closure:Illuminate\\Database\\Connection::select():398}('select count(*)...', Array)
#2 /Users/lkmdigital/monbeaupays.com/backend/vendor/laravel/framework/src/Illuminate/Database/Connection.php(779): Illuminate\\Database\\Connection->runQueryCallback('select count(*)...', Array, Object(Closure))
#3 /Users/lkmdigital/monbeaupays.com/backend/vendor/laravel/framework/src/Illuminate/Database/Connection.php(398): Illuminate\\Database\\Connection->run('select count(*)...', Array, Object(Closure))
#4 /Users/lkmdigital/monbeaupays.com/backend/vendor/laravel/framework/src/Illuminate/Database/Query/Builder.php(3106): Illuminate\\Database\\Connection->select('select count(*)...', Array, true)
#5 /Users/lkmdigital/monbeaupays.com/backend/vendor/laravel/framework/src/Illuminate/Database/Query/Builder.php(3091): Illuminate\\Database\\Query\\Builder->runSelect()
#6 /Users/lkmdigital/monbeaupays.com/backend/vendor/laravel/framework/src/Illuminate/Database/Query/Builder.php(3676): Illuminate\\Database\\Query\\Builder->{closure:Illuminate\\Database\\Query\\Builder::get():3090}()
#7 /Users/lkmdigital/monbeaupays.com/backend/vendor/laravel/framework/src/Illuminate/Database/Query/Builder.php(3090): Illuminate\\Database\\Query\\Builder->onceWithColumns(Array, Object(Closure))
#8 /Users/lkmdigital/monbeaupays.com/backend/vendor/laravel/framework/src/Illuminate/Database/Query/Builder.php(3603): Illuminate\\Database\\Query\\Builder->get(Array)
#9 /Users/lkmdigital/monbeaupays.com/backend/vendor/laravel/framework/src/Illuminate/Database/Query/Builder.php(3531): Illuminate\\Database\\Query\\Builder->aggregate('count', Array)
#10 /Users/lkmdigital/monbeaupays.com/backend/vendor/laravel/framework/src/Illuminate/Database/Eloquent/Builder.php(2120): Illuminate\\Database\\Query\\Builder->count()
#11 /Users/lkmdigital/monbeaupays.com/backend/app/Http/Controllers/Admin/AdminDashboardController.php(43): Illuminate\\Database\\Eloquent\\Builder->__call('count', Array)
#12 /Users/lkmdigital/monbeaupays.com/backend/vendor/laravel/framework/src/Illuminate/Routing/ControllerDispatcher.php(47): App\\Http\\Controllers\\Admin\\AdminDashboardController->stats(Object(Illuminate\\Http\\Request))
#13 /Users/lkmdigital/monbeaupays.com/backend/vendor/laravel/framework/src/Illuminate/Routing/Route.php(266): Illuminate\\Routing\\ControllerDispatcher->dispatch(Object(Illuminate\\Routing\\Route), Object(App\\Http\\Controllers\\Admin\\AdminDashboardController), 'stats')
#14 /Users/lkmdigital/monbeaupays.com/backend/vendor/laravel/framework/src/Illuminate/Routing/Route.php(212): Illuminate\\Routing\\Route->runController()
#15 /Users/lkmdigital/monbeaupays.com/backend/vendor/laravel/framework/src/Illuminate/Routing/Router.php(808): Illuminate\\Routing\\Route->run()
#16 /Users/lkmdigital/monbeaupays.com/backend/vendor/laravel/framework/src/Illuminate/Pipeline/Pipeline.php(170): Illuminate\\Routing\\Router->{closure:Illuminate\\Routing\\Router::runRouteWithinStack():807}(Object(Illuminate\\Http\\Request))
#17 /Users/lkmdigital/monbeaupays.com/backend/app/Http/Middleware/CheckPermission.php(34): Illuminate\\Pipeline\\Pipeline->{closure:Illuminate\\Pipeline\\Pipeline::prepareDestination():168}(Object(Illuminate\\Http\\Request))
#18 /Users/lkmdigital/monbeaupays.com/backend/vendor/laravel/framework/src/Illuminate/Pipeline/Pipeline.php(209): App\\Http\\Middleware\\CheckPermission->handle(Object(Illuminate\\Http\\Request), Object(Closure), 'admin.dashboard...')
#19 /Users/lkmdigital/monbeaupays.com/backend/vendor/laravel/framework/src/Illuminate/Routing/Middleware/SubstituteBindings.php(51): Illuminate\\Pipeline\\Pipeline->{closure:{closure:Illuminate\\Pipeline\\Pipeline::carry():184}:185}(Object(Illuminate\\Http\\Request))
#20 /Users/lkmdigital/monbeaupays.com/backend/vendor/laravel/framework/src/Illuminate/Pipeline/Pipeline.php(209): Illuminate\\Routing\\Middleware\\SubstituteBindings->handle(Object(Illuminate\\Http\\Request), Object(Closure))
#21 /Users/lkmdigital/monbeaupays.com/backend/vendor/laravel/framework/src/Illuminate/Auth/Middleware/Authenticate.php(64): Illuminate\\Pipeline\\Pipeline->{closure:{closure:Illuminate\\Pipeline\\Pipeline::carry():184}:185}(Object(Illuminate\\Http\\Request))
#22 /Users/lkmdigital/monbeaupays.com/backend/vendor/laravel/framework/src/Illuminate/Pipeline/Pipeline.php(209): Illuminate\\Auth\\Middleware\\Authenticate->handle(Object(Illuminate\\Http\\Request), Object(Closure), 'sanctum')
#23 /Users/lkmdigital/monbeaupays.com/backend/vendor/laravel/framework/src/Illuminate/Pipeline/Pipeline.php(127): Illuminate\\Pipeline\\Pipeline->{closure:{closure:Illuminate\\Pipeline\\Pipeline::carry():184}:185}(Object(Illuminate\\Http\\Request))
#24 /Users/lkmdigital/monbeaupays.com/backend/vendor/laravel/framework/src/Illuminate/Routing/Router.php(807): Illuminate\\Pipeline\\Pipeline->then(Object(Closure))
#25 /Users/lkmdigital/monbeaupays.com/backend/vendor/laravel/framework/src/Illuminate/Routing/Router.php(786): Illuminate\\Routing\\Router->runRouteWithinStack(Object(Illuminate\\Routing\\Route), Object(Illuminate\\Http\\Request))
#26 /Users/lkmdigital/monbeaupays.com/backend/vendor/laravel/framework/src/Illuminate/Routing/Router.php(750): Illuminate\\Routing\\Router->runRoute(Object(Illuminate\\Http\\Request), Object(Illuminate\\Routing\\Route))
#27 /Users/lkmdigital/monbeaupays.com/backend/vendor/laravel/framework/src/Illuminate/Routing/Router.php(739): Illuminate\\Routing\\Router->dispatchToRoute(Object(Illuminate\\Http\\Request))
#28 /Users/lkmdigital/monbeaupays.com/backend/vendor/laravel/framework/src/Illuminate/Foundation/Http/Kernel.php(201): Illuminate\\Routing\\Router->dispatch(Object(Illuminate\\Http\\Request))
#29 /Users/lkmdigital/monbeaupays.com/backend/vendor/laravel/framework/src/Illuminate/Pipeline/Pipeline.php(170): Illuminate\\Foundation\\Http\\Kernel->{closure:Illuminate\\Foundation\\Http\\Kernel::dispatchToRouter():198}(Object(Illuminate\\Http\\Request))
#30 /Users/lkmdigital/monbeaupays.com/backend/vendor/laravel/framework/src/Illuminate/Foundation/Http/Middleware/TransformsRequest.php(21): Illuminate\\Pipeline\\Pipeline->{closure:Illuminate\\Pipeline\\Pipeline::prepareDestination():168}(Object(Illuminate\\Http\\Request))
#31 /Users/lkmdigital/monbeaupays.com/backend/vendor/laravel/framework/src/Illuminate/Foundation/Http/Middleware/ConvertEmptyStringsToNull.php(31): Illuminate\\Foundation\\Http\\Middleware\\TransformsRequest->handle(Object(Illuminate\\Http\\Request), Object(Closure))
#32 /Users/lkmdigital/monbeaupays.com/backend/vendor/laravel/framework/src/Illuminate/Pipeline/Pipeline.php(209): Illuminate\\Foundation\\Http\\Middleware\\ConvertEmptyStringsToNull->handle(Object(Illuminate\\Http\\Request), Object(Closure))
#33 /Users/lkmdigital/monbeaupays.com/backend/vendor/laravel/framework/src/Illuminate/Foundation/Http/Middleware/TransformsRequest.php(21): Illuminate\\Pipeline\\Pipeline->{closure:{closure:Illuminate\\Pipeline\\Pipeline::carry():184}:185}(Object(Illuminate\\Http\\Request))
#34 /Users/lkmdigital/monbeaupays.com/backend/vendor/laravel/framework/src/Illuminate/Foundation/Http/Middleware/TrimStrings.php(51): Illuminate\\Foundation\\Http\\Middleware\\TransformsRequest->handle(Object(Illuminate\\Http\\Request), Object(Closure))
#35 /Users/lkmdigital/monbeaupays.com/backend/vendor/laravel/framework/src/Illuminate/Pipeline/Pipeline.php(209): Illuminate\\Foundation\\Http\\Middleware\\TrimStrings->handle(Object(Illuminate\\Http\\Request), Object(Closure))
#36 /Users/lkmdigital/monbeaupays.com/backend/vendor/laravel/framework/src/Illuminate/Http/Middleware/ValidatePostSize.php(27): Illuminate\\Pipeline\\Pipeline->{closure:{closure:Illuminate\\Pipeline\\Pipeline::carry():184}:185}(Object(Illuminate\\Http\\Request))
#37 /Users/lkmdigital/monbeaupays.com/backend/vendor/laravel/framework/src/Illuminate/Pipeline/Pipeline.php(209): Illuminate\\Http\\Middleware\\ValidatePostSize->handle(Object(Illuminate\\Http\\Request), Object(Closure))
#38 /Users/lkmdigital/monbeaupays.com/backend/vendor/laravel/framework/src/Illuminate/Foundation/Http/Middleware/PreventRequestsDuringMaintenance.php(110): Illuminate\\Pipeline\\Pipeline->{closure:{closure:Illuminate\\Pipeline\\Pipeline::carry():184}:185}(Object(Illuminate\\Http\\Request))
#39 /Users/lkmdigital/monbeaupays.com/backend/vendor/laravel/framework/src/Illuminate/Pipeline/Pipeline.php(209): Illuminate\\Foundation\\Http\\Middleware\\PreventRequestsDuringMaintenance->handle(Object(Illuminate\\Http\\Request), Object(Closure))
#40 /Users/lkmdigital/monbeaupays.com/backend/vendor/laravel/framework/src/Illuminate/Http/Middleware/HandleCors.php(62): Illuminate\\Pipeline\\Pipeline->{closure:{closure:Illuminate\\Pipeline\\Pipeline::carry():184}:185}(Object(Illuminate\\Http\\Request))
#41 /Users/lkmdigital/monbeaupays.com/backend/vendor/laravel/framework/src/Illuminate/Pipeline/Pipeline.php(209): Illuminate\\Http\\Middleware\\HandleCors->handle(Object(Illuminate\\Http\\Request), Object(Closure))
#42 /Users/lkmdigital/monbeaupays.com/backend/vendor/laravel/framework/src/Illuminate/Http/Middleware/TrustProxies.php(58): Illuminate\\Pipeline\\Pipeline->{closure:{closure:Illuminate\\Pipeline\\Pipeline::carry():184}:185}(Object(Illuminate\\Http\\Request))
#43 /Users/lkmdigital/monbeaupays.com/backend/vendor/laravel/framework/src/Illuminate/Pipeline/Pipeline.php(209): Illuminate\\Http\\Middleware\\TrustProxies->handle(Object(Illuminate\\Http\\Request), Object(Closure))
#44 /Users/lkmdigital/monbeaupays.com/backend/vendor/laravel/framework/src/Illuminate/Foundation/Http/Middleware/InvokeDeferredCallbacks.php(22): Illuminate\\Pipeline\\Pipeline->{closure:{closure:Illuminate\\Pipeline\\Pipeline::carry():184}:185}(Object(Illuminate\\Http\\Request))
#45 /Users/lkmdigital/monbeaupays.com/backend/vendor/laravel/framework/src/Illuminate/Pipeline/Pipeline.php(209): Illuminate\\Foundation\\Http\\Middleware\\InvokeDeferredCallbacks->handle(Object(Illuminate\\Http\\Request), Object(Closure))
#46 /Users/lkmdigital/monbeaupays.com/backend/vendor/laravel/framework/src/Illuminate/Pipeline/Pipeline.php(127): Illuminate\\Pipeline\\Pipeline->{closure:{closure:Illuminate\\Pipeline\\Pipeline::carry():184}:185}(Object(Illuminate\\Http\\Request))
#47 /Users/lkmdigital/monbeaupays.com/backend/vendor/laravel/framework/src/Illuminate/Foundation/Http/Kernel.php(176): Illuminate\\Pipeline\\Pipeline->then(Object(Closure))
#48 /Users/lkmdigital/monbeaupays.com/backend/vendor/laravel/framework/src/Illuminate/Foundation/Http/Kernel.php(145): Illuminate\\Foundation\\Http\\Kernel->sendRequestThroughRouter(Object(Illuminate\\Http\\Request))
#49 /Users/lkmdigital/monbeaupays.com/backend/public/index.php(17): Illuminate\\Foundation\\Http\\Kernel->handle(Object(Illuminate\\Http\\Request))
#50 /Users/lkmdigital/monbeaupays.com/backend/vendor/laravel/framework/src/Illuminate/Foundation/resources/server.php(23): require_once('/Users/lkmdigit...')
#51 {main}
"} 
[2025-11-19 14:28:58] local.ERROR: SQLSTATE[42S02]: Base table or view not found: 1146 Table 'monbeaupays.host_validation_histories' doesn't exist (Connection: mysql, SQL: select count(*) as aggregate from `users` where `role` = host and exists (select * from `host_validation_histories` where `users`.`id` = `host_validation_histories`.`host_id` and `action` = rejected)) {"userId":8,"exception":"[object] (Illuminate\\Database\\QueryException(code: 42S02): SQLSTATE[42S02]: Base table or view not found: 1146 Table 'monbeaupays.host_validation_histories' doesn't exist (Connection: mysql, SQL: select count(*) as aggregate from `users` where `role` = host and exists (select * from `host_validation_histories` where `users`.`id` = `host_validation_histories`.`host_id` and `action` = rejected)) at /Users/lkmdigital/monbeaupays.com/backend/vendor/laravel/framework/src/Illuminate/Database/Connection.php:825)
[stacktrace]
#0 /Users/lkmdigital/monbeaupays.com/backend/vendor/laravel/framework/src/Illuminate/Database/Connection.php(779): Illuminate\\Database\\Connection->runQueryCallback('select count(*)...', Array, Object(Closure))
#1 /Users/lkmdigital/monbeaupays.com/backend/vendor/laravel/framework/src/Illuminate/Database/Connection.php(398): Illuminate\\Database\\Connection->run('select count(*)...', Array, Object(Closure))
#2 /Users/lkmdigital/monbeaupays.com/backend/vendor/laravel/framework/src/Illuminate/Database/Query/Builder.php(3106): Illuminate\\Database\\Connection->select('select count(*)...', Array, true)
#3 /Users/lkmdigital/monbeaupays.com/backend/vendor/laravel/framework/src/Illuminate/Database/Query/Builder.php(3091): Illuminate\\Database\\Query\\Builder->runSelect()
#4 /Users/lkmdigital/monbeaupays.com/backend/vendor/laravel/framework/src/Illuminate/Database/Query/Builder.php(3676): Illuminate\\Database\\Query\\Builder->{closure:Illuminate\\Database\\Query\\Builder::get():3090}()
#5 /Users/lkmdigital/monbeaupays.com/backend/vendor/laravel/framework/src/Illuminate/Database/Query/Builder.php(3090): Illuminate\\Database\\Query\\Builder->onceWithColumns(Array, Object(Closure))
#6 /Users/lkmdigital/monbeaupays.com/backend/vendor/laravel/framework/src/Illuminate/Database/Query/Builder.php(3603): Illuminate\\Database\\Query\\Builder->get(Array)
#7 /Users/lkmdigital/monbeaupays.com/backend/vendor/laravel/framework/src/Illuminate/Database/Query/Builder.php(3531): Illuminate\\Database\\Query\\Builder->aggregate('count', Array)
#8 /Users/lkmdigital/monbeaupays.com/backend/vendor/laravel/framework/src/Illuminate/Database/Eloquent/Builder.php(2120): Illuminate\\Database\\Query\\Builder->count()
#9 /Users/lkmdigital/monbeaupays.com/backend/app/Http/Controllers/Admin/AdminDashboardController.php(43): Illuminate\\Database\\Eloquent\\Builder->__call('count', Array)
#10 /Users/lkmdigital/monbeaupays.com/backend/vendor/laravel/framework/src/Illuminate/Routing/ControllerDispatcher.php(47): App\\Http\\Controllers\\Admin\\AdminDashboardController->stats(Object(Illuminate\\Http\\Request))
#11 /Users/lkmdigital/monbeaupays.com/backend/vendor/laravel/framework/src/Illuminate/Routing/Route.php(266): Illuminate\\Routing\\ControllerDispatcher->dispatch(Object(Illuminate\\Routing\\Route), Object(App\\Http\\Controllers\\Admin\\AdminDashboardController), 'stats')
#12 /Users/lkmdigital/monbeaupays.com/backend/vendor/laravel/framework/src/Illuminate/Routing/Route.php(212): Illuminate\\Routing\\Route->runController()
#13 /Users/lkmdigital/monbeaupays.com/backend/vendor/laravel/framework/src/Illuminate/Routing/Router.php(808): Illuminate\\Routing\\Route->run()
#14 /Users/lkmdigital/monbeaupays.com/backend/vendor/laravel/framework/src/Illuminate/Pipeline/Pipeline.php(170): Illuminate\\Routing\\Router->{closure:Illuminate\\Routing\\Router::runRouteWithinStack():807}(Object(Illuminate\\Http\\Request))
#15 /Users/lkmdigital/monbeaupays.com/backend/app/Http/Middleware/CheckPermission.php(34): Illuminate\\Pipeline\\Pipeline->{closure:Illuminate\\Pipeline\\Pipeline::prepareDestination():168}(Object(Illuminate\\Http\\Request))
#16 /Users/lkmdigital/monbeaupays.com/backend/vendor/laravel/framework/src/Illuminate/Pipeline/Pipeline.php(209): App\\Http\\Middleware\\CheckPermission->handle(Object(Illuminate\\Http\\Request), Object(Closure), 'admin.dashboard...')
#17 /Users/lkmdigital/monbeaupays.com/backend/vendor/laravel/framework/src/Illuminate/Routing/Middleware/SubstituteBindings.php(51): Illuminate\\Pipeline\\Pipeline->{closure:{closure:Illuminate\\Pipeline\\Pipeline::carry():184}:185}(Object(Illuminate\\Http\\Request))
#18 /Users/lkmdigital/monbeaupays.com/backend/vendor/laravel/framework/src/Illuminate/Pipeline/Pipeline.php(209): Illuminate\\Routing\\Middleware\\SubstituteBindings->handle(Object(Illuminate\\Http\\Request), Object(Closure))
#19 /Users/lkmdigital/monbeaupays.com/backend/vendor/laravel/framework/src/Illuminate/Auth/Middleware/Authenticate.php(64): Illuminate\\Pipeline\\Pipeline->{closure:{closure:Illuminate\\Pipeline\\Pipeline::carry():184}:185}(Object(Illuminate\\Http\\Request))
#20 /Users/lkmdigital/monbeaupays.com/backend/vendor/laravel/framework/src/Illuminate/Pipeline/Pipeline.php(209): Illuminate\\Auth\\Middleware\\Authenticate->handle(Object(Illuminate\\Http\\Request), Object(Closure), 'sanctum')
#21 /Users/lkmdigital/monbeaupays.com/backend/vendor/laravel/framework/src/Illuminate/Pipeline/Pipeline.php(127): Illuminate\\Pipeline\\Pipeline->{closure:{closure:Illuminate\\Pipeline\\Pipeline::carry():184}:185}(Object(Illuminate\\Http\\Request))
#22 /Users/lkmdigital/monbeaupays.com/backend/vendor/laravel/framework/src/Illuminate/Routing/Router.php(807): Illuminate\\Pipeline\\Pipeline->then(Object(Closure))
#23 /Users/lkmdigital/monbeaupays.com/backend/vendor/laravel/framework/src/Illuminate/Routing/Router.php(786): Illuminate\\Routing\\Router->runRouteWithinStack(Object(Illuminate\\Routing\\Route), Object(Illuminate\\Http\\Request))
#24 /Users/lkmdigital/monbeaupays.com/backend/vendor/laravel/framework/src/Illuminate/Routing/Router.php(750): Illuminate\\Routing\\Router->runRoute(Object(Illuminate\\Http\\Request), Object(Illuminate\\Routing\\Route))
#25 /Users/lkmdigital/monbeaupays.com/backend/vendor/laravel/framework/src/Illuminate/Routing/Router.php(739): Illuminate\\Routing\\Router->dispatchToRoute(Object(Illuminate\\Http\\Request))
#26 /Users/lkmdigital/monbeaupays.com/backend/vendor/laravel/framework/src/Illuminate/Foundation/Http/Kernel.php(201): Illuminate\\Routing\\Router->dispatch(Object(Illuminate\\Http\\Request))
#27 /Users/lkmdigital/monbeaupays.com/backend/vendor/laravel/framework/src/Illuminate/Pipeline/Pipeline.php(170): Illuminate\\Foundation\\Http\\Kernel->{closure:Illuminate\\Foundation\\Http\\Kernel::dispatchToRouter():198}(Object(Illuminate\\Http\\Request))
#28 /Users/lkmdigital/monbeaupays.com/backend/vendor/laravel/framework/src/Illuminate/Foundation/Http/Middleware/TransformsRequest.php(21): Illuminate\\Pipeline\\Pipeline->{closure:Illuminate\\Pipeline\\Pipeline::prepareDestination():168}(Object(Illuminate\\Http\\Request))
#29 /Users/lkmdigital/monbeaupays.com/backend/vendor/laravel/framework/src/Illuminate/Foundation/Http/Middleware/ConvertEmptyStringsToNull.php(31): Illuminate\\Foundation\\Http\\Middleware\\TransformsRequest->handle(Object(Illuminate\\Http\\Request), Object(Closure))
#30 /Users/lkmdigital/monbeaupays.com/backend/vendor/laravel/framework/src/Illuminate/Pipeline/Pipeline.php(209): Illuminate\\Foundation\\Http\\Middleware\\ConvertEmptyStringsToNull->handle(Object(Illuminate\\Http\\Request), Object(Closure))
#31 /Users/lkmdigital/monbeaupays.com/backend/vendor/laravel/framework/src/Illuminate/Foundation/Http/Middleware/TransformsRequest.php(21): Illuminate\\Pipeline\\Pipeline->{closure:{closure:Illuminate\\Pipeline\\Pipeline::carry():184}:185}(Object(Illuminate\\Http\\Request))
#32 /Users/lkmdigital/monbeaupays.com/backend/vendor/laravel/framework/src/Illuminate/Foundation/Http/Middleware/TrimStrings.php(51): Illuminate\\Foundation\\Http\\Middleware\\TransformsRequest->handle(Object(Illuminate\\Http\\Request), Object(Closure))
#33 /Users/lkmdigital/monbeaupays.com/backend/vendor/laravel/framework/src/Illuminate/Pipeline/Pipeline.php(209): Illuminate\\Foundation\\Http\\Middleware\\TrimStrings->handle(Object(Illuminate\\Http\\Request), Object(Closure))
#34 /Users/lkmdigital/monbeaupays.com/backend/vendor/laravel/framework/src/Illuminate/Http/Middleware/ValidatePostSize.php(27): Illuminate\\Pipeline\\Pipeline->{closure:{closure:Illuminate\\Pipeline\\Pipeline::carry():184}:185}(Object(Illuminate\\Http\\Request))
#35 /Users/lkmdigital/monbeaupays.com/backend/vendor/laravel/framework/src/Illuminate/Pipeline/Pipeline.php(209): Illuminate\\Http\\Middleware\\ValidatePostSize->handle(Object(Illuminate\\Http\\Request), Object(Closure))
#36 /Users/lkmdigital/monbeaupays.com/backend/vendor/laravel/framework/src/Illuminate/Foundation/Http/Middleware/PreventRequestsDuringMaintenance.php(110): Illuminate\\Pipeline\\Pipeline->{closure:{closure:Illuminate\\Pipeline\\Pipeline::carry():184}:185}(Object(Illuminate\\Http\\Request))
#37 /Users/lkmdigital/monbeaupays.com/backend/vendor/laravel/framework/src/Illuminate/Pipeline/Pipeline.php(209): Illuminate\\Foundation\\Http\\Middleware\\PreventRequestsDuringMaintenance->handle(Object(Illuminate\\Http\\Request), Object(Closure))
#38 /Users/lkmdigital/monbeaupays.com/backend/vendor/laravel/framework/src/Illuminate/Http/Middleware/HandleCors.php(62): Illuminate\\Pipeline\\Pipeline->{closure:{closure:Illuminate\\Pipeline\\Pipeline::carry():184}:185}(Object(Illuminate\\Http\\Request))
#39 /Users/lkmdigital/monbeaupays.com/backend/vendor/laravel/framework/src/Illuminate/Pipeline/Pipeline.php(209): Illuminate\\Http\\Middleware\\HandleCors->handle(Object(Illuminate\\Http\\Request), Object(Closure))
#40 /Users/lkmdigital/monbeaupays.com/backend/vendor/laravel/framework/src/Illuminate/Http/Middleware/TrustProxies.php(58): Illuminate\\Pipeline\\Pipeline->{closure:{closure:Illuminate\\Pipeline\\Pipeline::carry():184}:185}(Object(Illuminate\\Http\\Request))
#41 /Users/lkmdigital/monbeaupays.com/backend/vendor/laravel/framework/src/Illuminate/Pipeline/Pipeline.php(209): Illuminate\\Http\\Middleware\\TrustProxies->handle(Object(Illuminate\\Http\\Request), Object(Closure))
#42 /Users/lkmdigital/monbeaupays.com/backend/vendor/laravel/framework/src/Illuminate/Foundation/Http/Middleware/InvokeDeferredCallbacks.php(22): Illuminate\\Pipeline\\Pipeline->{closure:{closure:Illuminate\\Pipeline\\Pipeline::carry():184}:185}(Object(Illuminate\\Http\\Request))
#43 /Users/lkmdigital/monbeaupays.com/backend/vendor/laravel/framework/src/Illuminate/Pipeline/Pipeline.php(209): Illuminate\\Foundation\\Http\\Middleware\\InvokeDeferredCallbacks->handle(Object(Illuminate\\Http\\Request), Object(Closure))
#44 /Users/lkmdigital/monbeaupays.com/backend/vendor/laravel/framework/src/Illuminate/Pipeline/Pipeline.php(127): Illuminate\\Pipeline\\Pipeline->{closure:{closure:Illuminate\\Pipeline\\Pipeline::carry():184}:185}(Object(Illuminate\\Http\\Request))
#45 /Users/lkmdigital/monbeaupays.com/backend/vendor/laravel/framework/src/Illuminate/Foundation/Http/Kernel.php(176): Illuminate\\Pipeline\\Pipeline->then(Object(Closure))
#46 /Users/lkmdigital/monbeaupays.com/backend/vendor/laravel/framework/src/Illuminate/Foundation/Http/Kernel.php(145): Illuminate\\Foundation\\Http\\Kernel->sendRequestThroughRouter(Object(Illuminate\\Http\\Request))
#47 /Users/lkmdigital/monbeaupays.com/backend/public/index.php(17): Illuminate\\Foundation\\Http\\Kernel->handle(Object(Illuminate\\Http\\Request))
#48 /Users/lkmdigital/monbeaupays.com/backend/vendor/laravel/framework/src/Illuminate/Foundation/resources/server.php(23): require_once('/Users/lkmdigit...')
#49 {main}

[previous exception] [object] (PDOException(code: 42S02): SQLSTATE[42S02]: Base table or view not found: 1146 Table 'monbeaupays.host_validation_histories' doesn't exist at /Users/lkmdigital/monbeaupays.com/backend/vendor/laravel/framework/src/Illuminate/Database/Connection.php:407)
[stacktrace]
#0 /Users/lkmdigital/monbeaupays.com/backend/vendor/laravel/framework/src/Illuminate/Database/Connection.php(407): PDO->prepare('select count(*)...')
#1 /Users/lkmdigital/monbeaupays.com/backend/vendor/laravel/framework/src/Illuminate/Database/Connection.php(812): Illuminate\\Database\\Connection->{closure:Illuminate\\Database\\Connection::select():398}('select count(*)...', Array)
#2 /Users/lkmdigital/monbeaupays.com/backend/vendor/laravel/framework/src/Illuminate/Database/Connection.php(779): Illuminate\\Database\\Connection->runQueryCallback('select count(*)...', Array, Object(Closure))
#3 /Users/lkmdigital/monbeaupays.com/backend/vendor/laravel/framework/src/Illuminate/Database/Connection.php(398): Illuminate\\Database\\Connection->run('select count(*)...', Array, Object(Closure))
#4 /Users/lkmdigital/monbeaupays.com/backend/vendor/laravel/framework/src/Illuminate/Database/Query/Builder.php(3106): Illuminate\\Database\\Connection->select('select count(*)...', Array, true)
#5 /Users/lkmdigital/monbeaupays.com/backend/vendor/laravel/framework/src/Illuminate/Database/Query/Builder.php(3091): Illuminate\\Database\\Query\\Builder->runSelect()
#6 /Users/lkmdigital/monbeaupays.com/backend/vendor/laravel/framework/src/Illuminate/Database/Query/Builder.php(3676): Illuminate\\Database\\Query\\Builder->{closure:Illuminate\\Database\\Query\\Builder::get():3090}()
#7 /Users/lkmdigital/monbeaupays.com/backend/vendor/laravel/framework/src/Illuminate/Database/Query/Builder.php(3090): Illuminate\\Database\\Query\\Builder->onceWithColumns(Array, Object(Closure))
#8 /Users/lkmdigital/monbeaupays.com/backend/vendor/laravel/framework/src/Illuminate/Database/Query/Builder.php(3603): Illuminate\\Database\\Query\\Builder->get(Array)
#9 /Users/lkmdigital/monbeaupays.com/backend/vendor/laravel/framework/src/Illuminate/Database/Query/Builder.php(3531): Illuminate\\Database\\Query\\Builder->aggregate('count', Array)
#10 /Users/lkmdigital/monbeaupays.com/backend/vendor/laravel/framework/src/Illuminate/Database/Eloquent/Builder.php(2120): Illuminate\\Database\\Query\\Builder->count()
#11 /Users/lkmdigital/monbeaupays.com/backend/app/Http/Controllers/Admin/AdminDashboardController.php(43): Illuminate\\Database\\Eloquent\\Builder->__call('count', Array)
#12 /Users/lkmdigital/monbeaupays.com/backend/vendor/laravel/framework/src/Illuminate/Routing/ControllerDispatcher.php(47): App\\Http\\Controllers\\Admin\\AdminDashboardController->stats(Object(Illuminate\\Http\\Request))
#13 /Users/lkmdigital/monbeaupays.com/backend/vendor/laravel/framework/src/Illuminate/Routing/Route.php(266): Illuminate\\Routing\\ControllerDispatcher->dispatch(Object(Illuminate\\Routing\\Route), Object(App\\Http\\Controllers\\Admin\\AdminDashboardController), 'stats')
#14 /Users/lkmdigital/monbeaupays.com/backend/vendor/laravel/framework/src/Illuminate/Routing/Route.php(212): Illuminate\\Routing\\Route->runController()
#15 /Users/lkmdigital/monbeaupays.com/backend/vendor/laravel/framework/src/Illuminate/Routing/Router.php(808): Illuminate\\Routing\\Route->run()
#16 /Users/lkmdigital/monbeaupays.com/backend/vendor/laravel/framework/src/Illuminate/Pipeline/Pipeline.php(170): Illuminate\\Routing\\Router->{closure:Illuminate\\Routing\\Router::runRouteWithinStack():807}(Object(Illuminate\\Http\\Request))
#17 /Users/lkmdigital/monbeaupays.com/backend/app/Http/Middleware/CheckPermission.php(34): Illuminate\\Pipeline\\Pipeline->{closure:Illuminate\\Pipeline\\Pipeline::prepareDestination():168}(Object(Illuminate\\Http\\Request))
#18 /Users/lkmdigital/monbeaupays.com/backend/vendor/laravel/framework/src/Illuminate/Pipeline/Pipeline.php(209): App\\Http\\Middleware\\CheckPermission->handle(Object(Illuminate\\Http\\Request), Object(Closure), 'admin.dashboard...')
#19 /Users/lkmdigital/monbeaupays.com/backend/vendor/laravel/framework/src/Illuminate/Routing/Middleware/SubstituteBindings.php(51): Illuminate\\Pipeline\\Pipeline->{closure:{closure:Illuminate\\Pipeline\\Pipeline::carry():184}:185}(Object(Illuminate\\Http\\Request))
#20 /Users/lkmdigital/monbeaupays.com/backend/vendor/laravel/framework/src/Illuminate/Pipeline/Pipeline.php(209): Illuminate\\Routing\\Middleware\\SubstituteBindings->handle(Object(Illuminate\\Http\\Request), Object(Closure))
#21 /Users/lkmdigital/monbeaupays.com/backend/vendor/laravel/framework/src/Illuminate/Auth/Middleware/Authenticate.php(64): Illuminate\\Pipeline\\Pipeline->{closure:{closure:Illuminate\\Pipeline\\Pipeline::carry():184}:185}(Object(Illuminate\\Http\\Request))
#22 /Users/lkmdigital/monbeaupays.com/backend/vendor/laravel/framework/src/Illuminate/Pipeline/Pipeline.php(209): Illuminate\\Auth\\Middleware\\Authenticate->handle(Object(Illuminate\\Http\\Request), Object(Closure), 'sanctum')
#23 /Users/lkmdigital/monbeaupays.com/backend/vendor/laravel/framework/src/Illuminate/Pipeline/Pipeline.php(127): Illuminate\\Pipeline\\Pipeline->{closure:{closure:Illuminate\\Pipeline\\Pipeline::carry():184}:185}(Object(Illuminate\\Http\\Request))
#24 /Users/lkmdigital/monbeaupays.com/backend/vendor/laravel/framework/src/Illuminate/Routing/Router.php(807): Illuminate\\Pipeline\\Pipeline->then(Object(Closure))
#25 /Users/lkmdigital/monbeaupays.com/backend/vendor/laravel/framework/src/Illuminate/Routing/Router.php(786): Illuminate\\Routing\\Router->runRouteWithinStack(Object(Illuminate\\Routing\\Route), Object(Illuminate\\Http\\Request))
#26 /Users/lkmdigital/monbeaupays.com/backend/vendor/laravel/framework/src/Illuminate/Routing/Router.php(750): Illuminate\\Routing\\Router->runRoute(Object(Illuminate\\Http\\Request), Object(Illuminate\\Routing\\Route))
#27 /Users/lkmdigital/monbeaupays.com/backend/vendor/laravel/framework/src/Illuminate/Routing/Router.php(739): Illuminate\\Routing\\Router->dispatchToRoute(Object(Illuminate\\Http\\Request))
#28 /Users/lkmdigital/monbeaupays.com/backend/vendor/laravel/framework/src/Illuminate/Foundation/Http/Kernel.php(201): Illuminate\\Routing\\Router->dispatch(Object(Illuminate\\Http\\Request))
#29 /Users/lkmdigital/monbeaupays.com/backend/vendor/laravel/framework/src/Illuminate/Pipeline/Pipeline.php(170): Illuminate\\Foundation\\Http\\Kernel->{closure:Illuminate\\Foundation\\Http\\Kernel::dispatchToRouter():198}(Object(Illuminate\\Http\\Request))
#30 /Users/lkmdigital/monbeaupays.com/backend/vendor/laravel/framework/src/Illuminate/Foundation/Http/Middleware/TransformsRequest.php(21): Illuminate\\Pipeline\\Pipeline->{closure:Illuminate\\Pipeline\\Pipeline::prepareDestination():168}(Object(Illuminate\\Http\\Request))
#31 /Users/lkmdigital/monbeaupays.com/backend/vendor/laravel/framework/src/Illuminate/Foundation/Http/Middleware/ConvertEmptyStringsToNull.php(31): Illuminate\\Foundation\\Http\\Middleware\\TransformsRequest->handle(Object(Illuminate\\Http\\Request), Object(Closure))
#32 /Users/lkmdigital/monbeaupays.com/backend/vendor/laravel/framework/src/Illuminate/Pipeline/Pipeline.php(209): Illuminate\\Foundation\\Http\\Middleware\\ConvertEmptyStringsToNull->handle(Object(Illuminate\\Http\\Request), Object(Closure))
#33 /Users/lkmdigital/monbeaupays.com/backend/vendor/laravel/framework/src/Illuminate/Foundation/Http/Middleware/TransformsRequest.php(21): Illuminate\\Pipeline\\Pipeline->{closure:{closure:Illuminate\\Pipeline\\Pipeline::carry():184}:185}(Object(Illuminate\\Http\\Request))
#34 /Users/lkmdigital/monbeaupays.com/backend/vendor/laravel/framework/src/Illuminate/Foundation/Http/Middleware/TrimStrings.php(51): Illuminate\\Foundation\\Http\\Middleware\\TransformsRequest->handle(Object(Illuminate\\Http\\Request), Object(Closure))
#35 /Users/lkmdigital/monbeaupays.com/backend/vendor/laravel/framework/src/Illuminate/Pipeline/Pipeline.php(209): Illuminate\\Foundation\\Http\\Middleware\\TrimStrings->handle(Object(Illuminate\\Http\\Request), Object(Closure))
#36 /Users/lkmdigital/monbeaupays.com/backend/vendor/laravel/framework/src/Illuminate/Http/Middleware/ValidatePostSize.php(27): Illuminate\\Pipeline\\Pipeline->{closure:{closure:Illuminate\\Pipeline\\Pipeline::carry():184}:185}(Object(Illuminate\\Http\\Request))
#37 /Users/lkmdigital/monbeaupays.com/backend/vendor/laravel/framework/src/Illuminate/Pipeline/Pipeline.php(209): Illuminate\\Http\\Middleware\\ValidatePostSize->handle(Object(Illuminate\\Http\\Request), Object(Closure))
#38 /Users/lkmdigital/monbeaupays.com/backend/vendor/laravel/framework/src/Illuminate/Foundation/Http/Middleware/PreventRequestsDuringMaintenance.php(110): Illuminate\\Pipeline\\Pipeline->{closure:{closure:Illuminate\\Pipeline\\Pipeline::carry():184}:185}(Object(Illuminate\\Http\\Request))
#39 /Users/lkmdigital/monbeaupays.com/backend/vendor/laravel/framework/src/Illuminate/Pipeline/Pipeline.php(209): Illuminate\\Foundation\\Http\\Middleware\\PreventRequestsDuringMaintenance->handle(Object(Illuminate\\Http\\Request), Object(Closure))
#40 /Users/lkmdigital/monbeaupays.com/backend/vendor/laravel/framework/src/Illuminate/Http/Middleware/HandleCors.php(62): Illuminate\\Pipeline\\Pipeline->{closure:{closure:Illuminate\\Pipeline\\Pipeline::carry():184}:185}(Object(Illuminate\\Http\\Request))
#41 /Users/lkmdigital/monbeaupays.com/backend/vendor/laravel/framework/src/Illuminate/Pipeline/Pipeline.php(209): Illuminate\\Http\\Middleware\\HandleCors->handle(Object(Illuminate\\Http\\Request), Object(Closure))
#42 /Users/lkmdigital/monbeaupays.com/backend/vendor/laravel/framework/src/Illuminate/Http/Middleware/TrustProxies.php(58): Illuminate\\Pipeline\\Pipeline->{closure:{closure:Illuminate\\Pipeline\\Pipeline::carry():184}:185}(Object(Illuminate\\Http\\Request))
#43 /Users/lkmdigital/monbeaupays.com/backend/vendor/laravel/framework/src/Illuminate/Pipeline/Pipeline.php(209): Illuminate\\Http\\Middleware\\TrustProxies->handle(Object(Illuminate\\Http\\Request), Object(Closure))
#44 /Users/lkmdigital/monbeaupays.com/backend/vendor/laravel/framework/src/Illuminate/Foundation/Http/Middleware/InvokeDeferredCallbacks.php(22): Illuminate\\Pipeline\\Pipeline->{closure:{closure:Illuminate\\Pipeline\\Pipeline::carry():184}:185}(Object(Illuminate\\Http\\Request))
#45 /Users/lkmdigital/monbeaupays.com/backend/vendor/laravel/framework/src/Illuminate/Pipeline/Pipeline.php(209): Illuminate\\Foundation\\Http\\Middleware\\InvokeDeferredCallbacks->handle(Object(Illuminate\\Http\\Request), Object(Closure))
#46 /Users/lkmdigital/monbeaupays.com/backend/vendor/laravel/framework/src/Illuminate/Pipeline/Pipeline.php(127): Illuminate\\Pipeline\\Pipeline->{closure:{closure:Illuminate\\Pipeline\\Pipeline::carry():184}:185}(Object(Illuminate\\Http\\Request))
#47 /Users/lkmdigital/monbeaupays.com/backend/vendor/laravel/framework/src/Illuminate/Foundation/Http/Kernel.php(176): Illuminate\\Pipeline\\Pipeline->then(Object(Closure))
#48 /Users/lkmdigital/monbeaupays.com/backend/vendor/laravel/framework/src/Illuminate/Foundation/Http/Kernel.php(145): Illuminate\\Foundation\\Http\\Kernel->sendRequestThroughRouter(Object(Illuminate\\Http\\Request))
#49 /Users/lkmdigital/monbeaupays.com/backend/public/index.php(17): Illuminate\\Foundation\\Http\\Kernel->handle(Object(Illuminate\\Http\\Request))
#50 /Users/lkmdigital/monbeaupays.com/backend/vendor/laravel/framework/src/Illuminate/Foundation/resources/server.php(23): require_once('/Users/lkmdigit...')
#51 {main}
"} 
[2025-11-19 14:28:58] local.ERROR: SQLSTATE[42S02]: Base table or view not found: 1146 Table 'monbeaupays.host_validation_histories' doesn't exist (Connection: mysql, SQL: select count(*) as aggregate from `users` where `role` = host and exists (select * from `host_validation_histories` where `users`.`id` = `host_validation_histories`.`host_id` and `action` = rejected)) {"userId":8,"exception":"[object] (Illuminate\\Database\\QueryException(code: 42S02): SQLSTATE[42S02]: Base table or view not found: 1146 Table 'monbeaupays.host_validation_histories' doesn't exist (Connection: mysql, SQL: select count(*) as aggregate from `users` where `role` = host and exists (select * from `host_validation_histories` where `users`.`id` = `host_validation_histories`.`host_id` and `action` = rejected)) at /Users/lkmdigital/monbeaupays.com/backend/vendor/laravel/framework/src/Illuminate/Database/Connection.php:825)
[stacktrace]
#0 /Users/lkmdigital/monbeaupays.com/backend/vendor/laravel/framework/src/Illuminate/Database/Connection.php(779): Illuminate\\Database\\Connection->runQueryCallback('select count(*)...', Array, Object(Closure))
#1 /Users/lkmdigital/monbeaupays.com/backend/vendor/laravel/framework/src/Illuminate/Database/Connection.php(398): Illuminate\\Database\\Connection->run('select count(*)...', Array, Object(Closure))
#2 /Users/lkmdigital/monbeaupays.com/backend/vendor/laravel/framework/src/Illuminate/Database/Query/Builder.php(3106): Illuminate\\Database\\Connection->select('select count(*)...', Array, true)
#3 /Users/lkmdigital/monbeaupays.com/backend/vendor/laravel/framework/src/Illuminate/Database/Query/Builder.php(3091): Illuminate\\Database\\Query\\Builder->runSelect()
#4 /Users/lkmdigital/monbeaupays.com/backend/vendor/laravel/framework/src/Illuminate/Database/Query/Builder.php(3676): Illuminate\\Database\\Query\\Builder->{closure:Illuminate\\Database\\Query\\Builder::get():3090}()
#5 /Users/lkmdigital/monbeaupays.com/backend/vendor/laravel/framework/src/Illuminate/Database/Query/Builder.php(3090): Illuminate\\Database\\Query\\Builder->onceWithColumns(Array, Object(Closure))
#6 /Users/lkmdigital/monbeaupays.com/backend/vendor/laravel/framework/src/Illuminate/Database/Query/Builder.php(3603): Illuminate\\Database\\Query\\Builder->get(Array)
#7 /Users/lkmdigital/monbeaupays.com/backend/vendor/laravel/framework/src/Illuminate/Database/Query/Builder.php(3531): Illuminate\\Database\\Query\\Builder->aggregate('count', Array)
#8 /Users/lkmdigital/monbeaupays.com/backend/vendor/laravel/framework/src/Illuminate/Database/Eloquent/Builder.php(2120): Illuminate\\Database\\Query\\Builder->count()
#9 /Users/lkmdigital/monbeaupays.com/backend/app/Http/Controllers/Admin/AdminDashboardController.php(43): Illuminate\\Database\\Eloquent\\Builder->__call('count', Array)
#10 /Users/lkmdigital/monbeaupays.com/backend/vendor/laravel/framework/src/Illuminate/Routing/ControllerDispatcher.php(47): App\\Http\\Controllers\\Admin\\AdminDashboardController->stats(Object(Illuminate\\Http\\Request))
#11 /Users/lkmdigital/monbeaupays.com/backend/vendor/laravel/framework/src/Illuminate/Routing/Route.php(266): Illuminate\\Routing\\ControllerDispatcher->dispatch(Object(Illuminate\\Routing\\Route), Object(App\\Http\\Controllers\\Admin\\AdminDashboardController), 'stats')
#12 /Users/lkmdigital/monbeaupays.com/backend/vendor/laravel/framework/src/Illuminate/Routing/Route.php(212): Illuminate\\Routing\\Route->runController()
#13 /Users/lkmdigital/monbeaupays.com/backend/vendor/laravel/framework/src/Illuminate/Routing/Router.php(808): Illuminate\\Routing\\Route->run()
#14 /Users/lkmdigital/monbeaupays.com/backend/vendor/laravel/framework/src/Illuminate/Pipeline/Pipeline.php(170): Illuminate\\Routing\\Router->{closure:Illuminate\\Routing\\Router::runRouteWithinStack():807}(Object(Illuminate\\Http\\Request))
#15 /Users/lkmdigital/monbeaupays.com/backend/app/Http/Middleware/CheckPermission.php(34): Illuminate\\Pipeline\\Pipeline->{closure:Illuminate\\Pipeline\\Pipeline::prepareDestination():168}(Object(Illuminate\\Http\\Request))
#16 /Users/lkmdigital/monbeaupays.com/backend/vendor/laravel/framework/src/Illuminate/Pipeline/Pipeline.php(209): App\\Http\\Middleware\\CheckPermission->handle(Object(Illuminate\\Http\\Request), Object(Closure), 'admin.dashboard...')
#17 /Users/lkmdigital/monbeaupays.com/backend/vendor/laravel/framework/src/Illuminate/Routing/Middleware/SubstituteBindings.php(51): Illuminate\\Pipeline\\Pipeline->{closure:{closure:Illuminate\\Pipeline\\Pipeline::carry():184}:185}(Object(Illuminate\\Http\\Request))
#18 /Users/lkmdigital/monbeaupays.com/backend/vendor/laravel/framework/src/Illuminate/Pipeline/Pipeline.php(209): Illuminate\\Routing\\Middleware\\SubstituteBindings->handle(Object(Illuminate\\Http\\Request), Object(Closure))
#19 /Users/lkmdigital/monbeaupays.com/backend/vendor/laravel/framework/src/Illuminate/Auth/Middleware/Authenticate.php(64): Illuminate\\Pipeline\\Pipeline->{closure:{closure:Illuminate\\Pipeline\\Pipeline::carry():184}:185}(Object(Illuminate\\Http\\Request))
#20 /Users/lkmdigital/monbeaupays.com/backend/vendor/laravel/framework/src/Illuminate/Pipeline/Pipeline.php(209): Illuminate\\Auth\\Middleware\\Authenticate->handle(Object(Illuminate\\Http\\Request), Object(Closure), 'sanctum')
#21 /Users/lkmdigital/monbeaupays.com/backend/vendor/laravel/framework/src/Illuminate/Pipeline/Pipeline.php(127): Illuminate\\Pipeline\\Pipeline->{closure:{closure:Illuminate\\Pipeline\\Pipeline::carry():184}:185}(Object(Illuminate\\Http\\Request))
#22 /Users/lkmdigital/monbeaupays.com/backend/vendor/laravel/framework/src/Illuminate/Routing/Router.php(807): Illuminate\\Pipeline\\Pipeline->then(Object(Closure))
#23 /Users/lkmdigital/monbeaupays.com/backend/vendor/laravel/framework/src/Illuminate/Routing/Router.php(786): Illuminate\\Routing\\Router->runRouteWithinStack(Object(Illuminate\\Routing\\Route), Object(Illuminate\\Http\\Request))
#24 /Users/lkmdigital/monbeaupays.com/backend/vendor/laravel/framework/src/Illuminate/Routing/Router.php(750): Illuminate\\Routing\\Router->runRoute(Object(Illuminate\\Http\\Request), Object(Illuminate\\Routing\\Route))
#25 /Users/lkmdigital/monbeaupays.com/backend/vendor/laravel/framework/src/Illuminate/Routing/Router.php(739): Illuminate\\Routing\\Router->dispatchToRoute(Object(Illuminate\\Http\\Request))
#26 /Users/lkmdigital/monbeaupays.com/backend/vendor/laravel/framework/src/Illuminate/Foundation/Http/Kernel.php(201): Illuminate\\Routing\\Router->dispatch(Object(Illuminate\\Http\\Request))
#27 /Users/lkmdigital/monbeaupays.com/backend/vendor/laravel/framework/src/Illuminate/Pipeline/Pipeline.php(170): Illuminate\\Foundation\\Http\\Kernel->{closure:Illuminate\\Foundation\\Http\\Kernel::dispatchToRouter():198}(Object(Illuminate\\Http\\Request))
#28 /Users/lkmdigital/monbeaupays.com/backend/vendor/laravel/framework/src/Illuminate/Foundation/Http/Middleware/TransformsRequest.php(21): Illuminate\\Pipeline\\Pipeline->{closure:Illuminate\\Pipeline\\Pipeline::prepareDestination():168}(Object(Illuminate\\Http\\Request))
#29 /Users/lkmdigital/monbeaupays.com/backend/vendor/laravel/framework/src/Illuminate/Foundation/Http/Middleware/ConvertEmptyStringsToNull.php(31): Illuminate\\Foundation\\Http\\Middleware\\TransformsRequest->handle(Object(Illuminate\\Http\\Request), Object(Closure))
#30 /Users/lkmdigital/monbeaupays.com/backend/vendor/laravel/framework/src/Illuminate/Pipeline/Pipeline.php(209): Illuminate\\Foundation\\Http\\Middleware\\ConvertEmptyStringsToNull->handle(Object(Illuminate\\Http\\Request), Object(Closure))
#31 /Users/lkmdigital/monbeaupays.com/backend/vendor/laravel/framework/src/Illuminate/Foundation/Http/Middleware/TransformsRequest.php(21): Illuminate\\Pipeline\\Pipeline->{closure:{closure:Illuminate\\Pipeline\\Pipeline::carry():184}:185}(Object(Illuminate\\Http\\Request))
#32 /Users/lkmdigital/monbeaupays.com/backend/vendor/laravel/framework/src/Illuminate/Foundation/Http/Middleware/TrimStrings.php(51): Illuminate\\Foundation\\Http\\Middleware\\TransformsRequest->handle(Object(Illuminate\\Http\\Request), Object(Closure))
#33 /Users/lkmdigital/monbeaupays.com/backend/vendor/laravel/framework/src/Illuminate/Pipeline/Pipeline.php(209): Illuminate\\Foundation\\Http\\Middleware\\TrimStrings->handle(Object(Illuminate\\Http\\Request), Object(Closure))
#34 /Users/lkmdigital/monbeaupays.com/backend/vendor/laravel/framework/src/Illuminate/Http/Middleware/ValidatePostSize.php(27): Illuminate\\Pipeline\\Pipeline->{closure:{closure:Illuminate\\Pipeline\\Pipeline::carry():184}:185}(Object(Illuminate\\Http\\Request))
#35 /Users/lkmdigital/monbeaupays.com/backend/vendor/laravel/framework/src/Illuminate/Pipeline/Pipeline.php(209): Illuminate\\Http\\Middleware\\ValidatePostSize->handle(Object(Illuminate\\Http\\Request), Object(Closure))
#36 /Users/lkmdigital/monbeaupays.com/backend/vendor/laravel/framework/src/Illuminate/Foundation/Http/Middleware/PreventRequestsDuringMaintenance.php(110): Illuminate\\Pipeline\\Pipeline->{closure:{closure:Illuminate\\Pipeline\\Pipeline::carry():184}:185}(Object(Illuminate\\Http\\Request))
#37 /Users/lkmdigital/monbeaupays.com/backend/vendor/laravel/framework/src/Illuminate/Pipeline/Pipeline.php(209): Illuminate\\Foundation\\Http\\Middleware\\PreventRequestsDuringMaintenance->handle(Object(Illuminate\\Http\\Request), Object(Closure))
#38 /Users/lkmdigital/monbeaupays.com/backend/vendor/laravel/framework/src/Illuminate/Http/Middleware/HandleCors.php(62): Illuminate\\Pipeline\\Pipeline->{closure:{closure:Illuminate\\Pipeline\\Pipeline::carry():184}:185}(Object(Illuminate\\Http\\Request))
#39 /Users/lkmdigital/monbeaupays.com/backend/vendor/laravel/framework/src/Illuminate/Pipeline/Pipeline.php(209): Illuminate\\Http\\Middleware\\HandleCors->handle(Object(Illuminate\\Http\\Request), Object(Closure))
#40 /Users/lkmdigital/monbeaupays.com/backend/vendor/laravel/framework/src/Illuminate/Http/Middleware/TrustProxies.php(58): Illuminate\\Pipeline\\Pipeline->{closure:{closure:Illuminate\\Pipeline\\Pipeline::carry():184}:185}(Object(Illuminate\\Http\\Request))
#41 /Users/lkmdigital/monbeaupays.com/backend/vendor/laravel/framework/src/Illuminate/Pipeline/Pipeline.php(209): Illuminate\\Http\\Middleware\\TrustProxies->handle(Object(Illuminate\\Http\\Request), Object(Closure))
#42 /Users/lkmdigital/monbeaupays.com/backend/vendor/laravel/framework/src/Illuminate/Foundation/Http/Middleware/InvokeDeferredCallbacks.php(22): Illuminate\\Pipeline\\Pipeline->{closure:{closure:Illuminate\\Pipeline\\Pipeline::carry():184}:185}(Object(Illuminate\\Http\\Request))
#43 /Users/lkmdigital/monbeaupays.com/backend/vendor/laravel/framework/src/Illuminate/Pipeline/Pipeline.php(209): Illuminate\\Foundation\\Http\\Middleware\\InvokeDeferredCallbacks->handle(Object(Illuminate\\Http\\Request), Object(Closure))
#44 /Users/lkmdigital/monbeaupays.com/backend/vendor/laravel/framework/src/Illuminate/Pipeline/Pipeline.php(127): Illuminate\\Pipeline\\Pipeline->{closure:{closure:Illuminate\\Pipeline\\Pipeline::carry():184}:185}(Object(Illuminate\\Http\\Request))
#45 /Users/lkmdigital/monbeaupays.com/backend/vendor/laravel/framework/src/Illuminate/Foundation/Http/Kernel.php(176): Illuminate\\Pipeline\\Pipeline->then(Object(Closure))
#46 /Users/lkmdigital/monbeaupays.com/backend/vendor/laravel/framework/src/Illuminate/Foundation/Http/Kernel.php(145): Illuminate\\Foundation\\Http\\Kernel->sendRequestThroughRouter(Object(Illuminate\\Http\\Request))
#47 /Users/lkmdigital/monbeaupays.com/backend/public/index.php(17): Illuminate\\Foundation\\Http\\Kernel->handle(Object(Illuminate\\Http\\Request))
#48 /Users/lkmdigital/monbeaupays.com/backend/vendor/laravel/framework/src/Illuminate/Foundation/resources/server.php(23): require_once('/Users/lkmdigit...')
#49 {main}

[previous exception] [object] (PDOException(code: 42S02): SQLSTATE[42S02]: Base table or view not found: 1146 Table 'monbeaupays.host_validation_histories' doesn't exist at /Users/lkmdigital/monbeaupays.com/backend/vendor/laravel/framework/src/Illuminate/Database/Connection.php:407)
[stacktrace]
#0 /Users/lkmdigital/monbeaupays.com/backend/vendor/laravel/framework/src/Illuminate/Database/Connection.php(407): PDO->prepare('select count(*)...')
#1 /Users/lkmdigital/monbeaupays.com/backend/vendor/laravel/framework/src/Illuminate/Database/Connection.php(812): Illuminate\\Database\\Connection->{closure:Illuminate\\Database\\Connection::select():398}('select count(*)...', Array)
#2 /Users/lkmdigital/monbeaupays.com/backend/vendor/laravel/framework/src/Illuminate/Database/Connection.php(779): Illuminate\\Database\\Connection->runQueryCallback('select count(*)...', Array, Object(Closure))
#3 /Users/lkmdigital/monbeaupays.com/backend/vendor/laravel/framework/src/Illuminate/Database/Connection.php(398): Illuminate\\Database\\Connection->run('select count(*)...', Array, Object(Closure))
#4 /Users/lkmdigital/monbeaupays.com/backend/vendor/laravel/framework/src/Illuminate/Database/Query/Builder.php(3106): Illuminate\\Database\\Connection->select('select count(*)...', Array, true)
#5 /Users/lkmdigital/monbeaupays.com/backend/vendor/laravel/framework/src/Illuminate/Database/Query/Builder.php(3091): Illuminate\\Database\\Query\\Builder->runSelect()
#6 /Users/lkmdigital/monbeaupays.com/backend/vendor/laravel/framework/src/Illuminate/Database/Query/Builder.php(3676): Illuminate\\Database\\Query\\Builder->{closure:Illuminate\\Database\\Query\\Builder::get():3090}()
#7 /Users/lkmdigital/monbeaupays.com/backend/vendor/laravel/framework/src/Illuminate/Database/Query/Builder.php(3090): Illuminate\\Database\\Query\\Builder->onceWithColumns(Array, Object(Closure))
#8 /Users/lkmdigital/monbeaupays.com/backend/vendor/laravel/framework/src/Illuminate/Database/Query/Builder.php(3603): Illuminate\\Database\\Query\\Builder->get(Array)
#9 /Users/lkmdigital/monbeaupays.com/backend/vendor/laravel/framework/src/Illuminate/Database/Query/Builder.php(3531): Illuminate\\Database\\Query\\Builder->aggregate('count', Array)
#10 /Users/lkmdigital/monbeaupays.com/backend/vendor/laravel/framework/src/Illuminate/Database/Eloquent/Builder.php(2120): Illuminate\\Database\\Query\\Builder->count()
#11 /Users/lkmdigital/monbeaupays.com/backend/app/Http/Controllers/Admin/AdminDashboardController.php(43): Illuminate\\Database\\Eloquent\\Builder->__call('count', Array)
#12 /Users/lkmdigital/monbeaupays.com/backend/vendor/laravel/framework/src/Illuminate/Routing/ControllerDispatcher.php(47): App\\Http\\Controllers\\Admin\\AdminDashboardController->stats(Object(Illuminate\\Http\\Request))
#13 /Users/lkmdigital/monbeaupays.com/backend/vendor/laravel/framework/src/Illuminate/Routing/Route.php(266): Illuminate\\Routing\\ControllerDispatcher->dispatch(Object(Illuminate\\Routing\\Route), Object(App\\Http\\Controllers\\Admin\\AdminDashboardController), 'stats')
#14 /Users/lkmdigital/monbeaupays.com/backend/vendor/laravel/framework/src/Illuminate/Routing/Route.php(212): Illuminate\\Routing\\Route->runController()
#15 /Users/lkmdigital/monbeaupays.com/backend/vendor/laravel/framework/src/Illuminate/Routing/Router.php(808): Illuminate\\Routing\\Route->run()
#16 /Users/lkmdigital/monbeaupays.com/backend/vendor/laravel/framework/src/Illuminate/Pipeline/Pipeline.php(170): Illuminate\\Routing\\Router->{closure:Illuminate\\Routing\\Router::runRouteWithinStack():807}(Object(Illuminate\\Http\\Request))
#17 /Users/lkmdigital/monbeaupays.com/backend/app/Http/Middleware/CheckPermission.php(34): Illuminate\\Pipeline\\Pipeline->{closure:Illuminate\\Pipeline\\Pipeline::prepareDestination():168}(Object(Illuminate\\Http\\Request))
#18 /Users/lkmdigital/monbeaupays.com/backend/vendor/laravel/framework/src/Illuminate/Pipeline/Pipeline.php(209): App\\Http\\Middleware\\CheckPermission->handle(Object(Illuminate\\Http\\Request), Object(Closure), 'admin.dashboard...')
#19 /Users/lkmdigital/monbeaupays.com/backend/vendor/laravel/framework/src/Illuminate/Routing/Middleware/SubstituteBindings.php(51): Illuminate\\Pipeline\\Pipeline->{closure:{closure:Illuminate\\Pipeline\\Pipeline::carry():184}:185}(Object(Illuminate\\Http\\Request))
#20 /Users/lkmdigital/monbeaupays.com/backend/vendor/laravel/framework/src/Illuminate/Pipeline/Pipeline.php(209): Illuminate\\Routing\\Middleware\\SubstituteBindings->handle(Object(Illuminate\\Http\\Request), Object(Closure))
#21 /Users/lkmdigital/monbeaupays.com/backend/vendor/laravel/framework/src/Illuminate/Auth/Middleware/Authenticate.php(64): Illuminate\\Pipeline\\Pipeline->{closure:{closure:Illuminate\\Pipeline\\Pipeline::carry():184}:185}(Object(Illuminate\\Http\\Request))
#22 /Users/lkmdigital/monbeaupays.com/backend/vendor/laravel/framework/src/Illuminate/Pipeline/Pipeline.php(209): Illuminate\\Auth\\Middleware\\Authenticate->handle(Object(Illuminate\\Http\\Request), Object(Closure), 'sanctum')
#23 /Users/lkmdigital/monbeaupays.com/backend/vendor/laravel/framework/src/Illuminate/Pipeline/Pipeline.php(127): Illuminate\\Pipeline\\Pipeline->{closure:{closure:Illuminate\\Pipeline\\Pipeline::carry():184}:185}(Object(Illuminate\\Http\\Request))
#24 /Users/lkmdigital/monbeaupays.com/backend/vendor/laravel/framework/src/Illuminate/Routing/Router.php(807): Illuminate\\Pipeline\\Pipeline->then(Object(Closure))
#25 /Users/lkmdigital/monbeaupays.com/backend/vendor/laravel/framework/src/Illuminate/Routing/Router.php(786): Illuminate\\Routing\\Router->runRouteWithinStack(Object(Illuminate\\Routing\\Route), Object(Illuminate\\Http\\Request))
#26 /Users/lkmdigital/monbeaupays.com/backend/vendor/laravel/framework/src/Illuminate/Routing/Router.php(750): Illuminate\\Routing\\Router->runRoute(Object(Illuminate\\Http\\Request), Object(Illuminate\\Routing\\Route))
#27 /Users/lkmdigital/monbeaupays.com/backend/vendor/laravel/framework/src/Illuminate/Routing/Router.php(739): Illuminate\\Routing\\Router->dispatchToRoute(Object(Illuminate\\Http\\Request))
#28 /Users/lkmdigital/monbeaupays.com/backend/vendor/laravel/framework/src/Illuminate/Foundation/Http/Kernel.php(201): Illuminate\\Routing\\Router->dispatch(Object(Illuminate\\Http\\Request))
#29 /Users/lkmdigital/monbeaupays.com/backend/vendor/laravel/framework/src/Illuminate/Pipeline/Pipeline.php(170): Illuminate\\Foundation\\Http\\Kernel->{closure:Illuminate\\Foundation\\Http\\Kernel::dispatchToRouter():198}(Object(Illuminate\\Http\\Request))
#30 /Users/lkmdigital/monbeaupays.com/backend/vendor/laravel/framework/src/Illuminate/Foundation/Http/Middleware/TransformsRequest.php(21): Illuminate\\Pipeline\\Pipeline->{closure:Illuminate\\Pipeline\\Pipeline::prepareDestination():168}(Object(Illuminate\\Http\\Request))
#31 /Users/lkmdigital/monbeaupays.com/backend/vendor/laravel/framework/src/Illuminate/Foundation/Http/Middleware/ConvertEmptyStringsToNull.php(31): Illuminate\\Foundation\\Http\\Middleware\\TransformsRequest->handle(Object(Illuminate\\Http\\Request), Object(Closure))
#32 /Users/lkmdigital/monbeaupays.com/backend/vendor/laravel/framework/src/Illuminate/Pipeline/Pipeline.php(209): Illuminate\\Foundation\\Http\\Middleware\\ConvertEmptyStringsToNull->handle(Object(Illuminate\\Http\\Request), Object(Closure))
#33 /Users/lkmdigital/monbeaupays.com/backend/vendor/laravel/framework/src/Illuminate/Foundation/Http/Middleware/TransformsRequest.php(21): Illuminate\\Pipeline\\Pipeline->{closure:{closure:Illuminate\\Pipeline\\Pipeline::carry():184}:185}(Object(Illuminate\\Http\\Request))
#34 /Users/lkmdigital/monbeaupays.com/backend/vendor/laravel/framework/src/Illuminate/Foundation/Http/Middleware/TrimStrings.php(51): Illuminate\\Foundation\\Http\\Middleware\\TransformsRequest->handle(Object(Illuminate\\Http\\Request), Object(Closure))
#35 /Users/lkmdigital/monbeaupays.com/backend/vendor/laravel/framework/src/Illuminate/Pipeline/Pipeline.php(209): Illuminate\\Foundation\\Http\\Middleware\\TrimStrings->handle(Object(Illuminate\\Http\\Request), Object(Closure))
#36 /Users/lkmdigital/monbeaupays.com/backend/vendor/laravel/framework/src/Illuminate/Http/Middleware/ValidatePostSize.php(27): Illuminate\\Pipeline\\Pipeline->{closure:{closure:Illuminate\\Pipeline\\Pipeline::carry():184}:185}(Object(Illuminate\\Http\\Request))
#37 /Users/lkmdigital/monbeaupays.com/backend/vendor/laravel/framework/src/Illuminate/Pipeline/Pipeline.php(209): Illuminate\\Http\\Middleware\\ValidatePostSize->handle(Object(Illuminate\\Http\\Request), Object(Closure))
#38 /Users/lkmdigital/monbeaupays.com/backend/vendor/laravel/framework/src/Illuminate/Foundation/Http/Middleware/PreventRequestsDuringMaintenance.php(110): Illuminate\\Pipeline\\Pipeline->{closure:{closure:Illuminate\\Pipeline\\Pipeline::carry():184}:185}(Object(Illuminate\\Http\\Request))
#39 /Users/lkmdigital/monbeaupays.com/backend/vendor/laravel/framework/src/Illuminate/Pipeline/Pipeline.php(209): Illuminate\\Foundation\\Http\\Middleware\\PreventRequestsDuringMaintenance->handle(Object(Illuminate\\Http\\Request), Object(Closure))
#40 /Users/lkmdigital/monbeaupays.com/backend/vendor/laravel/framework/src/Illuminate/Http/Middleware/HandleCors.php(62): Illuminate\\Pipeline\\Pipeline->{closure:{closure:Illuminate\\Pipeline\\Pipeline::carry():184}:185}(Object(Illuminate\\Http\\Request))
#41 /Users/lkmdigital/monbeaupays.com/backend/vendor/laravel/framework/src/Illuminate/Pipeline/Pipeline.php(209): Illuminate\\Http\\Middleware\\HandleCors->handle(Object(Illuminate\\Http\\Request), Object(Closure))
#42 /Users/lkmdigital/monbeaupays.com/backend/vendor/laravel/framework/src/Illuminate/Http/Middleware/TrustProxies.php(58): Illuminate\\Pipeline\\Pipeline->{closure:{closure:Illuminate\\Pipeline\\Pipeline::carry():184}:185}(Object(Illuminate\\Http\\Request))
#43 /Users/lkmdigital/monbeaupays.com/backend/vendor/laravel/framework/src/Illuminate/Pipeline/Pipeline.php(209): Illuminate\\Http\\Middleware\\TrustProxies->handle(Object(Illuminate\\Http\\Request), Object(Closure))
#44 /Users/lkmdigital/monbeaupays.com/backend/vendor/laravel/framework/src/Illuminate/Foundation/Http/Middleware/InvokeDeferredCallbacks.php(22): Illuminate\\Pipeline\\Pipeline->{closure:{closure:Illuminate\\Pipeline\\Pipeline::carry():184}:185}(Object(Illuminate\\Http\\Request))
#45 /Users/lkmdigital/monbeaupays.com/backend/vendor/laravel/framework/src/Illuminate/Pipeline/Pipeline.php(209): Illuminate\\Foundation\\Http\\Middleware\\InvokeDeferredCallbacks->handle(Object(Illuminate\\Http\\Request), Object(Closure))
#46 /Users/lkmdigital/monbeaupays.com/backend/vendor/laravel/framework/src/Illuminate/Pipeline/Pipeline.php(127): Illuminate\\Pipeline\\Pipeline->{closure:{closure:Illuminate\\Pipeline\\Pipeline::carry():184}:185}(Object(Illuminate\\Http\\Request))
#47 /Users/lkmdigital/monbeaupays.com/backend/vendor/laravel/framework/src/Illuminate/Foundation/Http/Kernel.php(176): Illuminate\\Pipeline\\Pipeline->then(Object(Closure))
#48 /Users/lkmdigital/monbeaupays.com/backend/vendor/laravel/framework/src/Illuminate/Foundation/Http/Kernel.php(145): Illuminate\\Foundation\\Http\\Kernel->sendRequestThroughRouter(Object(Illuminate\\Http\\Request))
#49 /Users/lkmdigital/monbeaupays.com/backend/public/index.php(17): Illuminate\\Foundation\\Http\\Kernel->handle(Object(Illuminate\\Http\\Request))
#50 /Users/lkmdigital/monbeaupays.com/backend/vendor/laravel/framework/src/Illuminate/Foundation/resources/server.php(23): require_once('/Users/lkmdigit...')
#51 {main}
"} 
[2025-11-19 14:35:40] local.ERROR: SQLSTATE[42S02]: Base table or view not found: 1146 Table 'monbeaupays.cache' doesn't exist (Connection: mysql, SQL: delete from `cache`) {"exception":"[object] (Illuminate\\Database\\QueryException(code: 42S02): SQLSTATE[42S02]: Base table or view not found: 1146 Table 'monbeaupays.cache' doesn't exist (Connection: mysql, SQL: delete from `cache`) at /Users/lkmdigital/monbeaupays.com/backend/vendor/laravel/framework/src/Illuminate/Database/Connection.php:825)
[stacktrace]
#0 /Users/lkmdigital/monbeaupays.com/backend/vendor/laravel/framework/src/Illuminate/Database/Connection.php(779): Illuminate\\Database\\Connection->runQueryCallback('delete from `ca...', Array, Object(Closure))
#1 /Users/lkmdigital/monbeaupays.com/backend/vendor/laravel/framework/src/Illuminate/Database/Connection.php(584): Illuminate\\Database\\Connection->run('delete from `ca...', Array, Object(Closure))
#2 /Users/lkmdigital/monbeaupays.com/backend/vendor/laravel/framework/src/Illuminate/Database/Connection.php(548): Illuminate\\Database\\Connection->affectingStatement('delete from `ca...', Array)
#3 /Users/lkmdigital/monbeaupays.com/backend/vendor/laravel/framework/src/Illuminate/Database/Query/Builder.php(4024): Illuminate\\Database\\Connection->delete('delete from `ca...', Array)
#4 /Users/lkmdigital/monbeaupays.com/backend/vendor/laravel/framework/src/Illuminate/Cache/DatabaseStore.php(422): Illuminate\\Database\\Query\\Builder->delete()
#5 /Users/lkmdigital/monbeaupays.com/backend/vendor/laravel/framework/src/Illuminate/Cache/Repository.php(792): Illuminate\\Cache\\DatabaseStore->flush()
#6 /Users/lkmdigital/monbeaupays.com/backend/vendor/laravel/framework/src/Illuminate/Cache/Console/ClearCommand.php(69): Illuminate\\Cache\\Repository->__call('flush', Array)
#7 /Users/lkmdigital/monbeaupays.com/backend/vendor/laravel/framework/src/Illuminate/Container/BoundMethod.php(36): Illuminate\\Cache\\Console\\ClearCommand->handle()
#8 /Users/lkmdigital/monbeaupays.com/backend/vendor/laravel/framework/src/Illuminate/Container/Util.php(43): Illuminate\\Container\\BoundMethod::{closure:Illuminate\\Container\\BoundMethod::call():35}()
#9 /Users/lkmdigital/monbeaupays.com/backend/vendor/laravel/framework/src/Illuminate/Container/BoundMethod.php(95): Illuminate\\Container\\Util::unwrapIfClosure(Object(Closure))
#10 /Users/lkmdigital/monbeaupays.com/backend/vendor/laravel/framework/src/Illuminate/Container/BoundMethod.php(35): Illuminate\\Container\\BoundMethod::callBoundMethod(Object(Illuminate\\Foundation\\Application), Array, Object(Closure))
#11 /Users/lkmdigital/monbeaupays.com/backend/vendor/laravel/framework/src/Illuminate/Container/Container.php(696): Illuminate\\Container\\BoundMethod::call(Object(Illuminate\\Foundation\\Application), Array, Array, NULL)
#12 /Users/lkmdigital/monbeaupays.com/backend/vendor/laravel/framework/src/Illuminate/Console/Command.php(213): Illuminate\\Container\\Container->call(Array)
#13 /Users/lkmdigital/monbeaupays.com/backend/vendor/symfony/console/Command/Command.php(318): Illuminate\\Console\\Command->execute(Object(Symfony\\Component\\Console\\Input\\ArgvInput), Object(Illuminate\\Console\\OutputStyle))
#14 /Users/lkmdigital/monbeaupays.com/backend/vendor/laravel/framework/src/Illuminate/Console/Command.php(182): Symfony\\Component\\Console\\Command\\Command->run(Object(Symfony\\Component\\Console\\Input\\ArgvInput), Object(Illuminate\\Console\\OutputStyle))
#15 /Users/lkmdigital/monbeaupays.com/backend/vendor/symfony/console/Application.php(1073): Illuminate\\Console\\Command->run(Object(Symfony\\Component\\Console\\Input\\ArgvInput), Object(Symfony\\Component\\Console\\Output\\ConsoleOutput))
#16 /Users/lkmdigital/monbeaupays.com/backend/vendor/symfony/console/Application.php(356): Symfony\\Component\\Console\\Application->doRunCommand(Object(Illuminate\\Cache\\Console\\ClearCommand), Object(Symfony\\Component\\Console\\Input\\ArgvInput), Object(Symfony\\Component\\Console\\Output\\ConsoleOutput))
#17 /Users/lkmdigital/monbeaupays.com/backend/vendor/symfony/console/Application.php(195): Symfony\\Component\\Console\\Application->doRun(Object(Symfony\\Component\\Console\\Input\\ArgvInput), Object(Symfony\\Component\\Console\\Output\\ConsoleOutput))
#18 /Users/lkmdigital/monbeaupays.com/backend/vendor/laravel/framework/src/Illuminate/Foundation/Console/Kernel.php(198): Symfony\\Component\\Console\\Application->run(Object(Symfony\\Component\\Console\\Input\\ArgvInput), Object(Symfony\\Component\\Console\\Output\\ConsoleOutput))
#19 /Users/lkmdigital/monbeaupays.com/backend/artisan(12): Illuminate\\Foundation\\Console\\Kernel->handle(Object(Symfony\\Component\\Console\\Input\\ArgvInput), Object(Symfony\\Component\\Console\\Output\\ConsoleOutput))
#20 {main}

[previous exception] [object] (PDOException(code: 42S02): SQLSTATE[42S02]: Base table or view not found: 1146 Table 'monbeaupays.cache' doesn't exist at /Users/lkmdigital/monbeaupays.com/backend/vendor/laravel/framework/src/Illuminate/Database/Connection.php:592)
[stacktrace]
#0 /Users/lkmdigital/monbeaupays.com/backend/vendor/laravel/framework/src/Illuminate/Database/Connection.php(592): PDO->prepare('delete from `ca...')
#1 /Users/lkmdigital/monbeaupays.com/backend/vendor/laravel/framework/src/Illuminate/Database/Connection.php(812): Illuminate\\Database\\Connection->{closure:Illuminate\\Database\\Connection::affectingStatement():584}('delete from `ca...', Array)
#2 /Users/lkmdigital/monbeaupays.com/backend/vendor/laravel/framework/src/Illuminate/Database/Connection.php(779): Illuminate\\Database\\Connection->runQueryCallback('delete from `ca...', Array, Object(Closure))
#3 /Users/lkmdigital/monbeaupays.com/backend/vendor/laravel/framework/src/Illuminate/Database/Connection.php(584): Illuminate\\Database\\Connection->run('delete from `ca...', Array, Object(Closure))
#4 /Users/lkmdigital/monbeaupays.com/backend/vendor/laravel/framework/src/Illuminate/Database/Connection.php(548): Illuminate\\Database\\Connection->affectingStatement('delete from `ca...', Array)
#5 /Users/lkmdigital/monbeaupays.com/backend/vendor/laravel/framework/src/Illuminate/Database/Query/Builder.php(4024): Illuminate\\Database\\Connection->delete('delete from `ca...', Array)
#6 /Users/lkmdigital/monbeaupays.com/backend/vendor/laravel/framework/src/Illuminate/Cache/DatabaseStore.php(422): Illuminate\\Database\\Query\\Builder->delete()
#7 /Users/lkmdigital/monbeaupays.com/backend/vendor/laravel/framework/src/Illuminate/Cache/Repository.php(792): Illuminate\\Cache\\DatabaseStore->flush()
#8 /Users/lkmdigital/monbeaupays.com/backend/vendor/laravel/framework/src/Illuminate/Cache/Console/ClearCommand.php(69): Illuminate\\Cache\\Repository->__call('flush', Array)
#9 /Users/lkmdigital/monbeaupays.com/backend/vendor/laravel/framework/src/Illuminate/Container/BoundMethod.php(36): Illuminate\\Cache\\Console\\ClearCommand->handle()
#10 /Users/lkmdigital/monbeaupays.com/backend/vendor/laravel/framework/src/Illuminate/Container/Util.php(43): Illuminate\\Container\\BoundMethod::{closure:Illuminate\\Container\\BoundMethod::call():35}()
#11 /Users/lkmdigital/monbeaupays.com/backend/vendor/laravel/framework/src/Illuminate/Container/BoundMethod.php(95): Illuminate\\Container\\Util::unwrapIfClosure(Object(Closure))
#12 /Users/lkmdigital/monbeaupays.com/backend/vendor/laravel/framework/src/Illuminate/Container/BoundMethod.php(35): Illuminate\\Container\\BoundMethod::callBoundMethod(Object(Illuminate\\Foundation\\Application), Array, Object(Closure))
#13 /Users/lkmdigital/monbeaupays.com/backend/vendor/laravel/framework/src/Illuminate/Container/Container.php(696): Illuminate\\Container\\BoundMethod::call(Object(Illuminate\\Foundation\\Application), Array, Array, NULL)
#14 /Users/lkmdigital/monbeaupays.com/backend/vendor/laravel/framework/src/Illuminate/Console/Command.php(213): Illuminate\\Container\\Container->call(Array)
#15 /Users/lkmdigital/monbeaupays.com/backend/vendor/symfony/console/Command/Command.php(318): Illuminate\\Console\\Command->execute(Object(Symfony\\Component\\Console\\Input\\ArgvInput), Object(Illuminate\\Console\\OutputStyle))
#16 /Users/lkmdigital/monbeaupays.com/backend/vendor/laravel/framework/src/Illuminate/Console/Command.php(182): Symfony\\Component\\Console\\Command\\Command->run(Object(Symfony\\Component\\Console\\Input\\ArgvInput), Object(Illuminate\\Console\\OutputStyle))
#17 /Users/lkmdigital/monbeaupays.com/backend/vendor/symfony/console/Application.php(1073): Illuminate\\Console\\Command->run(Object(Symfony\\Component\\Console\\Input\\ArgvInput), Object(Symfony\\Component\\Console\\Output\\ConsoleOutput))
#18 /Users/lkmdigital/monbeaupays.com/backend/vendor/symfony/console/Application.php(356): Symfony\\Component\\Console\\Application->doRunCommand(Object(Illuminate\\Cache\\Console\\ClearCommand), Object(Symfony\\Component\\Console\\Input\\ArgvInput), Object(Symfony\\Component\\Console\\Output\\ConsoleOutput))
#19 /Users/lkmdigital/monbeaupays.com/backend/vendor/symfony/console/Application.php(195): Symfony\\Component\\Console\\Application->doRun(Object(Symfony\\Component\\Console\\Input\\ArgvInput), Object(Symfony\\Component\\Console\\Output\\ConsoleOutput))
#20 /Users/lkmdigital/monbeaupays.com/backend/vendor/laravel/framework/src/Illuminate/Foundation/Console/Kernel.php(198): Symfony\\Component\\Console\\Application->run(Object(Symfony\\Component\\Console\\Input\\ArgvInput), Object(Symfony\\Component\\Console\\Output\\ConsoleOutput))
#21 /Users/lkmdigital/monbeaupays.com/backend/artisan(12): Illuminate\\Foundation\\Console\\Kernel->handle(Object(Symfony\\Component\\Console\\Input\\ArgvInput), Object(Symfony\\Component\\Console\\Output\\ConsoleOutput))
#22 {main}
"} 
[2025-11-19 14:36:33] local.ERROR: Call to undefined method App\Http\Controllers\Admin\AdminUserController::authorize() {"userId":8,"exception":"[object] (Error(code: 0): Call to undefined method App\\Http\\Controllers\\Admin\\AdminUserController::authorize() at /Users/lkmdigital/monbeaupays.com/backend/app/Http/Controllers/Admin/AdminUserController.php:24)
[stacktrace]
#0 /Users/lkmdigital/monbeaupays.com/backend/vendor/laravel/framework/src/Illuminate/Routing/ControllerDispatcher.php(47): App\\Http\\Controllers\\Admin\\AdminUserController->index(Object(Illuminate\\Http\\Request))
#1 /Users/lkmdigital/monbeaupays.com/backend/vendor/laravel/framework/src/Illuminate/Routing/Route.php(266): Illuminate\\Routing\\ControllerDispatcher->dispatch(Object(Illuminate\\Routing\\Route), Object(App\\Http\\Controllers\\Admin\\AdminUserController), 'index')
#2 /Users/lkmdigital/monbeaupays.com/backend/vendor/laravel/framework/src/Illuminate/Routing/Route.php(212): Illuminate\\Routing\\Route->runController()
#3 /Users/lkmdigital/monbeaupays.com/backend/vendor/laravel/framework/src/Illuminate/Routing/Router.php(808): Illuminate\\Routing\\Route->run()
#4 /Users/lkmdigital/monbeaupays.com/backend/vendor/laravel/framework/src/Illuminate/Pipeline/Pipeline.php(170): Illuminate\\Routing\\Router->{closure:Illuminate\\Routing\\Router::runRouteWithinStack():807}(Object(Illuminate\\Http\\Request))
#5 /Users/lkmdigital/monbeaupays.com/backend/app/Http/Middleware/CheckPermission.php(34): Illuminate\\Pipeline\\Pipeline->{closure:Illuminate\\Pipeline\\Pipeline::prepareDestination():168}(Object(Illuminate\\Http\\Request))
#6 /Users/lkmdigital/monbeaupays.com/backend/vendor/laravel/framework/src/Illuminate/Pipeline/Pipeline.php(209): App\\Http\\Middleware\\CheckPermission->handle(Object(Illuminate\\Http\\Request), Object(Closure), 'users.read')
#7 /Users/lkmdigital/monbeaupays.com/backend/vendor/laravel/framework/src/Illuminate/Routing/Middleware/SubstituteBindings.php(51): Illuminate\\Pipeline\\Pipeline->{closure:{closure:Illuminate\\Pipeline\\Pipeline::carry():184}:185}(Object(Illuminate\\Http\\Request))
#8 /Users/lkmdigital/monbeaupays.com/backend/vendor/laravel/framework/src/Illuminate/Pipeline/Pipeline.php(209): Illuminate\\Routing\\Middleware\\SubstituteBindings->handle(Object(Illuminate\\Http\\Request), Object(Closure))
#9 /Users/lkmdigital/monbeaupays.com/backend/vendor/laravel/framework/src/Illuminate/Auth/Middleware/Authenticate.php(64): Illuminate\\Pipeline\\Pipeline->{closure:{closure:Illuminate\\Pipeline\\Pipeline::carry():184}:185}(Object(Illuminate\\Http\\Request))
#10 /Users/lkmdigital/monbeaupays.com/backend/vendor/laravel/framework/src/Illuminate/Pipeline/Pipeline.php(209): Illuminate\\Auth\\Middleware\\Authenticate->handle(Object(Illuminate\\Http\\Request), Object(Closure), 'sanctum')
#11 /Users/lkmdigital/monbeaupays.com/backend/vendor/laravel/framework/src/Illuminate/Pipeline/Pipeline.php(127): Illuminate\\Pipeline\\Pipeline->{closure:{closure:Illuminate\\Pipeline\\Pipeline::carry():184}:185}(Object(Illuminate\\Http\\Request))
#12 /Users/lkmdigital/monbeaupays.com/backend/vendor/laravel/framework/src/Illuminate/Routing/Router.php(807): Illuminate\\Pipeline\\Pipeline->then(Object(Closure))
#13 /Users/lkmdigital/monbeaupays.com/backend/vendor/laravel/framework/src/Illuminate/Routing/Router.php(786): Illuminate\\Routing\\Router->runRouteWithinStack(Object(Illuminate\\Routing\\Route), Object(Illuminate\\Http\\Request))
#14 /Users/lkmdigital/monbeaupays.com/backend/vendor/laravel/framework/src/Illuminate/Routing/Router.php(750): Illuminate\\Routing\\Router->runRoute(Object(Illuminate\\Http\\Request), Object(Illuminate\\Routing\\Route))
#15 /Users/lkmdigital/monbeaupays.com/backend/vendor/laravel/framework/src/Illuminate/Routing/Router.php(739): Illuminate\\Routing\\Router->dispatchToRoute(Object(Illuminate\\Http\\Request))
#16 /Users/lkmdigital/monbeaupays.com/backend/vendor/laravel/framework/src/Illuminate/Foundation/Http/Kernel.php(201): Illuminate\\Routing\\Router->dispatch(Object(Illuminate\\Http\\Request))
#17 /Users/lkmdigital/monbeaupays.com/backend/vendor/laravel/framework/src/Illuminate/Pipeline/Pipeline.php(170): Illuminate\\Foundation\\Http\\Kernel->{closure:Illuminate\\Foundation\\Http\\Kernel::dispatchToRouter():198}(Object(Illuminate\\Http\\Request))
#18 /Users/lkmdigital/monbeaupays.com/backend/vendor/laravel/framework/src/Illuminate/Foundation/Http/Middleware/TransformsRequest.php(21): Illuminate\\Pipeline\\Pipeline->{closure:Illuminate\\Pipeline\\Pipeline::prepareDestination():168}(Object(Illuminate\\Http\\Request))
#19 /Users/lkmdigital/monbeaupays.com/backend/vendor/laravel/framework/src/Illuminate/Foundation/Http/Middleware/ConvertEmptyStringsToNull.php(31): Illuminate\\Foundation\\Http\\Middleware\\TransformsRequest->handle(Object(Illuminate\\Http\\Request), Object(Closure))
#20 /Users/lkmdigital/monbeaupays.com/backend/vendor/laravel/framework/src/Illuminate/Pipeline/Pipeline.php(209): Illuminate\\Foundation\\Http\\Middleware\\ConvertEmptyStringsToNull->handle(Object(Illuminate\\Http\\Request), Object(Closure))
#21 /Users/lkmdigital/monbeaupays.com/backend/vendor/laravel/framework/src/Illuminate/Foundation/Http/Middleware/TransformsRequest.php(21): Illuminate\\Pipeline\\Pipeline->{closure:{closure:Illuminate\\Pipeline\\Pipeline::carry():184}:185}(Object(Illuminate\\Http\\Request))
#22 /Users/lkmdigital/monbeaupays.com/backend/vendor/laravel/framework/src/Illuminate/Foundation/Http/Middleware/TrimStrings.php(51): Illuminate\\Foundation\\Http\\Middleware\\TransformsRequest->handle(Object(Illuminate\\Http\\Request), Object(Closure))
#23 /Users/lkmdigital/monbeaupays.com/backend/vendor/laravel/framework/src/Illuminate/Pipeline/Pipeline.php(209): Illuminate\\Foundation\\Http\\Middleware\\TrimStrings->handle(Object(Illuminate\\Http\\Request), Object(Closure))
#24 /Users/lkmdigital/monbeaupays.com/backend/vendor/laravel/framework/src/Illuminate/Http/Middleware/ValidatePostSize.php(27): Illuminate\\Pipeline\\Pipeline->{closure:{closure:Illuminate\\Pipeline\\Pipeline::carry():184}:185}(Object(Illuminate\\Http\\Request))
#25 /Users/lkmdigital/monbeaupays.com/backend/vendor/laravel/framework/src/Illuminate/Pipeline/Pipeline.php(209): Illuminate\\Http\\Middleware\\ValidatePostSize->handle(Object(Illuminate\\Http\\Request), Object(Closure))
#26 /Users/lkmdigital/monbeaupays.com/backend/vendor/laravel/framework/src/Illuminate/Foundation/Http/Middleware/PreventRequestsDuringMaintenance.php(110): Illuminate\\Pipeline\\Pipeline->{closure:{closure:Illuminate\\Pipeline\\Pipeline::carry():184}:185}(Object(Illuminate\\Http\\Request))
#27 /Users/lkmdigital/monbeaupays.com/backend/vendor/laravel/framework/src/Illuminate/Pipeline/Pipeline.php(209): Illuminate\\Foundation\\Http\\Middleware\\PreventRequestsDuringMaintenance->handle(Object(Illuminate\\Http\\Request), Object(Closure))
#28 /Users/lkmdigital/monbeaupays.com/backend/vendor/laravel/framework/src/Illuminate/Http/Middleware/HandleCors.php(62): Illuminate\\Pipeline\\Pipeline->{closure:{closure:Illuminate\\Pipeline\\Pipeline::carry():184}:185}(Object(Illuminate\\Http\\Request))
#29 /Users/lkmdigital/monbeaupays.com/backend/vendor/laravel/framework/src/Illuminate/Pipeline/Pipeline.php(209): Illuminate\\Http\\Middleware\\HandleCors->handle(Object(Illuminate\\Http\\Request), Object(Closure))
#30 /Users/lkmdigital/monbeaupays.com/backend/vendor/laravel/framework/src/Illuminate/Http/Middleware/TrustProxies.php(58): Illuminate\\Pipeline\\Pipeline->{closure:{closure:Illuminate\\Pipeline\\Pipeline::carry():184}:185}(Object(Illuminate\\Http\\Request))
#31 /Users/lkmdigital/monbeaupays.com/backend/vendor/laravel/framework/src/Illuminate/Pipeline/Pipeline.php(209): Illuminate\\Http\\Middleware\\TrustProxies->handle(Object(Illuminate\\Http\\Request), Object(Closure))
#32 /Users/lkmdigital/monbeaupays.com/backend/vendor/laravel/framework/src/Illuminate/Foundation/Http/Middleware/InvokeDeferredCallbacks.php(22): Illuminate\\Pipeline\\Pipeline->{closure:{closure:Illuminate\\Pipeline\\Pipeline::carry():184}:185}(Object(Illuminate\\Http\\Request))
#33 /Users/lkmdigital/monbeaupays.com/backend/vendor/laravel/framework/src/Illuminate/Pipeline/Pipeline.php(209): Illuminate\\Foundation\\Http\\Middleware\\InvokeDeferredCallbacks->handle(Object(Illuminate\\Http\\Request), Object(Closure))
#34 /Users/lkmdigital/monbeaupays.com/backend/vendor/laravel/framework/src/Illuminate/Pipeline/Pipeline.php(127): Illuminate\\Pipeline\\Pipeline->{closure:{closure:Illuminate\\Pipeline\\Pipeline::carry():184}:185}(Object(Illuminate\\Http\\Request))
#35 /Users/lkmdigital/monbeaupays.com/backend/vendor/laravel/framework/src/Illuminate/Foundation/Http/Kernel.php(176): Illuminate\\Pipeline\\Pipeline->then(Object(Closure))
#36 /Users/lkmdigital/monbeaupays.com/backend/vendor/laravel/framework/src/Illuminate/Foundation/Http/Kernel.php(145): Illuminate\\Foundation\\Http\\Kernel->sendRequestThroughRouter(Object(Illuminate\\Http\\Request))
#37 /Users/lkmdigital/monbeaupays.com/backend/public/index.php(17): Illuminate\\Foundation\\Http\\Kernel->handle(Object(Illuminate\\Http\\Request))
#38 /Users/lkmdigital/monbeaupays.com/backend/vendor/laravel/framework/src/Illuminate/Foundation/resources/server.php(23): require_once('/Users/lkmdigit...')
#39 {main}
"} 
[2025-11-19 14:36:33] local.ERROR: Call to undefined method App\Http\Controllers\Admin\AdminUserController::authorize() {"userId":8,"exception":"[object] (Error(code: 0): Call to undefined method App\\Http\\Controllers\\Admin\\AdminUserController::authorize() at /Users/lkmdigital/monbeaupays.com/backend/app/Http/Controllers/Admin/AdminUserController.php:24)
[stacktrace]
#0 /Users/lkmdigital/monbeaupays.com/backend/vendor/laravel/framework/src/Illuminate/Routing/ControllerDispatcher.php(47): App\\Http\\Controllers\\Admin\\AdminUserController->index(Object(Illuminate\\Http\\Request))
#1 /Users/lkmdigital/monbeaupays.com/backend/vendor/laravel/framework/src/Illuminate/Routing/Route.php(266): Illuminate\\Routing\\ControllerDispatcher->dispatch(Object(Illuminate\\Routing\\Route), Object(App\\Http\\Controllers\\Admin\\AdminUserController), 'index')
#2 /Users/lkmdigital/monbeaupays.com/backend/vendor/laravel/framework/src/Illuminate/Routing/Route.php(212): Illuminate\\Routing\\Route->runController()
#3 /Users/lkmdigital/monbeaupays.com/backend/vendor/laravel/framework/src/Illuminate/Routing/Router.php(808): Illuminate\\Routing\\Route->run()
#4 /Users/lkmdigital/monbeaupays.com/backend/vendor/laravel/framework/src/Illuminate/Pipeline/Pipeline.php(170): Illuminate\\Routing\\Router->{closure:Illuminate\\Routing\\Router::runRouteWithinStack():807}(Object(Illuminate\\Http\\Request))
#5 /Users/lkmdigital/monbeaupays.com/backend/app/Http/Middleware/CheckPermission.php(34): Illuminate\\Pipeline\\Pipeline->{closure:Illuminate\\Pipeline\\Pipeline::prepareDestination():168}(Object(Illuminate\\Http\\Request))
#6 /Users/lkmdigital/monbeaupays.com/backend/vendor/laravel/framework/src/Illuminate/Pipeline/Pipeline.php(209): App\\Http\\Middleware\\CheckPermission->handle(Object(Illuminate\\Http\\Request), Object(Closure), 'users.read')
#7 /Users/lkmdigital/monbeaupays.com/backend/vendor/laravel/framework/src/Illuminate/Routing/Middleware/SubstituteBindings.php(51): Illuminate\\Pipeline\\Pipeline->{closure:{closure:Illuminate\\Pipeline\\Pipeline::carry():184}:185}(Object(Illuminate\\Http\\Request))
#8 /Users/lkmdigital/monbeaupays.com/backend/vendor/laravel/framework/src/Illuminate/Pipeline/Pipeline.php(209): Illuminate\\Routing\\Middleware\\SubstituteBindings->handle(Object(Illuminate\\Http\\Request), Object(Closure))
#9 /Users/lkmdigital/monbeaupays.com/backend/vendor/laravel/framework/src/Illuminate/Auth/Middleware/Authenticate.php(64): Illuminate\\Pipeline\\Pipeline->{closure:{closure:Illuminate\\Pipeline\\Pipeline::carry():184}:185}(Object(Illuminate\\Http\\Request))
#10 /Users/lkmdigital/monbeaupays.com/backend/vendor/laravel/framework/src/Illuminate/Pipeline/Pipeline.php(209): Illuminate\\Auth\\Middleware\\Authenticate->handle(Object(Illuminate\\Http\\Request), Object(Closure), 'sanctum')
#11 /Users/lkmdigital/monbeaupays.com/backend/vendor/laravel/framework/src/Illuminate/Pipeline/Pipeline.php(127): Illuminate\\Pipeline\\Pipeline->{closure:{closure:Illuminate\\Pipeline\\Pipeline::carry():184}:185}(Object(Illuminate\\Http\\Request))
#12 /Users/lkmdigital/monbeaupays.com/backend/vendor/laravel/framework/src/Illuminate/Routing/Router.php(807): Illuminate\\Pipeline\\Pipeline->then(Object(Closure))
#13 /Users/lkmdigital/monbeaupays.com/backend/vendor/laravel/framework/src/Illuminate/Routing/Router.php(786): Illuminate\\Routing\\Router->runRouteWithinStack(Object(Illuminate\\Routing\\Route), Object(Illuminate\\Http\\Request))
#14 /Users/lkmdigital/monbeaupays.com/backend/vendor/laravel/framework/src/Illuminate/Routing/Router.php(750): Illuminate\\Routing\\Router->runRoute(Object(Illuminate\\Http\\Request), Object(Illuminate\\Routing\\Route))
#15 /Users/lkmdigital/monbeaupays.com/backend/vendor/laravel/framework/src/Illuminate/Routing/Router.php(739): Illuminate\\Routing\\Router->dispatchToRoute(Object(Illuminate\\Http\\Request))
#16 /Users/lkmdigital/monbeaupays.com/backend/vendor/laravel/framework/src/Illuminate/Foundation/Http/Kernel.php(201): Illuminate\\Routing\\Router->dispatch(Object(Illuminate\\Http\\Request))
#17 /Users/lkmdigital/monbeaupays.com/backend/vendor/laravel/framework/src/Illuminate/Pipeline/Pipeline.php(170): Illuminate\\Foundation\\Http\\Kernel->{closure:Illuminate\\Foundation\\Http\\Kernel::dispatchToRouter():198}(Object(Illuminate\\Http\\Request))
#18 /Users/lkmdigital/monbeaupays.com/backend/vendor/laravel/framework/src/Illuminate/Foundation/Http/Middleware/TransformsRequest.php(21): Illuminate\\Pipeline\\Pipeline->{closure:Illuminate\\Pipeline\\Pipeline::prepareDestination():168}(Object(Illuminate\\Http\\Request))
#19 /Users/lkmdigital/monbeaupays.com/backend/vendor/laravel/framework/src/Illuminate/Foundation/Http/Middleware/ConvertEmptyStringsToNull.php(31): Illuminate\\Foundation\\Http\\Middleware\\TransformsRequest->handle(Object(Illuminate\\Http\\Request), Object(Closure))
#20 /Users/lkmdigital/monbeaupays.com/backend/vendor/laravel/framework/src/Illuminate/Pipeline/Pipeline.php(209): Illuminate\\Foundation\\Http\\Middleware\\ConvertEmptyStringsToNull->handle(Object(Illuminate\\Http\\Request), Object(Closure))
#21 /Users/lkmdigital/monbeaupays.com/backend/vendor/laravel/framework/src/Illuminate/Foundation/Http/Middleware/TransformsRequest.php(21): Illuminate\\Pipeline\\Pipeline->{closure:{closure:Illuminate\\Pipeline\\Pipeline::carry():184}:185}(Object(Illuminate\\Http\\Request))
#22 /Users/lkmdigital/monbeaupays.com/backend/vendor/laravel/framework/src/Illuminate/Foundation/Http/Middleware/TrimStrings.php(51): Illuminate\\Foundation\\Http\\Middleware\\TransformsRequest->handle(Object(Illuminate\\Http\\Request), Object(Closure))
#23 /Users/lkmdigital/monbeaupays.com/backend/vendor/laravel/framework/src/Illuminate/Pipeline/Pipeline.php(209): Illuminate\\Foundation\\Http\\Middleware\\TrimStrings->handle(Object(Illuminate\\Http\\Request), Object(Closure))
#24 /Users/lkmdigital/monbeaupays.com/backend/vendor/laravel/framework/src/Illuminate/Http/Middleware/ValidatePostSize.php(27): Illuminate\\Pipeline\\Pipeline->{closure:{closure:Illuminate\\Pipeline\\Pipeline::carry():184}:185}(Object(Illuminate\\Http\\Request))
#25 /Users/lkmdigital/monbeaupays.com/backend/vendor/laravel/framework/src/Illuminate/Pipeline/Pipeline.php(209): Illuminate\\Http\\Middleware\\ValidatePostSize->handle(Object(Illuminate\\Http\\Request), Object(Closure))
#26 /Users/lkmdigital/monbeaupays.com/backend/vendor/laravel/framework/src/Illuminate/Foundation/Http/Middleware/PreventRequestsDuringMaintenance.php(110): Illuminate\\Pipeline\\Pipeline->{closure:{closure:Illuminate\\Pipeline\\Pipeline::carry():184}:185}(Object(Illuminate\\Http\\Request))
#27 /Users/lkmdigital/monbeaupays.com/backend/vendor/laravel/framework/src/Illuminate/Pipeline/Pipeline.php(209): Illuminate\\Foundation\\Http\\Middleware\\PreventRequestsDuringMaintenance->handle(Object(Illuminate\\Http\\Request), Object(Closure))
#28 /Users/lkmdigital/monbeaupays.com/backend/vendor/laravel/framework/src/Illuminate/Http/Middleware/HandleCors.php(62): Illuminate\\Pipeline\\Pipeline->{closure:{closure:Illuminate\\Pipeline\\Pipeline::carry():184}:185}(Object(Illuminate\\Http\\Request))
#29 /Users/lkmdigital/monbeaupays.com/backend/vendor/laravel/framework/src/Illuminate/Pipeline/Pipeline.php(209): Illuminate\\Http\\Middleware\\HandleCors->handle(Object(Illuminate\\Http\\Request), Object(Closure))
#30 /Users/lkmdigital/monbeaupays.com/backend/vendor/laravel/framework/src/Illuminate/Http/Middleware/TrustProxies.php(58): Illuminate\\Pipeline\\Pipeline->{closure:{closure:Illuminate\\Pipeline\\Pipeline::carry():184}:185}(Object(Illuminate\\Http\\Request))
#31 /Users/lkmdigital/monbeaupays.com/backend/vendor/laravel/framework/src/Illuminate/Pipeline/Pipeline.php(209): Illuminate\\Http\\Middleware\\TrustProxies->handle(Object(Illuminate\\Http\\Request), Object(Closure))
#32 /Users/lkmdigital/monbeaupays.com/backend/vendor/laravel/framework/src/Illuminate/Foundation/Http/Middleware/InvokeDeferredCallbacks.php(22): Illuminate\\Pipeline\\Pipeline->{closure:{closure:Illuminate\\Pipeline\\Pipeline::carry():184}:185}(Object(Illuminate\\Http\\Request))
#33 /Users/lkmdigital/monbeaupays.com/backend/vendor/laravel/framework/src/Illuminate/Pipeline/Pipeline.php(209): Illuminate\\Foundation\\Http\\Middleware\\InvokeDeferredCallbacks->handle(Object(Illuminate\\Http\\Request), Object(Closure))
#34 /Users/lkmdigital/monbeaupays.com/backend/vendor/laravel/framework/src/Illuminate/Pipeline/Pipeline.php(127): Illuminate\\Pipeline\\Pipeline->{closure:{closure:Illuminate\\Pipeline\\Pipeline::carry():184}:185}(Object(Illuminate\\Http\\Request))
#35 /Users/lkmdigital/monbeaupays.com/backend/vendor/laravel/framework/src/Illuminate/Foundation/Http/Kernel.php(176): Illuminate\\Pipeline\\Pipeline->then(Object(Closure))
#36 /Users/lkmdigital/monbeaupays.com/backend/vendor/laravel/framework/src/Illuminate/Foundation/Http/Kernel.php(145): Illuminate\\Foundation\\Http\\Kernel->sendRequestThroughRouter(Object(Illuminate\\Http\\Request))
#37 /Users/lkmdigital/monbeaupays.com/backend/public/index.php(17): Illuminate\\Foundation\\Http\\Kernel->handle(Object(Illuminate\\Http\\Request))
#38 /Users/lkmdigital/monbeaupays.com/backend/vendor/laravel/framework/src/Illuminate/Foundation/resources/server.php(23): require_once('/Users/lkmdigit...')
#39 {main}
"} 
[2025-11-19 14:36:59] local.ERROR: Call to undefined method App\Http\Controllers\Admin\AdminUserController::authorize() {"userId":8,"exception":"[object] (Error(code: 0): Call to undefined method App\\Http\\Controllers\\Admin\\AdminUserController::authorize() at /Users/lkmdigital/monbeaupays.com/backend/app/Http/Controllers/Admin/AdminUserController.php:24)
[stacktrace]
#0 /Users/lkmdigital/monbeaupays.com/backend/vendor/laravel/framework/src/Illuminate/Routing/ControllerDispatcher.php(47): App\\Http\\Controllers\\Admin\\AdminUserController->index(Object(Illuminate\\Http\\Request))
#1 /Users/lkmdigital/monbeaupays.com/backend/vendor/laravel/framework/src/Illuminate/Routing/Route.php(266): Illuminate\\Routing\\ControllerDispatcher->dispatch(Object(Illuminate\\Routing\\Route), Object(App\\Http\\Controllers\\Admin\\AdminUserController), 'index')
#2 /Users/lkmdigital/monbeaupays.com/backend/vendor/laravel/framework/src/Illuminate/Routing/Route.php(212): Illuminate\\Routing\\Route->runController()
#3 /Users/lkmdigital/monbeaupays.com/backend/vendor/laravel/framework/src/Illuminate/Routing/Router.php(808): Illuminate\\Routing\\Route->run()
#4 /Users/lkmdigital/monbeaupays.com/backend/vendor/laravel/framework/src/Illuminate/Pipeline/Pipeline.php(170): Illuminate\\Routing\\Router->{closure:Illuminate\\Routing\\Router::runRouteWithinStack():807}(Object(Illuminate\\Http\\Request))
#5 /Users/lkmdigital/monbeaupays.com/backend/app/Http/Middleware/CheckPermission.php(34): Illuminate\\Pipeline\\Pipeline->{closure:Illuminate\\Pipeline\\Pipeline::prepareDestination():168}(Object(Illuminate\\Http\\Request))
#6 /Users/lkmdigital/monbeaupays.com/backend/vendor/laravel/framework/src/Illuminate/Pipeline/Pipeline.php(209): App\\Http\\Middleware\\CheckPermission->handle(Object(Illuminate\\Http\\Request), Object(Closure), 'users.read')
#7 /Users/lkmdigital/monbeaupays.com/backend/vendor/laravel/framework/src/Illuminate/Routing/Middleware/SubstituteBindings.php(51): Illuminate\\Pipeline\\Pipeline->{closure:{closure:Illuminate\\Pipeline\\Pipeline::carry():184}:185}(Object(Illuminate\\Http\\Request))
#8 /Users/lkmdigital/monbeaupays.com/backend/vendor/laravel/framework/src/Illuminate/Pipeline/Pipeline.php(209): Illuminate\\Routing\\Middleware\\SubstituteBindings->handle(Object(Illuminate\\Http\\Request), Object(Closure))
#9 /Users/lkmdigital/monbeaupays.com/backend/vendor/laravel/framework/src/Illuminate/Auth/Middleware/Authenticate.php(64): Illuminate\\Pipeline\\Pipeline->{closure:{closure:Illuminate\\Pipeline\\Pipeline::carry():184}:185}(Object(Illuminate\\Http\\Request))
#10 /Users/lkmdigital/monbeaupays.com/backend/vendor/laravel/framework/src/Illuminate/Pipeline/Pipeline.php(209): Illuminate\\Auth\\Middleware\\Authenticate->handle(Object(Illuminate\\Http\\Request), Object(Closure), 'sanctum')
#11 /Users/lkmdigital/monbeaupays.com/backend/vendor/laravel/framework/src/Illuminate/Pipeline/Pipeline.php(127): Illuminate\\Pipeline\\Pipeline->{closure:{closure:Illuminate\\Pipeline\\Pipeline::carry():184}:185}(Object(Illuminate\\Http\\Request))
#12 /Users/lkmdigital/monbeaupays.com/backend/vendor/laravel/framework/src/Illuminate/Routing/Router.php(807): Illuminate\\Pipeline\\Pipeline->then(Object(Closure))
#13 /Users/lkmdigital/monbeaupays.com/backend/vendor/laravel/framework/src/Illuminate/Routing/Router.php(786): Illuminate\\Routing\\Router->runRouteWithinStack(Object(Illuminate\\Routing\\Route), Object(Illuminate\\Http\\Request))
#14 /Users/lkmdigital/monbeaupays.com/backend/vendor/laravel/framework/src/Illuminate/Routing/Router.php(750): Illuminate\\Routing\\Router->runRoute(Object(Illuminate\\Http\\Request), Object(Illuminate\\Routing\\Route))
#15 /Users/lkmdigital/monbeaupays.com/backend/vendor/laravel/framework/src/Illuminate/Routing/Router.php(739): Illuminate\\Routing\\Router->dispatchToRoute(Object(Illuminate\\Http\\Request))
#16 /Users/lkmdigital/monbeaupays.com/backend/vendor/laravel/framework/src/Illuminate/Foundation/Http/Kernel.php(201): Illuminate\\Routing\\Router->dispatch(Object(Illuminate\\Http\\Request))
#17 /Users/lkmdigital/monbeaupays.com/backend/vendor/laravel/framework/src/Illuminate/Pipeline/Pipeline.php(170): Illuminate\\Foundation\\Http\\Kernel->{closure:Illuminate\\Foundation\\Http\\Kernel::dispatchToRouter():198}(Object(Illuminate\\Http\\Request))
#18 /Users/lkmdigital/monbeaupays.com/backend/vendor/laravel/framework/src/Illuminate/Foundation/Http/Middleware/TransformsRequest.php(21): Illuminate\\Pipeline\\Pipeline->{closure:Illuminate\\Pipeline\\Pipeline::prepareDestination():168}(Object(Illuminate\\Http\\Request))
#19 /Users/lkmdigital/monbeaupays.com/backend/vendor/laravel/framework/src/Illuminate/Foundation/Http/Middleware/ConvertEmptyStringsToNull.php(31): Illuminate\\Foundation\\Http\\Middleware\\TransformsRequest->handle(Object(Illuminate\\Http\\Request), Object(Closure))
#20 /Users/lkmdigital/monbeaupays.com/backend/vendor/laravel/framework/src/Illuminate/Pipeline/Pipeline.php(209): Illuminate\\Foundation\\Http\\Middleware\\ConvertEmptyStringsToNull->handle(Object(Illuminate\\Http\\Request), Object(Closure))
#21 /Users/lkmdigital/monbeaupays.com/backend/vendor/laravel/framework/src/Illuminate/Foundation/Http/Middleware/TransformsRequest.php(21): Illuminate\\Pipeline\\Pipeline->{closure:{closure:Illuminate\\Pipeline\\Pipeline::carry():184}:185}(Object(Illuminate\\Http\\Request))
#22 /Users/lkmdigital/monbeaupays.com/backend/vendor/laravel/framework/src/Illuminate/Foundation/Http/Middleware/TrimStrings.php(51): Illuminate\\Foundation\\Http\\Middleware\\TransformsRequest->handle(Object(Illuminate\\Http\\Request), Object(Closure))
#23 /Users/lkmdigital/monbeaupays.com/backend/vendor/laravel/framework/src/Illuminate/Pipeline/Pipeline.php(209): Illuminate\\Foundation\\Http\\Middleware\\TrimStrings->handle(Object(Illuminate\\Http\\Request), Object(Closure))
#24 /Users/lkmdigital/monbeaupays.com/backend/vendor/laravel/framework/src/Illuminate/Http/Middleware/ValidatePostSize.php(27): Illuminate\\Pipeline\\Pipeline->{closure:{closure:Illuminate\\Pipeline\\Pipeline::carry():184}:185}(Object(Illuminate\\Http\\Request))
#25 /Users/lkmdigital/monbeaupays.com/backend/vendor/laravel/framework/src/Illuminate/Pipeline/Pipeline.php(209): Illuminate\\Http\\Middleware\\ValidatePostSize->handle(Object(Illuminate\\Http\\Request), Object(Closure))
#26 /Users/lkmdigital/monbeaupays.com/backend/vendor/laravel/framework/src/Illuminate/Foundation/Http/Middleware/PreventRequestsDuringMaintenance.php(110): Illuminate\\Pipeline\\Pipeline->{closure:{closure:Illuminate\\Pipeline\\Pipeline::carry():184}:185}(Object(Illuminate\\Http\\Request))
#27 /Users/lkmdigital/monbeaupays.com/backend/vendor/laravel/framework/src/Illuminate/Pipeline/Pipeline.php(209): Illuminate\\Foundation\\Http\\Middleware\\PreventRequestsDuringMaintenance->handle(Object(Illuminate\\Http\\Request), Object(Closure))
#28 /Users/lkmdigital/monbeaupays.com/backend/vendor/laravel/framework/src/Illuminate/Http/Middleware/HandleCors.php(62): Illuminate\\Pipeline\\Pipeline->{closure:{closure:Illuminate\\Pipeline\\Pipeline::carry():184}:185}(Object(Illuminate\\Http\\Request))
#29 /Users/lkmdigital/monbeaupays.com/backend/vendor/laravel/framework/src/Illuminate/Pipeline/Pipeline.php(209): Illuminate\\Http\\Middleware\\HandleCors->handle(Object(Illuminate\\Http\\Request), Object(Closure))
#30 /Users/lkmdigital/monbeaupays.com/backend/vendor/laravel/framework/src/Illuminate/Http/Middleware/TrustProxies.php(58): Illuminate\\Pipeline\\Pipeline->{closure:{closure:Illuminate\\Pipeline\\Pipeline::carry():184}:185}(Object(Illuminate\\Http\\Request))
#31 /Users/lkmdigital/monbeaupays.com/backend/vendor/laravel/framework/src/Illuminate/Pipeline/Pipeline.php(209): Illuminate\\Http\\Middleware\\TrustProxies->handle(Object(Illuminate\\Http\\Request), Object(Closure))
#32 /Users/lkmdigital/monbeaupays.com/backend/vendor/laravel/framework/src/Illuminate/Foundation/Http/Middleware/InvokeDeferredCallbacks.php(22): Illuminate\\Pipeline\\Pipeline->{closure:{closure:Illuminate\\Pipeline\\Pipeline::carry():184}:185}(Object(Illuminate\\Http\\Request))
#33 /Users/lkmdigital/monbeaupays.com/backend/vendor/laravel/framework/src/Illuminate/Pipeline/Pipeline.php(209): Illuminate\\Foundation\\Http\\Middleware\\InvokeDeferredCallbacks->handle(Object(Illuminate\\Http\\Request), Object(Closure))
#34 /Users/lkmdigital/monbeaupays.com/backend/vendor/laravel/framework/src/Illuminate/Pipeline/Pipeline.php(127): Illuminate\\Pipeline\\Pipeline->{closure:{closure:Illuminate\\Pipeline\\Pipeline::carry():184}:185}(Object(Illuminate\\Http\\Request))
#35 /Users/lkmdigital/monbeaupays.com/backend/vendor/laravel/framework/src/Illuminate/Foundation/Http/Kernel.php(176): Illuminate\\Pipeline\\Pipeline->then(Object(Closure))
#36 /Users/lkmdigital/monbeaupays.com/backend/vendor/laravel/framework/src/Illuminate/Foundation/Http/Kernel.php(145): Illuminate\\Foundation\\Http\\Kernel->sendRequestThroughRouter(Object(Illuminate\\Http\\Request))
#37 /Users/lkmdigital/monbeaupays.com/backend/public/index.php(17): Illuminate\\Foundation\\Http\\Kernel->handle(Object(Illuminate\\Http\\Request))
#38 /Users/lkmdigital/monbeaupays.com/backend/vendor/laravel/framework/src/Illuminate/Foundation/resources/server.php(23): require_once('/Users/lkmdigit...')
#39 {main}
"} 
[2025-11-19 14:36:59] local.ERROR: Call to undefined method App\Http\Controllers\Admin\AdminUserController::authorize() {"userId":8,"exception":"[object] (Error(code: 0): Call to undefined method App\\Http\\Controllers\\Admin\\AdminUserController::authorize() at /Users/lkmdigital/monbeaupays.com/backend/app/Http/Controllers/Admin/AdminUserController.php:24)
[stacktrace]
#0 /Users/lkmdigital/monbeaupays.com/backend/vendor/laravel/framework/src/Illuminate/Routing/ControllerDispatcher.php(47): App\\Http\\Controllers\\Admin\\AdminUserController->index(Object(Illuminate\\Http\\Request))
#1 /Users/lkmdigital/monbeaupays.com/backend/vendor/laravel/framework/src/Illuminate/Routing/Route.php(266): Illuminate\\Routing\\ControllerDispatcher->dispatch(Object(Illuminate\\Routing\\Route), Object(App\\Http\\Controllers\\Admin\\AdminUserController), 'index')
#2 /Users/lkmdigital/monbeaupays.com/backend/vendor/laravel/framework/src/Illuminate/Routing/Route.php(212): Illuminate\\Routing\\Route->runController()
#3 /Users/lkmdigital/monbeaupays.com/backend/vendor/laravel/framework/src/Illuminate/Routing/Router.php(808): Illuminate\\Routing\\Route->run()
#4 /Users/lkmdigital/monbeaupays.com/backend/vendor/laravel/framework/src/Illuminate/Pipeline/Pipeline.php(170): Illuminate\\Routing\\Router->{closure:Illuminate\\Routing\\Router::runRouteWithinStack():807}(Object(Illuminate\\Http\\Request))
#5 /Users/lkmdigital/monbeaupays.com/backend/app/Http/Middleware/CheckPermission.php(34): Illuminate\\Pipeline\\Pipeline->{closure:Illuminate\\Pipeline\\Pipeline::prepareDestination():168}(Object(Illuminate\\Http\\Request))
#6 /Users/lkmdigital/monbeaupays.com/backend/vendor/laravel/framework/src/Illuminate/Pipeline/Pipeline.php(209): App\\Http\\Middleware\\CheckPermission->handle(Object(Illuminate\\Http\\Request), Object(Closure), 'users.read')
#7 /Users/lkmdigital/monbeaupays.com/backend/vendor/laravel/framework/src/Illuminate/Routing/Middleware/SubstituteBindings.php(51): Illuminate\\Pipeline\\Pipeline->{closure:{closure:Illuminate\\Pipeline\\Pipeline::carry():184}:185}(Object(Illuminate\\Http\\Request))
#8 /Users/lkmdigital/monbeaupays.com/backend/vendor/laravel/framework/src/Illuminate/Pipeline/Pipeline.php(209): Illuminate\\Routing\\Middleware\\SubstituteBindings->handle(Object(Illuminate\\Http\\Request), Object(Closure))
#9 /Users/lkmdigital/monbeaupays.com/backend/vendor/laravel/framework/src/Illuminate/Auth/Middleware/Authenticate.php(64): Illuminate\\Pipeline\\Pipeline->{closure:{closure:Illuminate\\Pipeline\\Pipeline::carry():184}:185}(Object(Illuminate\\Http\\Request))
#10 /Users/lkmdigital/monbeaupays.com/backend/vendor/laravel/framework/src/Illuminate/Pipeline/Pipeline.php(209): Illuminate\\Auth\\Middleware\\Authenticate->handle(Object(Illuminate\\Http\\Request), Object(Closure), 'sanctum')
#11 /Users/lkmdigital/monbeaupays.com/backend/vendor/laravel/framework/src/Illuminate/Pipeline/Pipeline.php(127): Illuminate\\Pipeline\\Pipeline->{closure:{closure:Illuminate\\Pipeline\\Pipeline::carry():184}:185}(Object(Illuminate\\Http\\Request))
#12 /Users/lkmdigital/monbeaupays.com/backend/vendor/laravel/framework/src/Illuminate/Routing/Router.php(807): Illuminate\\Pipeline\\Pipeline->then(Object(Closure))
#13 /Users/lkmdigital/monbeaupays.com/backend/vendor/laravel/framework/src/Illuminate/Routing/Router.php(786): Illuminate\\Routing\\Router->runRouteWithinStack(Object(Illuminate\\Routing\\Route), Object(Illuminate\\Http\\Request))
#14 /Users/lkmdigital/monbeaupays.com/backend/vendor/laravel/framework/src/Illuminate/Routing/Router.php(750): Illuminate\\Routing\\Router->runRoute(Object(Illuminate\\Http\\Request), Object(Illuminate\\Routing\\Route))
#15 /Users/lkmdigital/monbeaupays.com/backend/vendor/laravel/framework/src/Illuminate/Routing/Router.php(739): Illuminate\\Routing\\Router->dispatchToRoute(Object(Illuminate\\Http\\Request))
#16 /Users/lkmdigital/monbeaupays.com/backend/vendor/laravel/framework/src/Illuminate/Foundation/Http/Kernel.php(201): Illuminate\\Routing\\Router->dispatch(Object(Illuminate\\Http\\Request))
#17 /Users/lkmdigital/monbeaupays.com/backend/vendor/laravel/framework/src/Illuminate/Pipeline/Pipeline.php(170): Illuminate\\Foundation\\Http\\Kernel->{closure:Illuminate\\Foundation\\Http\\Kernel::dispatchToRouter():198}(Object(Illuminate\\Http\\Request))
#18 /Users/lkmdigital/monbeaupays.com/backend/vendor/laravel/framework/src/Illuminate/Foundation/Http/Middleware/TransformsRequest.php(21): Illuminate\\Pipeline\\Pipeline->{closure:Illuminate\\Pipeline\\Pipeline::prepareDestination():168}(Object(Illuminate\\Http\\Request))
#19 /Users/lkmdigital/monbeaupays.com/backend/vendor/laravel/framework/src/Illuminate/Foundation/Http/Middleware/ConvertEmptyStringsToNull.php(31): Illuminate\\Foundation\\Http\\Middleware\\TransformsRequest->handle(Object(Illuminate\\Http\\Request), Object(Closure))
#20 /Users/lkmdigital/monbeaupays.com/backend/vendor/laravel/framework/src/Illuminate/Pipeline/Pipeline.php(209): Illuminate\\Foundation\\Http\\Middleware\\ConvertEmptyStringsToNull->handle(Object(Illuminate\\Http\\Request), Object(Closure))
#21 /Users/lkmdigital/monbeaupays.com/backend/vendor/laravel/framework/src/Illuminate/Foundation/Http/Middleware/TransformsRequest.php(21): Illuminate\\Pipeline\\Pipeline->{closure:{closure:Illuminate\\Pipeline\\Pipeline::carry():184}:185}(Object(Illuminate\\Http\\Request))
#22 /Users/lkmdigital/monbeaupays.com/backend/vendor/laravel/framework/src/Illuminate/Foundation/Http/Middleware/TrimStrings.php(51): Illuminate\\Foundation\\Http\\Middleware\\TransformsRequest->handle(Object(Illuminate\\Http\\Request), Object(Closure))
#23 /Users/lkmdigital/monbeaupays.com/backend/vendor/laravel/framework/src/Illuminate/Pipeline/Pipeline.php(209): Illuminate\\Foundation\\Http\\Middleware\\TrimStrings->handle(Object(Illuminate\\Http\\Request), Object(Closure))
#24 /Users/lkmdigital/monbeaupays.com/backend/vendor/laravel/framework/src/Illuminate/Http/Middleware/ValidatePostSize.php(27): Illuminate\\Pipeline\\Pipeline->{closure:{closure:Illuminate\\Pipeline\\Pipeline::carry():184}:185}(Object(Illuminate\\Http\\Request))
#25 /Users/lkmdigital/monbeaupays.com/backend/vendor/laravel/framework/src/Illuminate/Pipeline/Pipeline.php(209): Illuminate\\Http\\Middleware\\ValidatePostSize->handle(Object(Illuminate\\Http\\Request), Object(Closure))
#26 /Users/lkmdigital/monbeaupays.com/backend/vendor/laravel/framework/src/Illuminate/Foundation/Http/Middleware/PreventRequestsDuringMaintenance.php(110): Illuminate\\Pipeline\\Pipeline->{closure:{closure:Illuminate\\Pipeline\\Pipeline::carry():184}:185}(Object(Illuminate\\Http\\Request))
#27 /Users/lkmdigital/monbeaupays.com/backend/vendor/laravel/framework/src/Illuminate/Pipeline/Pipeline.php(209): Illuminate\\Foundation\\Http\\Middleware\\PreventRequestsDuringMaintenance->handle(Object(Illuminate\\Http\\Request), Object(Closure))
#28 /Users/lkmdigital/monbeaupays.com/backend/vendor/laravel/framework/src/Illuminate/Http/Middleware/HandleCors.php(62): Illuminate\\Pipeline\\Pipeline->{closure:{closure:Illuminate\\Pipeline\\Pipeline::carry():184}:185}(Object(Illuminate\\Http\\Request))
#29 /Users/lkmdigital/monbeaupays.com/backend/vendor/laravel/framework/src/Illuminate/Pipeline/Pipeline.php(209): Illuminate\\Http\\Middleware\\HandleCors->handle(Object(Illuminate\\Http\\Request), Object(Closure))
#30 /Users/lkmdigital/monbeaupays.com/backend/vendor/laravel/framework/src/Illuminate/Http/Middleware/TrustProxies.php(58): Illuminate\\Pipeline\\Pipeline->{closure:{closure:Illuminate\\Pipeline\\Pipeline::carry():184}:185}(Object(Illuminate\\Http\\Request))
#31 /Users/lkmdigital/monbeaupays.com/backend/vendor/laravel/framework/src/Illuminate/Pipeline/Pipeline.php(209): Illuminate\\Http\\Middleware\\TrustProxies->handle(Object(Illuminate\\Http\\Request), Object(Closure))
#32 /Users/lkmdigital/monbeaupays.com/backend/vendor/laravel/framework/src/Illuminate/Foundation/Http/Middleware/InvokeDeferredCallbacks.php(22): Illuminate\\Pipeline\\Pipeline->{closure:{closure:Illuminate\\Pipeline\\Pipeline::carry():184}:185}(Object(Illuminate\\Http\\Request))
#33 /Users/lkmdigital/monbeaupays.com/backend/vendor/laravel/framework/src/Illuminate/Pipeline/Pipeline.php(209): Illuminate\\Foundation\\Http\\Middleware\\InvokeDeferredCallbacks->handle(Object(Illuminate\\Http\\Request), Object(Closure))
#34 /Users/lkmdigital/monbeaupays.com/backend/vendor/laravel/framework/src/Illuminate/Pipeline/Pipeline.php(127): Illuminate\\Pipeline\\Pipeline->{closure:{closure:Illuminate\\Pipeline\\Pipeline::carry():184}:185}(Object(Illuminate\\Http\\Request))
#35 /Users/lkmdigital/monbeaupays.com/backend/vendor/laravel/framework/src/Illuminate/Foundation/Http/Kernel.php(176): Illuminate\\Pipeline\\Pipeline->then(Object(Closure))
#36 /Users/lkmdigital/monbeaupays.com/backend/vendor/laravel/framework/src/Illuminate/Foundation/Http/Kernel.php(145): Illuminate\\Foundation\\Http\\Kernel->sendRequestThroughRouter(Object(Illuminate\\Http\\Request))
#37 /Users/lkmdigital/monbeaupays.com/backend/public/index.php(17): Illuminate\\Foundation\\Http\\Kernel->handle(Object(Illuminate\\Http\\Request))
#38 /Users/lkmdigital/monbeaupays.com/backend/vendor/laravel/framework/src/Illuminate/Foundation/resources/server.php(23): require_once('/Users/lkmdigit...')
#39 {main}
"} 
[2025-11-27 09:47:00] local.ERROR: Please provide a valid cache path. {"exception":"[object] (InvalidArgumentException(code: 0): Please provide a valid cache path. at /Users/lkmdigital/monbeaupays.com/backend/vendor/laravel/framework/src/Illuminate/View/Compilers/Compiler.php:67)
[stacktrace]
#0 /Users/lkmdigital/monbeaupays.com/backend/vendor/laravel/framework/src/Illuminate/View/ViewServiceProvider.php(97): Illuminate\\View\\Compilers\\Compiler->__construct(Object(Illuminate\\Filesystem\\Filesystem), false, '', true, 'php')
#1 /Users/lkmdigital/monbeaupays.com/backend/vendor/laravel/framework/src/Illuminate/Container/Container.php(952): Illuminate\\View\\ViewServiceProvider->{closure:Illuminate\\View\\ViewServiceProvider::registerBladeCompiler():96}(Object(Illuminate\\Foundation\\Application), Array)
#2 /Users/lkmdigital/monbeaupays.com/backend/vendor/laravel/framework/src/Illuminate/Container/Container.php(832): Illuminate\\Container\\Container->build(Object(Closure))
#3 /Users/lkmdigital/monbeaupays.com/backend/vendor/laravel/framework/src/Illuminate/Foundation/Application.php(1078): Illuminate\\Container\\Container->resolve('blade.compiler', Array, true)
#4 /Users/lkmdigital/monbeaupays.com/backend/vendor/laravel/framework/src/Illuminate/Container/Container.php(763): Illuminate\\Foundation\\Application->resolve('blade.compiler', Array)
#5 /Users/lkmdigital/monbeaupays.com/backend/vendor/laravel/framework/src/Illuminate/Foundation/Application.php(1058): Illuminate\\Container\\Container->make('blade.compiler', Array)
#6 /Users/lkmdigital/monbeaupays.com/backend/vendor/laravel/framework/src/Illuminate/View/ViewServiceProvider.php(168): Illuminate\\Foundation\\Application->make('blade.compiler')
#7 [internal function]: Illuminate\\View\\ViewServiceProvider->{closure:Illuminate\\View\\ViewServiceProvider::registerBladeEngine():164}()
#8 /Users/lkmdigital/monbeaupays.com/backend/vendor/laravel/framework/src/Illuminate/View/Engines/EngineResolver.php(55): call_user_func(Object(Closure))
#9 /Users/lkmdigital/monbeaupays.com/backend/vendor/laravel/framework/src/Illuminate/View/Factory.php(326): Illuminate\\View\\Engines\\EngineResolver->resolve('blade')
#10 /Users/lkmdigital/monbeaupays.com/backend/vendor/laravel/framework/src/Illuminate/View/Factory.php(288): Illuminate\\View\\Factory->getEngineFromPath('/Users/lkmdigit...')
#11 /Users/lkmdigital/monbeaupays.com/backend/vendor/laravel/framework/src/Illuminate/View/Factory.php(160): Illuminate\\View\\Factory->viewInstance('errors::404', '/Users/lkmdigit...', Array)
#12 /Users/lkmdigital/monbeaupays.com/backend/vendor/laravel/framework/src/Illuminate/Routing/ResponseFactory.php(90): Illuminate\\View\\Factory->make('errors::404', Array)
#13 /Users/lkmdigital/monbeaupays.com/backend/vendor/laravel/framework/src/Illuminate/Foundation/Exceptions/Handler.php(894): Illuminate\\Routing\\ResponseFactory->view('errors::404', Array, 404, Array)
#14 /Users/lkmdigital/monbeaupays.com/backend/vendor/laravel/framework/src/Illuminate/Foundation/Exceptions/Handler.php(815): Illuminate\\Foundation\\Exceptions\\Handler->renderHttpException(Object(Symfony\\Component\\HttpKernel\\Exception\\NotFoundHttpException))
#15 /Users/lkmdigital/monbeaupays.com/backend/vendor/laravel/framework/src/Illuminate/Foundation/Exceptions/Handler.php(706): Illuminate\\Foundation\\Exceptions\\Handler->prepareResponse(Object(Illuminate\\Http\\Request), Object(Symfony\\Component\\HttpKernel\\Exception\\NotFoundHttpException))
#16 /Users/lkmdigital/monbeaupays.com/backend/vendor/laravel/framework/src/Illuminate/Foundation/Exceptions/Handler.php(594): Illuminate\\Foundation\\Exceptions\\Handler->renderExceptionResponse(Object(Illuminate\\Http\\Request), Object(Symfony\\Component\\HttpKernel\\Exception\\NotFoundHttpException))
#17 /Users/lkmdigital/monbeaupays.com/backend/vendor/laravel/framework/src/Illuminate/Routing/Pipeline.php(51): Illuminate\\Foundation\\Exceptions\\Handler->render(Object(Illuminate\\Http\\Request), Object(Symfony\\Component\\HttpKernel\\Exception\\NotFoundHttpException))
#18 /Users/lkmdigital/monbeaupays.com/backend/vendor/laravel/framework/src/Illuminate/Pipeline/Pipeline.php(172): Illuminate\\Routing\\Pipeline->handleException(Object(Illuminate\\Http\\Request), Object(Symfony\\Component\\HttpKernel\\Exception\\NotFoundHttpException))
#19 /Users/lkmdigital/monbeaupays.com/backend/vendor/laravel/framework/src/Illuminate/Foundation/Http/Middleware/TransformsRequest.php(21): Illuminate\\Pipeline\\Pipeline->{closure:Illuminate\\Pipeline\\Pipeline::prepareDestination():168}(Object(Illuminate\\Http\\Request))
#20 /Users/lkmdigital/monbeaupays.com/backend/vendor/laravel/framework/src/Illuminate/Foundation/Http/Middleware/ConvertEmptyStringsToNull.php(31): Illuminate\\Foundation\\Http\\Middleware\\TransformsRequest->handle(Object(Illuminate\\Http\\Request), Object(Closure))
#21 /Users/lkmdigital/monbeaupays.com/backend/vendor/laravel/framework/src/Illuminate/Pipeline/Pipeline.php(209): Illuminate\\Foundation\\Http\\Middleware\\ConvertEmptyStringsToNull->handle(Object(Illuminate\\Http\\Request), Object(Closure))
#22 /Users/lkmdigital/monbeaupays.com/backend/vendor/laravel/framework/src/Illuminate/Foundation/Http/Middleware/TransformsRequest.php(21): Illuminate\\Pipeline\\Pipeline->{closure:{closure:Illuminate\\Pipeline\\Pipeline::carry():184}:185}(Object(Illuminate\\Http\\Request))
#23 /Users/lkmdigital/monbeaupays.com/backend/vendor/laravel/framework/src/Illuminate/Foundation/Http/Middleware/TrimStrings.php(51): Illuminate\\Foundation\\Http\\Middleware\\TransformsRequest->handle(Object(Illuminate\\Http\\Request), Object(Closure))
#24 /Users/lkmdigital/monbeaupays.com/backend/vendor/laravel/framework/src/Illuminate/Pipeline/Pipeline.php(209): Illuminate\\Foundation\\Http\\Middleware\\TrimStrings->handle(Object(Illuminate\\Http\\Request), Object(Closure))
#25 /Users/lkmdigital/monbeaupays.com/backend/vendor/laravel/framework/src/Illuminate/Http/Middleware/ValidatePostSize.php(27): Illuminate\\Pipeline\\Pipeline->{closure:{closure:Illuminate\\Pipeline\\Pipeline::carry():184}:185}(Object(Illuminate\\Http\\Request))
#26 /Users/lkmdigital/monbeaupays.com/backend/vendor/laravel/framework/src/Illuminate/Pipeline/Pipeline.php(209): Illuminate\\Http\\Middleware\\ValidatePostSize->handle(Object(Illuminate\\Http\\Request), Object(Closure))
#27 /Users/lkmdigital/monbeaupays.com/backend/vendor/laravel/framework/src/Illuminate/Foundation/Http/Middleware/PreventRequestsDuringMaintenance.php(110): Illuminate\\Pipeline\\Pipeline->{closure:{closure:Illuminate\\Pipeline\\Pipeline::carry():184}:185}(Object(Illuminate\\Http\\Request))
#28 /Users/lkmdigital/monbeaupays.com/backend/vendor/laravel/framework/src/Illuminate/Pipeline/Pipeline.php(209): Illuminate\\Foundation\\Http\\Middleware\\PreventRequestsDuringMaintenance->handle(Object(Illuminate\\Http\\Request), Object(Closure))
#29 /Users/lkmdigital/monbeaupays.com/backend/vendor/laravel/framework/src/Illuminate/Http/Middleware/HandleCors.php(49): Illuminate\\Pipeline\\Pipeline->{closure:{closure:Illuminate\\Pipeline\\Pipeline::carry():184}:185}(Object(Illuminate\\Http\\Request))
#30 /Users/lkmdigital/monbeaupays.com/backend/vendor/laravel/framework/src/Illuminate/Pipeline/Pipeline.php(209): Illuminate\\Http\\Middleware\\HandleCors->handle(Object(Illuminate\\Http\\Request), Object(Closure))
#31 /Users/lkmdigital/monbeaupays.com/backend/vendor/laravel/framework/src/Illuminate/Http/Middleware/TrustProxies.php(58): Illuminate\\Pipeline\\Pipeline->{closure:{closure:Illuminate\\Pipeline\\Pipeline::carry():184}:185}(Object(Illuminate\\Http\\Request))
#32 /Users/lkmdigital/monbeaupays.com/backend/vendor/laravel/framework/src/Illuminate/Pipeline/Pipeline.php(209): Illuminate\\Http\\Middleware\\TrustProxies->handle(Object(Illuminate\\Http\\Request), Object(Closure))
#33 /Users/lkmdigital/monbeaupays.com/backend/vendor/laravel/framework/src/Illuminate/Foundation/Http/Middleware/InvokeDeferredCallbacks.php(22): Illuminate\\Pipeline\\Pipeline->{closure:{closure:Illuminate\\Pipeline\\Pipeline::carry():184}:185}(Object(Illuminate\\Http\\Request))
#34 /Users/lkmdigital/monbeaupays.com/backend/vendor/laravel/framework/src/Illuminate/Pipeline/Pipeline.php(209): Illuminate\\Foundation\\Http\\Middleware\\InvokeDeferredCallbacks->handle(Object(Illuminate\\Http\\Request), Object(Closure))
#35 /Users/lkmdigital/monbeaupays.com/backend/vendor/laravel/framework/src/Illuminate/Pipeline/Pipeline.php(127): Illuminate\\Pipeline\\Pipeline->{closure:{closure:Illuminate\\Pipeline\\Pipeline::carry():184}:185}(Object(Illuminate\\Http\\Request))
#36 /Users/lkmdigital/monbeaupays.com/backend/vendor/laravel/framework/src/Illuminate/Foundation/Http/Kernel.php(176): Illuminate\\Pipeline\\Pipeline->then(Object(Closure))
#37 /Users/lkmdigital/monbeaupays.com/backend/vendor/laravel/framework/src/Illuminate/Foundation/Http/Kernel.php(145): Illuminate\\Foundation\\Http\\Kernel->sendRequestThroughRouter(Object(Illuminate\\Http\\Request))
#38 /Users/lkmdigital/monbeaupays.com/backend/public/index.php(17): Illuminate\\Foundation\\Http\\Kernel->handle(Object(Illuminate\\Http\\Request))
#39 /Users/lkmdigital/monbeaupays.com/backend/vendor/laravel/framework/src/Illuminate/Foundation/resources/server.php(23): require_once('/Users/lkmdigit...')
#40 {main}
"} 
[2025-11-27 09:55:59] local.ERROR: Please provide a valid cache path. {"exception":"[object] (InvalidArgumentException(code: 0): Please provide a valid cache path. at /Users/lkmdigital/monbeaupays.com/backend/vendor/laravel/framework/src/Illuminate/View/Compilers/Compiler.php:67)
[stacktrace]
#0 /Users/lkmdigital/monbeaupays.com/backend/vendor/laravel/framework/src/Illuminate/View/ViewServiceProvider.php(97): Illuminate\\View\\Compilers\\Compiler->__construct(Object(Illuminate\\Filesystem\\Filesystem), false, '', true, 'php')
#1 /Users/lkmdigital/monbeaupays.com/backend/vendor/laravel/framework/src/Illuminate/Container/Container.php(952): Illuminate\\View\\ViewServiceProvider->{closure:Illuminate\\View\\ViewServiceProvider::registerBladeCompiler():96}(Object(Illuminate\\Foundation\\Application), Array)
#2 /Users/lkmdigital/monbeaupays.com/backend/vendor/laravel/framework/src/Illuminate/Container/Container.php(832): Illuminate\\Container\\Container->build(Object(Closure))
#3 /Users/lkmdigital/monbeaupays.com/backend/vendor/laravel/framework/src/Illuminate/Foundation/Application.php(1078): Illuminate\\Container\\Container->resolve('blade.compiler', Array, true)
#4 /Users/lkmdigital/monbeaupays.com/backend/vendor/laravel/framework/src/Illuminate/Container/Container.php(763): Illuminate\\Foundation\\Application->resolve('blade.compiler', Array)
#5 /Users/lkmdigital/monbeaupays.com/backend/vendor/laravel/framework/src/Illuminate/Foundation/Application.php(1058): Illuminate\\Container\\Container->make('blade.compiler', Array)
#6 /Users/lkmdigital/monbeaupays.com/backend/vendor/laravel/framework/src/Illuminate/View/ViewServiceProvider.php(168): Illuminate\\Foundation\\Application->make('blade.compiler')
#7 [internal function]: Illuminate\\View\\ViewServiceProvider->{closure:Illuminate\\View\\ViewServiceProvider::registerBladeEngine():164}()
#8 /Users/lkmdigital/monbeaupays.com/backend/vendor/laravel/framework/src/Illuminate/View/Engines/EngineResolver.php(55): call_user_func(Object(Closure))
#9 /Users/lkmdigital/monbeaupays.com/backend/vendor/laravel/framework/src/Illuminate/View/Factory.php(326): Illuminate\\View\\Engines\\EngineResolver->resolve('blade')
#10 /Users/lkmdigital/monbeaupays.com/backend/vendor/laravel/framework/src/Illuminate/View/Factory.php(288): Illuminate\\View\\Factory->getEngineFromPath('/Users/lkmdigit...')
#11 /Users/lkmdigital/monbeaupays.com/backend/vendor/laravel/framework/src/Illuminate/View/Factory.php(160): Illuminate\\View\\Factory->viewInstance('errors::404', '/Users/lkmdigit...', Array)
#12 /Users/lkmdigital/monbeaupays.com/backend/vendor/laravel/framework/src/Illuminate/Routing/ResponseFactory.php(90): Illuminate\\View\\Factory->make('errors::404', Array)
#13 /Users/lkmdigital/monbeaupays.com/backend/vendor/laravel/framework/src/Illuminate/Foundation/Exceptions/Handler.php(894): Illuminate\\Routing\\ResponseFactory->view('errors::404', Array, 404, Array)
#14 /Users/lkmdigital/monbeaupays.com/backend/vendor/laravel/framework/src/Illuminate/Foundation/Exceptions/Handler.php(815): Illuminate\\Foundation\\Exceptions\\Handler->renderHttpException(Object(Symfony\\Component\\HttpKernel\\Exception\\NotFoundHttpException))
#15 /Users/lkmdigital/monbeaupays.com/backend/vendor/laravel/framework/src/Illuminate/Foundation/Exceptions/Handler.php(706): Illuminate\\Foundation\\Exceptions\\Handler->prepareResponse(Object(Illuminate\\Http\\Request), Object(Symfony\\Component\\HttpKernel\\Exception\\NotFoundHttpException))
#16 /Users/lkmdigital/monbeaupays.com/backend/vendor/laravel/framework/src/Illuminate/Foundation/Exceptions/Handler.php(594): Illuminate\\Foundation\\Exceptions\\Handler->renderExceptionResponse(Object(Illuminate\\Http\\Request), Object(Symfony\\Component\\HttpKernel\\Exception\\NotFoundHttpException))
#17 /Users/lkmdigital/monbeaupays.com/backend/vendor/laravel/framework/src/Illuminate/Routing/Pipeline.php(51): Illuminate\\Foundation\\Exceptions\\Handler->render(Object(Illuminate\\Http\\Request), Object(Symfony\\Component\\HttpKernel\\Exception\\NotFoundHttpException))
#18 /Users/lkmdigital/monbeaupays.com/backend/vendor/laravel/framework/src/Illuminate/Pipeline/Pipeline.php(172): Illuminate\\Routing\\Pipeline->handleException(Object(Illuminate\\Http\\Request), Object(Symfony\\Component\\HttpKernel\\Exception\\NotFoundHttpException))
#19 /Users/lkmdigital/monbeaupays.com/backend/vendor/laravel/framework/src/Illuminate/Foundation/Http/Middleware/TransformsRequest.php(21): Illuminate\\Pipeline\\Pipeline->{closure:Illuminate\\Pipeline\\Pipeline::prepareDestination():168}(Object(Illuminate\\Http\\Request))
#20 /Users/lkmdigital/monbeaupays.com/backend/vendor/laravel/framework/src/Illuminate/Foundation/Http/Middleware/ConvertEmptyStringsToNull.php(31): Illuminate\\Foundation\\Http\\Middleware\\TransformsRequest->handle(Object(Illuminate\\Http\\Request), Object(Closure))
#21 /Users/lkmdigital/monbeaupays.com/backend/vendor/laravel/framework/src/Illuminate/Pipeline/Pipeline.php(209): Illuminate\\Foundation\\Http\\Middleware\\ConvertEmptyStringsToNull->handle(Object(Illuminate\\Http\\Request), Object(Closure))
#22 /Users/lkmdigital/monbeaupays.com/backend/vendor/laravel/framework/src/Illuminate/Foundation/Http/Middleware/TransformsRequest.php(21): Illuminate\\Pipeline\\Pipeline->{closure:{closure:Illuminate\\Pipeline\\Pipeline::carry():184}:185}(Object(Illuminate\\Http\\Request))
#23 /Users/lkmdigital/monbeaupays.com/backend/vendor/laravel/framework/src/Illuminate/Foundation/Http/Middleware/TrimStrings.php(51): Illuminate\\Foundation\\Http\\Middleware\\TransformsRequest->handle(Object(Illuminate\\Http\\Request), Object(Closure))
#24 /Users/lkmdigital/monbeaupays.com/backend/vendor/laravel/framework/src/Illuminate/Pipeline/Pipeline.php(209): Illuminate\\Foundation\\Http\\Middleware\\TrimStrings->handle(Object(Illuminate\\Http\\Request), Object(Closure))
#25 /Users/lkmdigital/monbeaupays.com/backend/vendor/laravel/framework/src/Illuminate/Http/Middleware/ValidatePostSize.php(27): Illuminate\\Pipeline\\Pipeline->{closure:{closure:Illuminate\\Pipeline\\Pipeline::carry():184}:185}(Object(Illuminate\\Http\\Request))
#26 /Users/lkmdigital/monbeaupays.com/backend/vendor/laravel/framework/src/Illuminate/Pipeline/Pipeline.php(209): Illuminate\\Http\\Middleware\\ValidatePostSize->handle(Object(Illuminate\\Http\\Request), Object(Closure))
#27 /Users/lkmdigital/monbeaupays.com/backend/vendor/laravel/framework/src/Illuminate/Foundation/Http/Middleware/PreventRequestsDuringMaintenance.php(110): Illuminate\\Pipeline\\Pipeline->{closure:{closure:Illuminate\\Pipeline\\Pipeline::carry():184}:185}(Object(Illuminate\\Http\\Request))
#28 /Users/lkmdigital/monbeaupays.com/backend/vendor/laravel/framework/src/Illuminate/Pipeline/Pipeline.php(209): Illuminate\\Foundation\\Http\\Middleware\\PreventRequestsDuringMaintenance->handle(Object(Illuminate\\Http\\Request), Object(Closure))
#29 /Users/lkmdigital/monbeaupays.com/backend/vendor/laravel/framework/src/Illuminate/Http/Middleware/HandleCors.php(49): Illuminate\\Pipeline\\Pipeline->{closure:{closure:Illuminate\\Pipeline\\Pipeline::carry():184}:185}(Object(Illuminate\\Http\\Request))
#30 /Users/lkmdigital/monbeaupays.com/backend/vendor/laravel/framework/src/Illuminate/Pipeline/Pipeline.php(209): Illuminate\\Http\\Middleware\\HandleCors->handle(Object(Illuminate\\Http\\Request), Object(Closure))
#31 /Users/lkmdigital/monbeaupays.com/backend/vendor/laravel/framework/src/Illuminate/Http/Middleware/TrustProxies.php(58): Illuminate\\Pipeline\\Pipeline->{closure:{closure:Illuminate\\Pipeline\\Pipeline::carry():184}:185}(Object(Illuminate\\Http\\Request))
#32 /Users/lkmdigital/monbeaupays.com/backend/vendor/laravel/framework/src/Illuminate/Pipeline/Pipeline.php(209): Illuminate\\Http\\Middleware\\TrustProxies->handle(Object(Illuminate\\Http\\Request), Object(Closure))
#33 /Users/lkmdigital/monbeaupays.com/backend/vendor/laravel/framework/src/Illuminate/Foundation/Http/Middleware/InvokeDeferredCallbacks.php(22): Illuminate\\Pipeline\\Pipeline->{closure:{closure:Illuminate\\Pipeline\\Pipeline::carry():184}:185}(Object(Illuminate\\Http\\Request))
#34 /Users/lkmdigital/monbeaupays.com/backend/vendor/laravel/framework/src/Illuminate/Pipeline/Pipeline.php(209): Illuminate\\Foundation\\Http\\Middleware\\InvokeDeferredCallbacks->handle(Object(Illuminate\\Http\\Request), Object(Closure))
#35 /Users/lkmdigital/monbeaupays.com/backend/vendor/laravel/framework/src/Illuminate/Pipeline/Pipeline.php(127): Illuminate\\Pipeline\\Pipeline->{closure:{closure:Illuminate\\Pipeline\\Pipeline::carry():184}:185}(Object(Illuminate\\Http\\Request))
#36 /Users/lkmdigital/monbeaupays.com/backend/vendor/laravel/framework/src/Illuminate/Foundation/Http/Kernel.php(176): Illuminate\\Pipeline\\Pipeline->then(Object(Closure))
#37 /Users/lkmdigital/monbeaupays.com/backend/vendor/laravel/framework/src/Illuminate/Foundation/Http/Kernel.php(145): Illuminate\\Foundation\\Http\\Kernel->sendRequestThroughRouter(Object(Illuminate\\Http\\Request))
#38 /Users/lkmdigital/monbeaupays.com/backend/public/index.php(17): Illuminate\\Foundation\\Http\\Kernel->handle(Object(Illuminate\\Http\\Request))
#39 /Users/lkmdigital/monbeaupays.com/backend/vendor/laravel/framework/src/Illuminate/Foundation/resources/server.php(23): require_once('/Users/lkmdigit...')
#40 {main}
"} 
[2025-11-27 09:56:00] local.ERROR: Please provide a valid cache path. {"exception":"[object] (InvalidArgumentException(code: 0): Please provide a valid cache path. at /Users/lkmdigital/monbeaupays.com/backend/vendor/laravel/framework/src/Illuminate/View/Compilers/Compiler.php:67)
[stacktrace]
#0 /Users/lkmdigital/monbeaupays.com/backend/vendor/laravel/framework/src/Illuminate/View/ViewServiceProvider.php(97): Illuminate\\View\\Compilers\\Compiler->__construct(Object(Illuminate\\Filesystem\\Filesystem), false, '', true, 'php')
#1 /Users/lkmdigital/monbeaupays.com/backend/vendor/laravel/framework/src/Illuminate/Container/Container.php(952): Illuminate\\View\\ViewServiceProvider->{closure:Illuminate\\View\\ViewServiceProvider::registerBladeCompiler():96}(Object(Illuminate\\Foundation\\Application), Array)
#2 /Users/lkmdigital/monbeaupays.com/backend/vendor/laravel/framework/src/Illuminate/Container/Container.php(832): Illuminate\\Container\\Container->build(Object(Closure))
#3 /Users/lkmdigital/monbeaupays.com/backend/vendor/laravel/framework/src/Illuminate/Foundation/Application.php(1078): Illuminate\\Container\\Container->resolve('blade.compiler', Array, true)
#4 /Users/lkmdigital/monbeaupays.com/backend/vendor/laravel/framework/src/Illuminate/Container/Container.php(763): Illuminate\\Foundation\\Application->resolve('blade.compiler', Array)
#5 /Users/lkmdigital/monbeaupays.com/backend/vendor/laravel/framework/src/Illuminate/Foundation/Application.php(1058): Illuminate\\Container\\Container->make('blade.compiler', Array)
#6 /Users/lkmdigital/monbeaupays.com/backend/vendor/laravel/framework/src/Illuminate/View/ViewServiceProvider.php(168): Illuminate\\Foundation\\Application->make('blade.compiler')
#7 [internal function]: Illuminate\\View\\ViewServiceProvider->{closure:Illuminate\\View\\ViewServiceProvider::registerBladeEngine():164}()
#8 /Users/lkmdigital/monbeaupays.com/backend/vendor/laravel/framework/src/Illuminate/View/Engines/EngineResolver.php(55): call_user_func(Object(Closure))
#9 /Users/lkmdigital/monbeaupays.com/backend/vendor/laravel/framework/src/Illuminate/View/Factory.php(326): Illuminate\\View\\Engines\\EngineResolver->resolve('blade')
#10 /Users/lkmdigital/monbeaupays.com/backend/vendor/laravel/framework/src/Illuminate/View/Factory.php(288): Illuminate\\View\\Factory->getEngineFromPath('/Users/lkmdigit...')
#11 /Users/lkmdigital/monbeaupays.com/backend/vendor/laravel/framework/src/Illuminate/View/Factory.php(160): Illuminate\\View\\Factory->viewInstance('errors::404', '/Users/lkmdigit...', Array)
#12 /Users/lkmdigital/monbeaupays.com/backend/vendor/laravel/framework/src/Illuminate/Routing/ResponseFactory.php(90): Illuminate\\View\\Factory->make('errors::404', Array)
#13 /Users/lkmdigital/monbeaupays.com/backend/vendor/laravel/framework/src/Illuminate/Foundation/Exceptions/Handler.php(894): Illuminate\\Routing\\ResponseFactory->view('errors::404', Array, 404, Array)
#14 /Users/lkmdigital/monbeaupays.com/backend/vendor/laravel/framework/src/Illuminate/Foundation/Exceptions/Handler.php(815): Illuminate\\Foundation\\Exceptions\\Handler->renderHttpException(Object(Symfony\\Component\\HttpKernel\\Exception\\NotFoundHttpException))
#15 /Users/lkmdigital/monbeaupays.com/backend/vendor/laravel/framework/src/Illuminate/Foundation/Exceptions/Handler.php(706): Illuminate\\Foundation\\Exceptions\\Handler->prepareResponse(Object(Illuminate\\Http\\Request), Object(Symfony\\Component\\HttpKernel\\Exception\\NotFoundHttpException))
#16 /Users/lkmdigital/monbeaupays.com/backend/vendor/laravel/framework/src/Illuminate/Foundation/Exceptions/Handler.php(594): Illuminate\\Foundation\\Exceptions\\Handler->renderExceptionResponse(Object(Illuminate\\Http\\Request), Object(Symfony\\Component\\HttpKernel\\Exception\\NotFoundHttpException))
#17 /Users/lkmdigital/monbeaupays.com/backend/vendor/laravel/framework/src/Illuminate/Routing/Pipeline.php(51): Illuminate\\Foundation\\Exceptions\\Handler->render(Object(Illuminate\\Http\\Request), Object(Symfony\\Component\\HttpKernel\\Exception\\NotFoundHttpException))
#18 /Users/lkmdigital/monbeaupays.com/backend/vendor/laravel/framework/src/Illuminate/Pipeline/Pipeline.php(172): Illuminate\\Routing\\Pipeline->handleException(Object(Illuminate\\Http\\Request), Object(Symfony\\Component\\HttpKernel\\Exception\\NotFoundHttpException))
#19 /Users/lkmdigital/monbeaupays.com/backend/vendor/laravel/framework/src/Illuminate/Foundation/Http/Middleware/TransformsRequest.php(21): Illuminate\\Pipeline\\Pipeline->{closure:Illuminate\\Pipeline\\Pipeline::prepareDestination():168}(Object(Illuminate\\Http\\Request))
#20 /Users/lkmdigital/monbeaupays.com/backend/vendor/laravel/framework/src/Illuminate/Foundation/Http/Middleware/ConvertEmptyStringsToNull.php(31): Illuminate\\Foundation\\Http\\Middleware\\TransformsRequest->handle(Object(Illuminate\\Http\\Request), Object(Closure))
#21 /Users/lkmdigital/monbeaupays.com/backend/vendor/laravel/framework/src/Illuminate/Pipeline/Pipeline.php(209): Illuminate\\Foundation\\Http\\Middleware\\ConvertEmptyStringsToNull->handle(Object(Illuminate\\Http\\Request), Object(Closure))
#22 /Users/lkmdigital/monbeaupays.com/backend/vendor/laravel/framework/src/Illuminate/Foundation/Http/Middleware/TransformsRequest.php(21): Illuminate\\Pipeline\\Pipeline->{closure:{closure:Illuminate\\Pipeline\\Pipeline::carry():184}:185}(Object(Illuminate\\Http\\Request))
#23 /Users/lkmdigital/monbeaupays.com/backend/vendor/laravel/framework/src/Illuminate/Foundation/Http/Middleware/TrimStrings.php(51): Illuminate\\Foundation\\Http\\Middleware\\TransformsRequest->handle(Object(Illuminate\\Http\\Request), Object(Closure))
#24 /Users/lkmdigital/monbeaupays.com/backend/vendor/laravel/framework/src/Illuminate/Pipeline/Pipeline.php(209): Illuminate\\Foundation\\Http\\Middleware\\TrimStrings->handle(Object(Illuminate\\Http\\Request), Object(Closure))
#25 /Users/lkmdigital/monbeaupays.com/backend/vendor/laravel/framework/src/Illuminate/Http/Middleware/ValidatePostSize.php(27): Illuminate\\Pipeline\\Pipeline->{closure:{closure:Illuminate\\Pipeline\\Pipeline::carry():184}:185}(Object(Illuminate\\Http\\Request))
#26 /Users/lkmdigital/monbeaupays.com/backend/vendor/laravel/framework/src/Illuminate/Pipeline/Pipeline.php(209): Illuminate\\Http\\Middleware\\ValidatePostSize->handle(Object(Illuminate\\Http\\Request), Object(Closure))
#27 /Users/lkmdigital/monbeaupays.com/backend/vendor/laravel/framework/src/Illuminate/Foundation/Http/Middleware/PreventRequestsDuringMaintenance.php(110): Illuminate\\Pipeline\\Pipeline->{closure:{closure:Illuminate\\Pipeline\\Pipeline::carry():184}:185}(Object(Illuminate\\Http\\Request))
#28 /Users/lkmdigital/monbeaupays.com/backend/vendor/laravel/framework/src/Illuminate/Pipeline/Pipeline.php(209): Illuminate\\Foundation\\Http\\Middleware\\PreventRequestsDuringMaintenance->handle(Object(Illuminate\\Http\\Request), Object(Closure))
#29 /Users/lkmdigital/monbeaupays.com/backend/vendor/laravel/framework/src/Illuminate/Http/Middleware/HandleCors.php(49): Illuminate\\Pipeline\\Pipeline->{closure:{closure:Illuminate\\Pipeline\\Pipeline::carry():184}:185}(Object(Illuminate\\Http\\Request))
#30 /Users/lkmdigital/monbeaupays.com/backend/vendor/laravel/framework/src/Illuminate/Pipeline/Pipeline.php(209): Illuminate\\Http\\Middleware\\HandleCors->handle(Object(Illuminate\\Http\\Request), Object(Closure))
#31 /Users/lkmdigital/monbeaupays.com/backend/vendor/laravel/framework/src/Illuminate/Http/Middleware/TrustProxies.php(58): Illuminate\\Pipeline\\Pipeline->{closure:{closure:Illuminate\\Pipeline\\Pipeline::carry():184}:185}(Object(Illuminate\\Http\\Request))
#32 /Users/lkmdigital/monbeaupays.com/backend/vendor/laravel/framework/src/Illuminate/Pipeline/Pipeline.php(209): Illuminate\\Http\\Middleware\\TrustProxies->handle(Object(Illuminate\\Http\\Request), Object(Closure))
#33 /Users/lkmdigital/monbeaupays.com/backend/vendor/laravel/framework/src/Illuminate/Foundation/Http/Middleware/InvokeDeferredCallbacks.php(22): Illuminate\\Pipeline\\Pipeline->{closure:{closure:Illuminate\\Pipeline\\Pipeline::carry():184}:185}(Object(Illuminate\\Http\\Request))
#34 /Users/lkmdigital/monbeaupays.com/backend/vendor/laravel/framework/src/Illuminate/Pipeline/Pipeline.php(209): Illuminate\\Foundation\\Http\\Middleware\\InvokeDeferredCallbacks->handle(Object(Illuminate\\Http\\Request), Object(Closure))
#35 /Users/lkmdigital/monbeaupays.com/backend/vendor/laravel/framework/src/Illuminate/Pipeline/Pipeline.php(127): Illuminate\\Pipeline\\Pipeline->{closure:{closure:Illuminate\\Pipeline\\Pipeline::carry():184}:185}(Object(Illuminate\\Http\\Request))
#36 /Users/lkmdigital/monbeaupays.com/backend/vendor/laravel/framework/src/Illuminate/Foundation/Http/Kernel.php(176): Illuminate\\Pipeline\\Pipeline->then(Object(Closure))
#37 /Users/lkmdigital/monbeaupays.com/backend/vendor/laravel/framework/src/Illuminate/Foundation/Http/Kernel.php(145): Illuminate\\Foundation\\Http\\Kernel->sendRequestThroughRouter(Object(Illuminate\\Http\\Request))
#38 /Users/lkmdigital/monbeaupays.com/backend/public/index.php(17): Illuminate\\Foundation\\Http\\Kernel->handle(Object(Illuminate\\Http\\Request))
#39 /Users/lkmdigital/monbeaupays.com/backend/vendor/laravel/framework/src/Illuminate/Foundation/resources/server.php(23): require_once('/Users/lkmdigit...')
#40 {main}
"} 
[2025-11-27 15:31:01] local.ERROR: The "--columns" option does not exist. {"exception":"[object] (Symfony\\Component\\Console\\Exception\\RuntimeException(code: 0): The \"--columns\" option does not exist. at /Users/lkmdigital/monbeaupays.com/backend/vendor/symfony/console/Input/ArgvInput.php:226)
[stacktrace]
#0 /Users/lkmdigital/monbeaupays.com/backend/vendor/symfony/console/Input/ArgvInput.php(153): Symfony\\Component\\Console\\Input\\ArgvInput->addLongOption('columns', 'method,uri,name...')
#1 /Users/lkmdigital/monbeaupays.com/backend/vendor/symfony/console/Input/ArgvInput.php(88): Symfony\\Component\\Console\\Input\\ArgvInput->parseLongOption('--columns=metho...')
#2 /Users/lkmdigital/monbeaupays.com/backend/vendor/symfony/console/Input/ArgvInput.php(77): Symfony\\Component\\Console\\Input\\ArgvInput->parseToken('--columns=metho...', true)
#3 /Users/lkmdigital/monbeaupays.com/backend/vendor/symfony/console/Input/Input.php(53): Symfony\\Component\\Console\\Input\\ArgvInput->parse()
#4 /Users/lkmdigital/monbeaupays.com/backend/vendor/symfony/console/Command/Command.php(276): Symfony\\Component\\Console\\Input\\Input->bind(Object(Symfony\\Component\\Console\\Input\\InputDefinition))
#5 /Users/lkmdigital/monbeaupays.com/backend/vendor/laravel/framework/src/Illuminate/Console/Command.php(182): Symfony\\Component\\Console\\Command\\Command->run(Object(Symfony\\Component\\Console\\Input\\ArgvInput), Object(Illuminate\\Console\\OutputStyle))
#6 /Users/lkmdigital/monbeaupays.com/backend/vendor/symfony/console/Application.php(1073): Illuminate\\Console\\Command->run(Object(Symfony\\Component\\Console\\Input\\ArgvInput), Object(Symfony\\Component\\Console\\Output\\ConsoleOutput))
#7 /Users/lkmdigital/monbeaupays.com/backend/vendor/symfony/console/Application.php(356): Symfony\\Component\\Console\\Application->doRunCommand(Object(Illuminate\\Foundation\\Console\\RouteListCommand), Object(Symfony\\Component\\Console\\Input\\ArgvInput), Object(Symfony\\Component\\Console\\Output\\ConsoleOutput))
#8 /Users/lkmdigital/monbeaupays.com/backend/vendor/symfony/console/Application.php(195): Symfony\\Component\\Console\\Application->doRun(Object(Symfony\\Component\\Console\\Input\\ArgvInput), Object(Symfony\\Component\\Console\\Output\\ConsoleOutput))
#9 /Users/lkmdigital/monbeaupays.com/backend/vendor/laravel/framework/src/Illuminate/Foundation/Console/Kernel.php(198): Symfony\\Component\\Console\\Application->run(Object(Symfony\\Component\\Console\\Input\\ArgvInput), Object(Symfony\\Component\\Console\\Output\\ConsoleOutput))
#10 /Users/lkmdigital/monbeaupays.com/backend/artisan(12): Illuminate\\Foundation\\Console\\Kernel->handle(Object(Symfony\\Component\\Console\\Input\\ArgvInput), Object(Symfony\\Component\\Console\\Output\\ConsoleOutput))
#11 {main}
"} 
[2025-11-27 15:36:17] local.ERROR: SQLSTATE[42S02]: Base table or view not found: 1146 Table 'monbeaupays.cache' doesn't exist (Connection: mysql, SQL: delete from `cache`) {"exception":"[object] (Illuminate\\Database\\QueryException(code: 42S02): SQLSTATE[42S02]: Base table or view not found: 1146 Table 'monbeaupays.cache' doesn't exist (Connection: mysql, SQL: delete from `cache`) at /Users/lkmdigital/monbeaupays.com/backend/vendor/laravel/framework/src/Illuminate/Database/Connection.php:825)
[stacktrace]
#0 /Users/lkmdigital/monbeaupays.com/backend/vendor/laravel/framework/src/Illuminate/Database/Connection.php(779): Illuminate\\Database\\Connection->runQueryCallback('delete from `ca...', Array, Object(Closure))
#1 /Users/lkmdigital/monbeaupays.com/backend/vendor/laravel/framework/src/Illuminate/Database/Connection.php(584): Illuminate\\Database\\Connection->run('delete from `ca...', Array, Object(Closure))
#2 /Users/lkmdigital/monbeaupays.com/backend/vendor/laravel/framework/src/Illuminate/Database/Connection.php(548): Illuminate\\Database\\Connection->affectingStatement('delete from `ca...', Array)
#3 /Users/lkmdigital/monbeaupays.com/backend/vendor/laravel/framework/src/Illuminate/Database/Query/Builder.php(4024): Illuminate\\Database\\Connection->delete('delete from `ca...', Array)
#4 /Users/lkmdigital/monbeaupays.com/backend/vendor/laravel/framework/src/Illuminate/Cache/DatabaseStore.php(422): Illuminate\\Database\\Query\\Builder->delete()
#5 /Users/lkmdigital/monbeaupays.com/backend/vendor/laravel/framework/src/Illuminate/Cache/Repository.php(792): Illuminate\\Cache\\DatabaseStore->flush()
#6 /Users/lkmdigital/monbeaupays.com/backend/vendor/laravel/framework/src/Illuminate/Cache/Console/ClearCommand.php(69): Illuminate\\Cache\\Repository->__call('flush', Array)
#7 /Users/lkmdigital/monbeaupays.com/backend/vendor/laravel/framework/src/Illuminate/Container/BoundMethod.php(36): Illuminate\\Cache\\Console\\ClearCommand->handle()
#8 /Users/lkmdigital/monbeaupays.com/backend/vendor/laravel/framework/src/Illuminate/Container/Util.php(43): Illuminate\\Container\\BoundMethod::{closure:Illuminate\\Container\\BoundMethod::call():35}()
#9 /Users/lkmdigital/monbeaupays.com/backend/vendor/laravel/framework/src/Illuminate/Container/BoundMethod.php(95): Illuminate\\Container\\Util::unwrapIfClosure(Object(Closure))
#10 /Users/lkmdigital/monbeaupays.com/backend/vendor/laravel/framework/src/Illuminate/Container/BoundMethod.php(35): Illuminate\\Container\\BoundMethod::callBoundMethod(Object(Illuminate\\Foundation\\Application), Array, Object(Closure))
#11 /Users/lkmdigital/monbeaupays.com/backend/vendor/laravel/framework/src/Illuminate/Container/Container.php(696): Illuminate\\Container\\BoundMethod::call(Object(Illuminate\\Foundation\\Application), Array, Array, NULL)
#12 /Users/lkmdigital/monbeaupays.com/backend/vendor/laravel/framework/src/Illuminate/Console/Command.php(213): Illuminate\\Container\\Container->call(Array)
#13 /Users/lkmdigital/monbeaupays.com/backend/vendor/symfony/console/Command/Command.php(318): Illuminate\\Console\\Command->execute(Object(Symfony\\Component\\Console\\Input\\ArgvInput), Object(Illuminate\\Console\\OutputStyle))
#14 /Users/lkmdigital/monbeaupays.com/backend/vendor/laravel/framework/src/Illuminate/Console/Command.php(182): Symfony\\Component\\Console\\Command\\Command->run(Object(Symfony\\Component\\Console\\Input\\ArgvInput), Object(Illuminate\\Console\\OutputStyle))
#15 /Users/lkmdigital/monbeaupays.com/backend/vendor/symfony/console/Application.php(1073): Illuminate\\Console\\Command->run(Object(Symfony\\Component\\Console\\Input\\ArgvInput), Object(Symfony\\Component\\Console\\Output\\ConsoleOutput))
#16 /Users/lkmdigital/monbeaupays.com/backend/vendor/symfony/console/Application.php(356): Symfony\\Component\\Console\\Application->doRunCommand(Object(Illuminate\\Cache\\Console\\ClearCommand), Object(Symfony\\Component\\Console\\Input\\ArgvInput), Object(Symfony\\Component\\Console\\Output\\ConsoleOutput))
#17 /Users/lkmdigital/monbeaupays.com/backend/vendor/symfony/console/Application.php(195): Symfony\\Component\\Console\\Application->doRun(Object(Symfony\\Component\\Console\\Input\\ArgvInput), Object(Symfony\\Component\\Console\\Output\\ConsoleOutput))
#18 /Users/lkmdigital/monbeaupays.com/backend/vendor/laravel/framework/src/Illuminate/Foundation/Console/Kernel.php(198): Symfony\\Component\\Console\\Application->run(Object(Symfony\\Component\\Console\\Input\\ArgvInput), Object(Symfony\\Component\\Console\\Output\\ConsoleOutput))
#19 /Users/lkmdigital/monbeaupays.com/backend/artisan(12): Illuminate\\Foundation\\Console\\Kernel->handle(Object(Symfony\\Component\\Console\\Input\\ArgvInput), Object(Symfony\\Component\\Console\\Output\\ConsoleOutput))
#20 {main}

[previous exception] [object] (PDOException(code: 42S02): SQLSTATE[42S02]: Base table or view not found: 1146 Table 'monbeaupays.cache' doesn't exist at /Users/lkmdigital/monbeaupays.com/backend/vendor/laravel/framework/src/Illuminate/Database/Connection.php:592)
[stacktrace]
#0 /Users/lkmdigital/monbeaupays.com/backend/vendor/laravel/framework/src/Illuminate/Database/Connection.php(592): PDO->prepare('delete from `ca...')
#1 /Users/lkmdigital/monbeaupays.com/backend/vendor/laravel/framework/src/Illuminate/Database/Connection.php(812): Illuminate\\Database\\Connection->{closure:Illuminate\\Database\\Connection::affectingStatement():584}('delete from `ca...', Array)
#2 /Users/lkmdigital/monbeaupays.com/backend/vendor/laravel/framework/src/Illuminate/Database/Connection.php(779): Illuminate\\Database\\Connection->runQueryCallback('delete from `ca...', Array, Object(Closure))
#3 /Users/lkmdigital/monbeaupays.com/backend/vendor/laravel/framework/src/Illuminate/Database/Connection.php(584): Illuminate\\Database\\Connection->run('delete from `ca...', Array, Object(Closure))
#4 /Users/lkmdigital/monbeaupays.com/backend/vendor/laravel/framework/src/Illuminate/Database/Connection.php(548): Illuminate\\Database\\Connection->affectingStatement('delete from `ca...', Array)
#5 /Users/lkmdigital/monbeaupays.com/backend/vendor/laravel/framework/src/Illuminate/Database/Query/Builder.php(4024): Illuminate\\Database\\Connection->delete('delete from `ca...', Array)
#6 /Users/lkmdigital/monbeaupays.com/backend/vendor/laravel/framework/src/Illuminate/Cache/DatabaseStore.php(422): Illuminate\\Database\\Query\\Builder->delete()
#7 /Users/lkmdigital/monbeaupays.com/backend/vendor/laravel/framework/src/Illuminate/Cache/Repository.php(792): Illuminate\\Cache\\DatabaseStore->flush()
#8 /Users/lkmdigital/monbeaupays.com/backend/vendor/laravel/framework/src/Illuminate/Cache/Console/ClearCommand.php(69): Illuminate\\Cache\\Repository->__call('flush', Array)
#9 /Users/lkmdigital/monbeaupays.com/backend/vendor/laravel/framework/src/Illuminate/Container/BoundMethod.php(36): Illuminate\\Cache\\Console\\ClearCommand->handle()
#10 /Users/lkmdigital/monbeaupays.com/backend/vendor/laravel/framework/src/Illuminate/Container/Util.php(43): Illuminate\\Container\\BoundMethod::{closure:Illuminate\\Container\\BoundMethod::call():35}()
#11 /Users/lkmdigital/monbeaupays.com/backend/vendor/laravel/framework/src/Illuminate/Container/BoundMethod.php(95): Illuminate\\Container\\Util::unwrapIfClosure(Object(Closure))
#12 /Users/lkmdigital/monbeaupays.com/backend/vendor/laravel/framework/src/Illuminate/Container/BoundMethod.php(35): Illuminate\\Container\\BoundMethod::callBoundMethod(Object(Illuminate\\Foundation\\Application), Array, Object(Closure))
#13 /Users/lkmdigital/monbeaupays.com/backend/vendor/laravel/framework/src/Illuminate/Container/Container.php(696): Illuminate\\Container\\BoundMethod::call(Object(Illuminate\\Foundation\\Application), Array, Array, NULL)
#14 /Users/lkmdigital/monbeaupays.com/backend/vendor/laravel/framework/src/Illuminate/Console/Command.php(213): Illuminate\\Container\\Container->call(Array)
#15 /Users/lkmdigital/monbeaupays.com/backend/vendor/symfony/console/Command/Command.php(318): Illuminate\\Console\\Command->execute(Object(Symfony\\Component\\Console\\Input\\ArgvInput), Object(Illuminate\\Console\\OutputStyle))
#16 /Users/lkmdigital/monbeaupays.com/backend/vendor/laravel/framework/src/Illuminate/Console/Command.php(182): Symfony\\Component\\Console\\Command\\Command->run(Object(Symfony\\Component\\Console\\Input\\ArgvInput), Object(Illuminate\\Console\\OutputStyle))
#17 /Users/lkmdigital/monbeaupays.com/backend/vendor/symfony/console/Application.php(1073): Illuminate\\Console\\Command->run(Object(Symfony\\Component\\Console\\Input\\ArgvInput), Object(Symfony\\Component\\Console\\Output\\ConsoleOutput))
#18 /Users/lkmdigital/monbeaupays.com/backend/vendor/symfony/console/Application.php(356): Symfony\\Component\\Console\\Application->doRunCommand(Object(Illuminate\\Cache\\Console\\ClearCommand), Object(Symfony\\Component\\Console\\Input\\ArgvInput), Object(Symfony\\Component\\Console\\Output\\ConsoleOutput))
#19 /Users/lkmdigital/monbeaupays.com/backend/vendor/symfony/console/Application.php(195): Symfony\\Component\\Console\\Application->doRun(Object(Symfony\\Component\\Console\\Input\\ArgvInput), Object(Symfony\\Component\\Console\\Output\\ConsoleOutput))
#20 /Users/lkmdigital/monbeaupays.com/backend/vendor/laravel/framework/src/Illuminate/Foundation/Console/Kernel.php(198): Symfony\\Component\\Console\\Application->run(Object(Symfony\\Component\\Console\\Input\\ArgvInput), Object(Symfony\\Component\\Console\\Output\\ConsoleOutput))
#21 /Users/lkmdigital/monbeaupays.com/backend/artisan(12): Illuminate\\Foundation\\Console\\Kernel->handle(Object(Symfony\\Component\\Console\\Input\\ArgvInput), Object(Symfony\\Component\\Console\\Output\\ConsoleOutput))
#22 {main}
"} 
[2025-11-27 15:36:43] local.ERROR: File does not exist at path /Users/lkmdigital/monbeaupays.com/backend/database/migrations/2025_11_27_153643_create_cache_table.php. {"exception":"[object] (Illuminate\\Contracts\\Filesystem\\FileNotFoundException(code: 0): File does not exist at path /Users/lkmdigital/monbeaupays.com/backend/database/migrations/2025_11_27_153643_create_cache_table.php. at /Users/lkmdigital/monbeaupays.com/backend/vendor/laravel/framework/src/Illuminate/Filesystem/Filesystem.php:152)
[stacktrace]
#0 /Users/lkmdigital/monbeaupays.com/backend/vendor/laravel/framework/src/Illuminate/Database/Migrations/Migrator.php(588): Illuminate\\Filesystem\\Filesystem->requireOnce('/Users/lkmdigit...')
#1 /Users/lkmdigital/monbeaupays.com/backend/vendor/laravel/framework/src/Illuminate/Database/Migrations/Migrator.php(131): Illuminate\\Database\\Migrations\\Migrator->requireFiles(Array)
#2 /Users/lkmdigital/monbeaupays.com/backend/vendor/laravel/framework/src/Illuminate/Database/Console/Migrations/MigrateCommand.php(117): Illuminate\\Database\\Migrations\\Migrator->run(Array, Array)
#3 /Users/lkmdigital/monbeaupays.com/backend/vendor/laravel/framework/src/Illuminate/Database/Migrations/Migrator.php(658): Illuminate\\Database\\Console\\Migrations\\MigrateCommand->{closure:Illuminate\\Database\\Console\\Migrations\\MigrateCommand::runMigrations():110}()
#4 /Users/lkmdigital/monbeaupays.com/backend/vendor/laravel/framework/src/Illuminate/Database/Console/Migrations/MigrateCommand.php(110): Illuminate\\Database\\Migrations\\Migrator->usingConnection(NULL, Object(Closure))
#5 /Users/lkmdigital/monbeaupays.com/backend/vendor/laravel/framework/src/Illuminate/Database/Console/Migrations/MigrateCommand.php(89): Illuminate\\Database\\Console\\Migrations\\MigrateCommand->runMigrations()
#6 /Users/lkmdigital/monbeaupays.com/backend/vendor/laravel/framework/src/Illuminate/Container/BoundMethod.php(36): Illuminate\\Database\\Console\\Migrations\\MigrateCommand->handle()
#7 /Users/lkmdigital/monbeaupays.com/backend/vendor/laravel/framework/src/Illuminate/Container/Util.php(43): Illuminate\\Container\\BoundMethod::{closure:Illuminate\\Container\\BoundMethod::call():35}()
#8 /Users/lkmdigital/monbeaupays.com/backend/vendor/laravel/framework/src/Illuminate/Container/BoundMethod.php(95): Illuminate\\Container\\Util::unwrapIfClosure(Object(Closure))
#9 /Users/lkmdigital/monbeaupays.com/backend/vendor/laravel/framework/src/Illuminate/Container/BoundMethod.php(35): Illuminate\\Container\\BoundMethod::callBoundMethod(Object(Illuminate\\Foundation\\Application), Array, Object(Closure))
#10 /Users/lkmdigital/monbeaupays.com/backend/vendor/laravel/framework/src/Illuminate/Container/Container.php(696): Illuminate\\Container\\BoundMethod::call(Object(Illuminate\\Foundation\\Application), Array, Array, NULL)
#11 /Users/lkmdigital/monbeaupays.com/backend/vendor/laravel/framework/src/Illuminate/Console/Command.php(213): Illuminate\\Container\\Container->call(Array)
#12 /Users/lkmdigital/monbeaupays.com/backend/vendor/symfony/console/Command/Command.php(318): Illuminate\\Console\\Command->execute(Object(Symfony\\Component\\Console\\Input\\ArgvInput), Object(Illuminate\\Console\\OutputStyle))
#13 /Users/lkmdigital/monbeaupays.com/backend/vendor/laravel/framework/src/Illuminate/Console/Command.php(182): Symfony\\Component\\Console\\Command\\Command->run(Object(Symfony\\Component\\Console\\Input\\ArgvInput), Object(Illuminate\\Console\\OutputStyle))
#14 /Users/lkmdigital/monbeaupays.com/backend/vendor/symfony/console/Application.php(1073): Illuminate\\Console\\Command->run(Object(Symfony\\Component\\Console\\Input\\ArgvInput), Object(Symfony\\Component\\Console\\Output\\ConsoleOutput))
#15 /Users/lkmdigital/monbeaupays.com/backend/vendor/symfony/console/Application.php(356): Symfony\\Component\\Console\\Application->doRunCommand(Object(Illuminate\\Database\\Console\\Migrations\\MigrateCommand), Object(Symfony\\Component\\Console\\Input\\ArgvInput), Object(Symfony\\Component\\Console\\Output\\ConsoleOutput))
#16 /Users/lkmdigital/monbeaupays.com/backend/vendor/symfony/console/Application.php(195): Symfony\\Component\\Console\\Application->doRun(Object(Symfony\\Component\\Console\\Input\\ArgvInput), Object(Symfony\\Component\\Console\\Output\\ConsoleOutput))
#17 /Users/lkmdigital/monbeaupays.com/backend/vendor/laravel/framework/src/Illuminate/Foundation/Console/Kernel.php(198): Symfony\\Component\\Console\\Application->run(Object(Symfony\\Component\\Console\\Input\\ArgvInput), Object(Symfony\\Component\\Console\\Output\\ConsoleOutput))
#18 /Users/lkmdigital/monbeaupays.com/backend/artisan(12): Illuminate\\Foundation\\Console\\Kernel->handle(Object(Symfony\\Component\\Console\\Input\\ArgvInput), Object(Symfony\\Component\\Console\\Output\\ConsoleOutput))
#19 {main}
"} 
[2025-12-02 08:59:14] local.INFO: Payment initiation started {"booking_id":"8","user_id":4} 
[2025-12-02 08:59:14] local.INFO: Booking found {"booking_id":8,"booking_user_id":4,"request_user_id":4} 
[2025-12-02 08:59:14] local.INFO: Payment initiation: Booking unavailable {"booking_id":8,"status":"cancelled","is_expired":false} 
[2025-12-02 08:59:20] local.INFO: Payment initiation started {"booking_id":"8","user_id":4} 
[2025-12-02 08:59:20] local.INFO: Booking found {"booking_id":8,"booking_user_id":4,"request_user_id":4} 
[2025-12-02 08:59:20] local.INFO: Payment initiation: Booking unavailable {"booking_id":8,"status":"cancelled","is_expired":false} 
[2025-12-02 14:45:34] local.ERROR: SQLSTATE[42S22]: Column not found: 1054 Unknown column 'id_document_recto_path' in 'field list' (Connection: mysql, SQL: update `users` set `id_document_recto_path` = user-documents/Z0m6dCgzn3ddCFOMGnv0cAcR5l01fEa8AIKKjjK7.png, `users`.`updated_at` = 2025-12-02 14:45:34 where `id` = 12) {"exception":"[object] (Illuminate\\Database\\QueryException(code: 42S22): SQLSTATE[42S22]: Column not found: 1054 Unknown column 'id_document_recto_path' in 'field list' (Connection: mysql, SQL: update `users` set `id_document_recto_path` = user-documents/Z0m6dCgzn3ddCFOMGnv0cAcR5l01fEa8AIKKjjK7.png, `users`.`updated_at` = 2025-12-02 14:45:34 where `id` = 12) at /Users/lkmdigital/monbeaupays.com/backend/vendor/laravel/framework/src/Illuminate/Database/Connection.php:825)
[stacktrace]
#0 /Users/lkmdigital/monbeaupays.com/backend/vendor/laravel/framework/src/Illuminate/Database/Connection.php(779): Illuminate\\Database\\Connection->runQueryCallback('update `users` ...', Array, Object(Closure))
#1 /Users/lkmdigital/monbeaupays.com/backend/vendor/laravel/framework/src/Illuminate/Database/Connection.php(584): Illuminate\\Database\\Connection->run('update `users` ...', Array, Object(Closure))
#2 /Users/lkmdigital/monbeaupays.com/backend/vendor/laravel/framework/src/Illuminate/Database/Connection.php(536): Illuminate\\Database\\Connection->affectingStatement('update `users` ...', Array)
#3 /Users/lkmdigital/monbeaupays.com/backend/vendor/laravel/framework/src/Illuminate/Database/Query/Builder.php(3830): Illuminate\\Database\\Connection->update('update `users` ...', Array)
#4 /Users/lkmdigital/monbeaupays.com/backend/vendor/laravel/framework/src/Illuminate/Database/Eloquent/Builder.php(1175): Illuminate\\Database\\Query\\Builder->update(Object(Illuminate\\Support\\Collection))
#5 /Users/lkmdigital/monbeaupays.com/backend/vendor/laravel/framework/src/Illuminate/Database/Eloquent/Model.php(1239): Illuminate\\Database\\Eloquent\\Builder->update(Array)
#6 /Users/lkmdigital/monbeaupays.com/backend/vendor/laravel/framework/src/Illuminate/Database/Eloquent/Model.php(1156): Illuminate\\Database\\Eloquent\\Model->performUpdate(Object(Illuminate\\Database\\Eloquent\\Builder))
#7 /Users/lkmdigital/monbeaupays.com/backend/app/Http/Controllers/AuthController.php(96): Illuminate\\Database\\Eloquent\\Model->save()
#8 /Users/lkmdigital/monbeaupays.com/backend/vendor/laravel/framework/src/Illuminate/Routing/ControllerDispatcher.php(47): App\\Http\\Controllers\\AuthController->register(Object(Illuminate\\Http\\Request))
#9 /Users/lkmdigital/monbeaupays.com/backend/vendor/laravel/framework/src/Illuminate/Routing/Route.php(266): Illuminate\\Routing\\ControllerDispatcher->dispatch(Object(Illuminate\\Routing\\Route), Object(App\\Http\\Controllers\\AuthController), 'register')
#10 /Users/lkmdigital/monbeaupays.com/backend/vendor/laravel/framework/src/Illuminate/Routing/Route.php(212): Illuminate\\Routing\\Route->runController()
#11 /Users/lkmdigital/monbeaupays.com/backend/vendor/laravel/framework/src/Illuminate/Routing/Router.php(808): Illuminate\\Routing\\Route->run()
#12 /Users/lkmdigital/monbeaupays.com/backend/vendor/laravel/framework/src/Illuminate/Pipeline/Pipeline.php(170): Illuminate\\Routing\\Router->{closure:Illuminate\\Routing\\Router::runRouteWithinStack():807}(Object(Illuminate\\Http\\Request))
#13 /Users/lkmdigital/monbeaupays.com/backend/vendor/laravel/framework/src/Illuminate/Routing/Middleware/SubstituteBindings.php(51): Illuminate\\Pipeline\\Pipeline->{closure:Illuminate\\Pipeline\\Pipeline::prepareDestination():168}(Object(Illuminate\\Http\\Request))
#14 /Users/lkmdigital/monbeaupays.com/backend/vendor/laravel/framework/src/Illuminate/Pipeline/Pipeline.php(209): Illuminate\\Routing\\Middleware\\SubstituteBindings->handle(Object(Illuminate\\Http\\Request), Object(Closure))
#15 /Users/lkmdigital/monbeaupays.com/backend/vendor/laravel/framework/src/Illuminate/Pipeline/Pipeline.php(127): Illuminate\\Pipeline\\Pipeline->{closure:{closure:Illuminate\\Pipeline\\Pipeline::carry():184}:185}(Object(Illuminate\\Http\\Request))
#16 /Users/lkmdigital/monbeaupays.com/backend/vendor/laravel/framework/src/Illuminate/Routing/Router.php(807): Illuminate\\Pipeline\\Pipeline->then(Object(Closure))
#17 /Users/lkmdigital/monbeaupays.com/backend/vendor/laravel/framework/src/Illuminate/Routing/Router.php(786): Illuminate\\Routing\\Router->runRouteWithinStack(Object(Illuminate\\Routing\\Route), Object(Illuminate\\Http\\Request))
#18 /Users/lkmdigital/monbeaupays.com/backend/vendor/laravel/framework/src/Illuminate/Routing/Router.php(750): Illuminate\\Routing\\Router->runRoute(Object(Illuminate\\Http\\Request), Object(Illuminate\\Routing\\Route))
#19 /Users/lkmdigital/monbeaupays.com/backend/vendor/laravel/framework/src/Illuminate/Routing/Router.php(739): Illuminate\\Routing\\Router->dispatchToRoute(Object(Illuminate\\Http\\Request))
#20 /Users/lkmdigital/monbeaupays.com/backend/vendor/laravel/framework/src/Illuminate/Foundation/Http/Kernel.php(201): Illuminate\\Routing\\Router->dispatch(Object(Illuminate\\Http\\Request))
#21 /Users/lkmdigital/monbeaupays.com/backend/vendor/laravel/framework/src/Illuminate/Pipeline/Pipeline.php(170): Illuminate\\Foundation\\Http\\Kernel->{closure:Illuminate\\Foundation\\Http\\Kernel::dispatchToRouter():198}(Object(Illuminate\\Http\\Request))
#22 /Users/lkmdigital/monbeaupays.com/backend/vendor/laravel/framework/src/Illuminate/Foundation/Http/Middleware/TransformsRequest.php(21): Illuminate\\Pipeline\\Pipeline->{closure:Illuminate\\Pipeline\\Pipeline::prepareDestination():168}(Object(Illuminate\\Http\\Request))
#23 /Users/lkmdigital/monbeaupays.com/backend/vendor/laravel/framework/src/Illuminate/Foundation/Http/Middleware/ConvertEmptyStringsToNull.php(31): Illuminate\\Foundation\\Http\\Middleware\\TransformsRequest->handle(Object(Illuminate\\Http\\Request), Object(Closure))
#24 /Users/lkmdigital/monbeaupays.com/backend/vendor/laravel/framework/src/Illuminate/Pipeline/Pipeline.php(209): Illuminate\\Foundation\\Http\\Middleware\\ConvertEmptyStringsToNull->handle(Object(Illuminate\\Http\\Request), Object(Closure))
#25 /Users/lkmdigital/monbeaupays.com/backend/vendor/laravel/framework/src/Illuminate/Foundation/Http/Middleware/TransformsRequest.php(21): Illuminate\\Pipeline\\Pipeline->{closure:{closure:Illuminate\\Pipeline\\Pipeline::carry():184}:185}(Object(Illuminate\\Http\\Request))
#26 /Users/lkmdigital/monbeaupays.com/backend/vendor/laravel/framework/src/Illuminate/Foundation/Http/Middleware/TrimStrings.php(51): Illuminate\\Foundation\\Http\\Middleware\\TransformsRequest->handle(Object(Illuminate\\Http\\Request), Object(Closure))
#27 /Users/lkmdigital/monbeaupays.com/backend/vendor/laravel/framework/src/Illuminate/Pipeline/Pipeline.php(209): Illuminate\\Foundation\\Http\\Middleware\\TrimStrings->handle(Object(Illuminate\\Http\\Request), Object(Closure))
#28 /Users/lkmdigital/monbeaupays.com/backend/vendor/laravel/framework/src/Illuminate/Http/Middleware/ValidatePostSize.php(27): Illuminate\\Pipeline\\Pipeline->{closure:{closure:Illuminate\\Pipeline\\Pipeline::carry():184}:185}(Object(Illuminate\\Http\\Request))
#29 /Users/lkmdigital/monbeaupays.com/backend/vendor/laravel/framework/src/Illuminate/Pipeline/Pipeline.php(209): Illuminate\\Http\\Middleware\\ValidatePostSize->handle(Object(Illuminate\\Http\\Request), Object(Closure))
#30 /Users/lkmdigital/monbeaupays.com/backend/vendor/laravel/framework/src/Illuminate/Foundation/Http/Middleware/PreventRequestsDuringMaintenance.php(110): Illuminate\\Pipeline\\Pipeline->{closure:{closure:Illuminate\\Pipeline\\Pipeline::carry():184}:185}(Object(Illuminate\\Http\\Request))
#31 /Users/lkmdigital/monbeaupays.com/backend/vendor/laravel/framework/src/Illuminate/Pipeline/Pipeline.php(209): Illuminate\\Foundation\\Http\\Middleware\\PreventRequestsDuringMaintenance->handle(Object(Illuminate\\Http\\Request), Object(Closure))
#32 /Users/lkmdigital/monbeaupays.com/backend/vendor/laravel/framework/src/Illuminate/Http/Middleware/HandleCors.php(62): Illuminate\\Pipeline\\Pipeline->{closure:{closure:Illuminate\\Pipeline\\Pipeline::carry():184}:185}(Object(Illuminate\\Http\\Request))
#33 /Users/lkmdigital/monbeaupays.com/backend/vendor/laravel/framework/src/Illuminate/Pipeline/Pipeline.php(209): Illuminate\\Http\\Middleware\\HandleCors->handle(Object(Illuminate\\Http\\Request), Object(Closure))
#34 /Users/lkmdigital/monbeaupays.com/backend/vendor/laravel/framework/src/Illuminate/Http/Middleware/TrustProxies.php(58): Illuminate\\Pipeline\\Pipeline->{closure:{closure:Illuminate\\Pipeline\\Pipeline::carry():184}:185}(Object(Illuminate\\Http\\Request))
#35 /Users/lkmdigital/monbeaupays.com/backend/vendor/laravel/framework/src/Illuminate/Pipeline/Pipeline.php(209): Illuminate\\Http\\Middleware\\TrustProxies->handle(Object(Illuminate\\Http\\Request), Object(Closure))
#36 /Users/lkmdigital/monbeaupays.com/backend/vendor/laravel/framework/src/Illuminate/Foundation/Http/Middleware/InvokeDeferredCallbacks.php(22): Illuminate\\Pipeline\\Pipeline->{closure:{closure:Illuminate\\Pipeline\\Pipeline::carry():184}:185}(Object(Illuminate\\Http\\Request))
#37 /Users/lkmdigital/monbeaupays.com/backend/vendor/laravel/framework/src/Illuminate/Pipeline/Pipeline.php(209): Illuminate\\Foundation\\Http\\Middleware\\InvokeDeferredCallbacks->handle(Object(Illuminate\\Http\\Request), Object(Closure))
#38 /Users/lkmdigital/monbeaupays.com/backend/vendor/laravel/framework/src/Illuminate/Pipeline/Pipeline.php(127): Illuminate\\Pipeline\\Pipeline->{closure:{closure:Illuminate\\Pipeline\\Pipeline::carry():184}:185}(Object(Illuminate\\Http\\Request))
#39 /Users/lkmdigital/monbeaupays.com/backend/vendor/laravel/framework/src/Illuminate/Foundation/Http/Kernel.php(176): Illuminate\\Pipeline\\Pipeline->then(Object(Closure))
#40 /Users/lkmdigital/monbeaupays.com/backend/vendor/laravel/framework/src/Illuminate/Foundation/Http/Kernel.php(145): Illuminate\\Foundation\\Http\\Kernel->sendRequestThroughRouter(Object(Illuminate\\Http\\Request))
#41 /Users/lkmdigital/monbeaupays.com/backend/public/index.php(17): Illuminate\\Foundation\\Http\\Kernel->handle(Object(Illuminate\\Http\\Request))
#42 /Users/lkmdigital/monbeaupays.com/backend/vendor/laravel/framework/src/Illuminate/Foundation/resources/server.php(23): require_once('/Users/lkmdigit...')
#43 {main}

[previous exception] [object] (PDOException(code: 42S22): SQLSTATE[42S22]: Column not found: 1054 Unknown column 'id_document_recto_path' in 'field list' at /Users/lkmdigital/monbeaupays.com/backend/vendor/laravel/framework/src/Illuminate/Database/Connection.php:592)
[stacktrace]
#0 /Users/lkmdigital/monbeaupays.com/backend/vendor/laravel/framework/src/Illuminate/Database/Connection.php(592): PDO->prepare('update `users` ...')
#1 /Users/lkmdigital/monbeaupays.com/backend/vendor/laravel/framework/src/Illuminate/Database/Connection.php(812): Illuminate\\Database\\Connection->{closure:Illuminate\\Database\\Connection::affectingStatement():584}('update `users` ...', Array)
#2 /Users/lkmdigital/monbeaupays.com/backend/vendor/laravel/framework/src/Illuminate/Database/Connection.php(779): Illuminate\\Database\\Connection->runQueryCallback('update `users` ...', Array, Object(Closure))
#3 /Users/lkmdigital/monbeaupays.com/backend/vendor/laravel/framework/src/Illuminate/Database/Connection.php(584): Illuminate\\Database\\Connection->run('update `users` ...', Array, Object(Closure))
#4 /Users/lkmdigital/monbeaupays.com/backend/vendor/laravel/framework/src/Illuminate/Database/Connection.php(536): Illuminate\\Database\\Connection->affectingStatement('update `users` ...', Array)
#5 /Users/lkmdigital/monbeaupays.com/backend/vendor/laravel/framework/src/Illuminate/Database/Query/Builder.php(3830): Illuminate\\Database\\Connection->update('update `users` ...', Array)
#6 /Users/lkmdigital/monbeaupays.com/backend/vendor/laravel/framework/src/Illuminate/Database/Eloquent/Builder.php(1175): Illuminate\\Database\\Query\\Builder->update(Object(Illuminate\\Support\\Collection))
#7 /Users/lkmdigital/monbeaupays.com/backend/vendor/laravel/framework/src/Illuminate/Database/Eloquent/Model.php(1239): Illuminate\\Database\\Eloquent\\Builder->update(Array)
#8 /Users/lkmdigital/monbeaupays.com/backend/vendor/laravel/framework/src/Illuminate/Database/Eloquent/Model.php(1156): Illuminate\\Database\\Eloquent\\Model->performUpdate(Object(Illuminate\\Database\\Eloquent\\Builder))
#9 /Users/lkmdigital/monbeaupays.com/backend/app/Http/Controllers/AuthController.php(96): Illuminate\\Database\\Eloquent\\Model->save()
#10 /Users/lkmdigital/monbeaupays.com/backend/vendor/laravel/framework/src/Illuminate/Routing/ControllerDispatcher.php(47): App\\Http\\Controllers\\AuthController->register(Object(Illuminate\\Http\\Request))
#11 /Users/lkmdigital/monbeaupays.com/backend/vendor/laravel/framework/src/Illuminate/Routing/Route.php(266): Illuminate\\Routing\\ControllerDispatcher->dispatch(Object(Illuminate\\Routing\\Route), Object(App\\Http\\Controllers\\AuthController), 'register')
#12 /Users/lkmdigital/monbeaupays.com/backend/vendor/laravel/framework/src/Illuminate/Routing/Route.php(212): Illuminate\\Routing\\Route->runController()
#13 /Users/lkmdigital/monbeaupays.com/backend/vendor/laravel/framework/src/Illuminate/Routing/Router.php(808): Illuminate\\Routing\\Route->run()
#14 /Users/lkmdigital/monbeaupays.com/backend/vendor/laravel/framework/src/Illuminate/Pipeline/Pipeline.php(170): Illuminate\\Routing\\Router->{closure:Illuminate\\Routing\\Router::runRouteWithinStack():807}(Object(Illuminate\\Http\\Request))
#15 /Users/lkmdigital/monbeaupays.com/backend/vendor/laravel/framework/src/Illuminate/Routing/Middleware/SubstituteBindings.php(51): Illuminate\\Pipeline\\Pipeline->{closure:Illuminate\\Pipeline\\Pipeline::prepareDestination():168}(Object(Illuminate\\Http\\Request))
#16 /Users/lkmdigital/monbeaupays.com/backend/vendor/laravel/framework/src/Illuminate/Pipeline/Pipeline.php(209): Illuminate\\Routing\\Middleware\\SubstituteBindings->handle(Object(Illuminate\\Http\\Request), Object(Closure))
#17 /Users/lkmdigital/monbeaupays.com/backend/vendor/laravel/framework/src/Illuminate/Pipeline/Pipeline.php(127): Illuminate\\Pipeline\\Pipeline->{closure:{closure:Illuminate\\Pipeline\\Pipeline::carry():184}:185}(Object(Illuminate\\Http\\Request))
#18 /Users/lkmdigital/monbeaupays.com/backend/vendor/laravel/framework/src/Illuminate/Routing/Router.php(807): Illuminate\\Pipeline\\Pipeline->then(Object(Closure))
#19 /Users/lkmdigital/monbeaupays.com/backend/vendor/laravel/framework/src/Illuminate/Routing/Router.php(786): Illuminate\\Routing\\Router->runRouteWithinStack(Object(Illuminate\\Routing\\Route), Object(Illuminate\\Http\\Request))
#20 /Users/lkmdigital/monbeaupays.com/backend/vendor/laravel/framework/src/Illuminate/Routing/Router.php(750): Illuminate\\Routing\\Router->runRoute(Object(Illuminate\\Http\\Request), Object(Illuminate\\Routing\\Route))
#21 /Users/lkmdigital/monbeaupays.com/backend/vendor/laravel/framework/src/Illuminate/Routing/Router.php(739): Illuminate\\Routing\\Router->dispatchToRoute(Object(Illuminate\\Http\\Request))
#22 /Users/lkmdigital/monbeaupays.com/backend/vendor/laravel/framework/src/Illuminate/Foundation/Http/Kernel.php(201): Illuminate\\Routing\\Router->dispatch(Object(Illuminate\\Http\\Request))
#23 /Users/lkmdigital/monbeaupays.com/backend/vendor/laravel/framework/src/Illuminate/Pipeline/Pipeline.php(170): Illuminate\\Foundation\\Http\\Kernel->{closure:Illuminate\\Foundation\\Http\\Kernel::dispatchToRouter():198}(Object(Illuminate\\Http\\Request))
#24 /Users/lkmdigital/monbeaupays.com/backend/vendor/laravel/framework/src/Illuminate/Foundation/Http/Middleware/TransformsRequest.php(21): Illuminate\\Pipeline\\Pipeline->{closure:Illuminate\\Pipeline\\Pipeline::prepareDestination():168}(Object(Illuminate\\Http\\Request))
#25 /Users/lkmdigital/monbeaupays.com/backend/vendor/laravel/framework/src/Illuminate/Foundation/Http/Middleware/ConvertEmptyStringsToNull.php(31): Illuminate\\Foundation\\Http\\Middleware\\TransformsRequest->handle(Object(Illuminate\\Http\\Request), Object(Closure))
#26 /Users/lkmdigital/monbeaupays.com/backend/vendor/laravel/framework/src/Illuminate/Pipeline/Pipeline.php(209): Illuminate\\Foundation\\Http\\Middleware\\ConvertEmptyStringsToNull->handle(Object(Illuminate\\Http\\Request), Object(Closure))
#27 /Users/lkmdigital/monbeaupays.com/backend/vendor/laravel/framework/src/Illuminate/Foundation/Http/Middleware/TransformsRequest.php(21): Illuminate\\Pipeline\\Pipeline->{closure:{closure:Illuminate\\Pipeline\\Pipeline::carry():184}:185}(Object(Illuminate\\Http\\Request))
#28 /Users/lkmdigital/monbeaupays.com/backend/vendor/laravel/framework/src/Illuminate/Foundation/Http/Middleware/TrimStrings.php(51): Illuminate\\Foundation\\Http\\Middleware\\TransformsRequest->handle(Object(Illuminate\\Http\\Request), Object(Closure))
#29 /Users/lkmdigital/monbeaupays.com/backend/vendor/laravel/framework/src/Illuminate/Pipeline/Pipeline.php(209): Illuminate\\Foundation\\Http\\Middleware\\TrimStrings->handle(Object(Illuminate\\Http\\Request), Object(Closure))
#30 /Users/lkmdigital/monbeaupays.com/backend/vendor/laravel/framework/src/Illuminate/Http/Middleware/ValidatePostSize.php(27): Illuminate\\Pipeline\\Pipeline->{closure:{closure:Illuminate\\Pipeline\\Pipeline::carry():184}:185}(Object(Illuminate\\Http\\Request))
#31 /Users/lkmdigital/monbeaupays.com/backend/vendor/laravel/framework/src/Illuminate/Pipeline/Pipeline.php(209): Illuminate\\Http\\Middleware\\ValidatePostSize->handle(Object(Illuminate\\Http\\Request), Object(Closure))
#32 /Users/lkmdigital/monbeaupays.com/backend/vendor/laravel/framework/src/Illuminate/Foundation/Http/Middleware/PreventRequestsDuringMaintenance.php(110): Illuminate\\Pipeline\\Pipeline->{closure:{closure:Illuminate\\Pipeline\\Pipeline::carry():184}:185}(Object(Illuminate\\Http\\Request))
#33 /Users/lkmdigital/monbeaupays.com/backend/vendor/laravel/framework/src/Illuminate/Pipeline/Pipeline.php(209): Illuminate\\Foundation\\Http\\Middleware\\PreventRequestsDuringMaintenance->handle(Object(Illuminate\\Http\\Request), Object(Closure))
#34 /Users/lkmdigital/monbeaupays.com/backend/vendor/laravel/framework/src/Illuminate/Http/Middleware/HandleCors.php(62): Illuminate\\Pipeline\\Pipeline->{closure:{closure:Illuminate\\Pipeline\\Pipeline::carry():184}:185}(Object(Illuminate\\Http\\Request))
#35 /Users/lkmdigital/monbeaupays.com/backend/vendor/laravel/framework/src/Illuminate/Pipeline/Pipeline.php(209): Illuminate\\Http\\Middleware\\HandleCors->handle(Object(Illuminate\\Http\\Request), Object(Closure))
#36 /Users/lkmdigital/monbeaupays.com/backend/vendor/laravel/framework/src/Illuminate/Http/Middleware/TrustProxies.php(58): Illuminate\\Pipeline\\Pipeline->{closure:{closure:Illuminate\\Pipeline\\Pipeline::carry():184}:185}(Object(Illuminate\\Http\\Request))
#37 /Users/lkmdigital/monbeaupays.com/backend/vendor/laravel/framework/src/Illuminate/Pipeline/Pipeline.php(209): Illuminate\\Http\\Middleware\\TrustProxies->handle(Object(Illuminate\\Http\\Request), Object(Closure))
#38 /Users/lkmdigital/monbeaupays.com/backend/vendor/laravel/framework/src/Illuminate/Foundation/Http/Middleware/InvokeDeferredCallbacks.php(22): Illuminate\\Pipeline\\Pipeline->{closure:{closure:Illuminate\\Pipeline\\Pipeline::carry():184}:185}(Object(Illuminate\\Http\\Request))
#39 /Users/lkmdigital/monbeaupays.com/backend/vendor/laravel/framework/src/Illuminate/Pipeline/Pipeline.php(209): Illuminate\\Foundation\\Http\\Middleware\\InvokeDeferredCallbacks->handle(Object(Illuminate\\Http\\Request), Object(Closure))
#40 /Users/lkmdigital/monbeaupays.com/backend/vendor/laravel/framework/src/Illuminate/Pipeline/Pipeline.php(127): Illuminate\\Pipeline\\Pipeline->{closure:{closure:Illuminate\\Pipeline\\Pipeline::carry():184}:185}(Object(Illuminate\\Http\\Request))
#41 /Users/lkmdigital/monbeaupays.com/backend/vendor/laravel/framework/src/Illuminate/Foundation/Http/Kernel.php(176): Illuminate\\Pipeline\\Pipeline->then(Object(Closure))
#42 /Users/lkmdigital/monbeaupays.com/backend/vendor/laravel/framework/src/Illuminate/Foundation/Http/Kernel.php(145): Illuminate\\Foundation\\Http\\Kernel->sendRequestThroughRouter(Object(Illuminate\\Http\\Request))
#43 /Users/lkmdigital/monbeaupays.com/backend/public/index.php(17): Illuminate\\Foundation\\Http\\Kernel->handle(Object(Illuminate\\Http\\Request))
#44 /Users/lkmdigital/monbeaupays.com/backend/vendor/laravel/framework/src/Illuminate/Foundation/resources/server.php(23): require_once('/Users/lkmdigit...')
#45 {main}
"} 
[2025-12-02 14:46:54] local.ERROR: SQLSTATE[42S22]: Column not found: 1054 Unknown column 'id_document_recto_path' in 'field list' (Connection: mysql, SQL: update `users` set `id_document_recto_path` = user-documents/aUehPCQ2o5FoYe1mMOTRpqtaMzZI2bbPWwBJ0oQ9.png, `users`.`updated_at` = 2025-12-02 14:46:54 where `id` = 13) {"exception":"[object] (Illuminate\\Database\\QueryException(code: 42S22): SQLSTATE[42S22]: Column not found: 1054 Unknown column 'id_document_recto_path' in 'field list' (Connection: mysql, SQL: update `users` set `id_document_recto_path` = user-documents/aUehPCQ2o5FoYe1mMOTRpqtaMzZI2bbPWwBJ0oQ9.png, `users`.`updated_at` = 2025-12-02 14:46:54 where `id` = 13) at /Users/lkmdigital/monbeaupays.com/backend/vendor/laravel/framework/src/Illuminate/Database/Connection.php:825)
[stacktrace]
#0 /Users/lkmdigital/monbeaupays.com/backend/vendor/laravel/framework/src/Illuminate/Database/Connection.php(779): Illuminate\\Database\\Connection->runQueryCallback('update `users` ...', Array, Object(Closure))
#1 /Users/lkmdigital/monbeaupays.com/backend/vendor/laravel/framework/src/Illuminate/Database/Connection.php(584): Illuminate\\Database\\Connection->run('update `users` ...', Array, Object(Closure))
#2 /Users/lkmdigital/monbeaupays.com/backend/vendor/laravel/framework/src/Illuminate/Database/Connection.php(536): Illuminate\\Database\\Connection->affectingStatement('update `users` ...', Array)
#3 /Users/lkmdigital/monbeaupays.com/backend/vendor/laravel/framework/src/Illuminate/Database/Query/Builder.php(3830): Illuminate\\Database\\Connection->update('update `users` ...', Array)
#4 /Users/lkmdigital/monbeaupays.com/backend/vendor/laravel/framework/src/Illuminate/Database/Eloquent/Builder.php(1175): Illuminate\\Database\\Query\\Builder->update(Object(Illuminate\\Support\\Collection))
#5 /Users/lkmdigital/monbeaupays.com/backend/vendor/laravel/framework/src/Illuminate/Database/Eloquent/Model.php(1239): Illuminate\\Database\\Eloquent\\Builder->update(Array)
#6 /Users/lkmdigital/monbeaupays.com/backend/vendor/laravel/framework/src/Illuminate/Database/Eloquent/Model.php(1156): Illuminate\\Database\\Eloquent\\Model->performUpdate(Object(Illuminate\\Database\\Eloquent\\Builder))
#7 /Users/lkmdigital/monbeaupays.com/backend/app/Http/Controllers/AuthController.php(96): Illuminate\\Database\\Eloquent\\Model->save()
#8 /Users/lkmdigital/monbeaupays.com/backend/vendor/laravel/framework/src/Illuminate/Routing/ControllerDispatcher.php(47): App\\Http\\Controllers\\AuthController->register(Object(Illuminate\\Http\\Request))
#9 /Users/lkmdigital/monbeaupays.com/backend/vendor/laravel/framework/src/Illuminate/Routing/Route.php(266): Illuminate\\Routing\\ControllerDispatcher->dispatch(Object(Illuminate\\Routing\\Route), Object(App\\Http\\Controllers\\AuthController), 'register')
#10 /Users/lkmdigital/monbeaupays.com/backend/vendor/laravel/framework/src/Illuminate/Routing/Route.php(212): Illuminate\\Routing\\Route->runController()
#11 /Users/lkmdigital/monbeaupays.com/backend/vendor/laravel/framework/src/Illuminate/Routing/Router.php(808): Illuminate\\Routing\\Route->run()
#12 /Users/lkmdigital/monbeaupays.com/backend/vendor/laravel/framework/src/Illuminate/Pipeline/Pipeline.php(170): Illuminate\\Routing\\Router->{closure:Illuminate\\Routing\\Router::runRouteWithinStack():807}(Object(Illuminate\\Http\\Request))
#13 /Users/lkmdigital/monbeaupays.com/backend/vendor/laravel/framework/src/Illuminate/Routing/Middleware/SubstituteBindings.php(51): Illuminate\\Pipeline\\Pipeline->{closure:Illuminate\\Pipeline\\Pipeline::prepareDestination():168}(Object(Illuminate\\Http\\Request))
#14 /Users/lkmdigital/monbeaupays.com/backend/vendor/laravel/framework/src/Illuminate/Pipeline/Pipeline.php(209): Illuminate\\Routing\\Middleware\\SubstituteBindings->handle(Object(Illuminate\\Http\\Request), Object(Closure))
#15 /Users/lkmdigital/monbeaupays.com/backend/vendor/laravel/framework/src/Illuminate/Pipeline/Pipeline.php(127): Illuminate\\Pipeline\\Pipeline->{closure:{closure:Illuminate\\Pipeline\\Pipeline::carry():184}:185}(Object(Illuminate\\Http\\Request))
#16 /Users/lkmdigital/monbeaupays.com/backend/vendor/laravel/framework/src/Illuminate/Routing/Router.php(807): Illuminate\\Pipeline\\Pipeline->then(Object(Closure))
#17 /Users/lkmdigital/monbeaupays.com/backend/vendor/laravel/framework/src/Illuminate/Routing/Router.php(786): Illuminate\\Routing\\Router->runRouteWithinStack(Object(Illuminate\\Routing\\Route), Object(Illuminate\\Http\\Request))
#18 /Users/lkmdigital/monbeaupays.com/backend/vendor/laravel/framework/src/Illuminate/Routing/Router.php(750): Illuminate\\Routing\\Router->runRoute(Object(Illuminate\\Http\\Request), Object(Illuminate\\Routing\\Route))
#19 /Users/lkmdigital/monbeaupays.com/backend/vendor/laravel/framework/src/Illuminate/Routing/Router.php(739): Illuminate\\Routing\\Router->dispatchToRoute(Object(Illuminate\\Http\\Request))
#20 /Users/lkmdigital/monbeaupays.com/backend/vendor/laravel/framework/src/Illuminate/Foundation/Http/Kernel.php(201): Illuminate\\Routing\\Router->dispatch(Object(Illuminate\\Http\\Request))
#21 /Users/lkmdigital/monbeaupays.com/backend/vendor/laravel/framework/src/Illuminate/Pipeline/Pipeline.php(170): Illuminate\\Foundation\\Http\\Kernel->{closure:Illuminate\\Foundation\\Http\\Kernel::dispatchToRouter():198}(Object(Illuminate\\Http\\Request))
#22 /Users/lkmdigital/monbeaupays.com/backend/vendor/laravel/framework/src/Illuminate/Foundation/Http/Middleware/TransformsRequest.php(21): Illuminate\\Pipeline\\Pipeline->{closure:Illuminate\\Pipeline\\Pipeline::prepareDestination():168}(Object(Illuminate\\Http\\Request))
#23 /Users/lkmdigital/monbeaupays.com/backend/vendor/laravel/framework/src/Illuminate/Foundation/Http/Middleware/ConvertEmptyStringsToNull.php(31): Illuminate\\Foundation\\Http\\Middleware\\TransformsRequest->handle(Object(Illuminate\\Http\\Request), Object(Closure))
#24 /Users/lkmdigital/monbeaupays.com/backend/vendor/laravel/framework/src/Illuminate/Pipeline/Pipeline.php(209): Illuminate\\Foundation\\Http\\Middleware\\ConvertEmptyStringsToNull->handle(Object(Illuminate\\Http\\Request), Object(Closure))
#25 /Users/lkmdigital/monbeaupays.com/backend/vendor/laravel/framework/src/Illuminate/Foundation/Http/Middleware/TransformsRequest.php(21): Illuminate\\Pipeline\\Pipeline->{closure:{closure:Illuminate\\Pipeline\\Pipeline::carry():184}:185}(Object(Illuminate\\Http\\Request))
#26 /Users/lkmdigital/monbeaupays.com/backend/vendor/laravel/framework/src/Illuminate/Foundation/Http/Middleware/TrimStrings.php(51): Illuminate\\Foundation\\Http\\Middleware\\TransformsRequest->handle(Object(Illuminate\\Http\\Request), Object(Closure))
#27 /Users/lkmdigital/monbeaupays.com/backend/vendor/laravel/framework/src/Illuminate/Pipeline/Pipeline.php(209): Illuminate\\Foundation\\Http\\Middleware\\TrimStrings->handle(Object(Illuminate\\Http\\Request), Object(Closure))
#28 /Users/lkmdigital/monbeaupays.com/backend/vendor/laravel/framework/src/Illuminate/Http/Middleware/ValidatePostSize.php(27): Illuminate\\Pipeline\\Pipeline->{closure:{closure:Illuminate\\Pipeline\\Pipeline::carry():184}:185}(Object(Illuminate\\Http\\Request))
#29 /Users/lkmdigital/monbeaupays.com/backend/vendor/laravel/framework/src/Illuminate/Pipeline/Pipeline.php(209): Illuminate\\Http\\Middleware\\ValidatePostSize->handle(Object(Illuminate\\Http\\Request), Object(Closure))
#30 /Users/lkmdigital/monbeaupays.com/backend/vendor/laravel/framework/src/Illuminate/Foundation/Http/Middleware/PreventRequestsDuringMaintenance.php(110): Illuminate\\Pipeline\\Pipeline->{closure:{closure:Illuminate\\Pipeline\\Pipeline::carry():184}:185}(Object(Illuminate\\Http\\Request))
#31 /Users/lkmdigital/monbeaupays.com/backend/vendor/laravel/framework/src/Illuminate/Pipeline/Pipeline.php(209): Illuminate\\Foundation\\Http\\Middleware\\PreventRequestsDuringMaintenance->handle(Object(Illuminate\\Http\\Request), Object(Closure))
#32 /Users/lkmdigital/monbeaupays.com/backend/vendor/laravel/framework/src/Illuminate/Http/Middleware/HandleCors.php(62): Illuminate\\Pipeline\\Pipeline->{closure:{closure:Illuminate\\Pipeline\\Pipeline::carry():184}:185}(Object(Illuminate\\Http\\Request))
#33 /Users/lkmdigital/monbeaupays.com/backend/vendor/laravel/framework/src/Illuminate/Pipeline/Pipeline.php(209): Illuminate\\Http\\Middleware\\HandleCors->handle(Object(Illuminate\\Http\\Request), Object(Closure))
#34 /Users/lkmdigital/monbeaupays.com/backend/vendor/laravel/framework/src/Illuminate/Http/Middleware/TrustProxies.php(58): Illuminate\\Pipeline\\Pipeline->{closure:{closure:Illuminate\\Pipeline\\Pipeline::carry():184}:185}(Object(Illuminate\\Http\\Request))
#35 /Users/lkmdigital/monbeaupays.com/backend/vendor/laravel/framework/src/Illuminate/Pipeline/Pipeline.php(209): Illuminate\\Http\\Middleware\\TrustProxies->handle(Object(Illuminate\\Http\\Request), Object(Closure))
#36 /Users/lkmdigital/monbeaupays.com/backend/vendor/laravel/framework/src/Illuminate/Foundation/Http/Middleware/InvokeDeferredCallbacks.php(22): Illuminate\\Pipeline\\Pipeline->{closure:{closure:Illuminate\\Pipeline\\Pipeline::carry():184}:185}(Object(Illuminate\\Http\\Request))
#37 /Users/lkmdigital/monbeaupays.com/backend/vendor/laravel/framework/src/Illuminate/Pipeline/Pipeline.php(209): Illuminate\\Foundation\\Http\\Middleware\\InvokeDeferredCallbacks->handle(Object(Illuminate\\Http\\Request), Object(Closure))
#38 /Users/lkmdigital/monbeaupays.com/backend/vendor/laravel/framework/src/Illuminate/Pipeline/Pipeline.php(127): Illuminate\\Pipeline\\Pipeline->{closure:{closure:Illuminate\\Pipeline\\Pipeline::carry():184}:185}(Object(Illuminate\\Http\\Request))
#39 /Users/lkmdigital/monbeaupays.com/backend/vendor/laravel/framework/src/Illuminate/Foundation/Http/Kernel.php(176): Illuminate\\Pipeline\\Pipeline->then(Object(Closure))
#40 /Users/lkmdigital/monbeaupays.com/backend/vendor/laravel/framework/src/Illuminate/Foundation/Http/Kernel.php(145): Illuminate\\Foundation\\Http\\Kernel->sendRequestThroughRouter(Object(Illuminate\\Http\\Request))
#41 /Users/lkmdigital/monbeaupays.com/backend/public/index.php(17): Illuminate\\Foundation\\Http\\Kernel->handle(Object(Illuminate\\Http\\Request))
#42 /Users/lkmdigital/monbeaupays.com/backend/vendor/laravel/framework/src/Illuminate/Foundation/resources/server.php(23): require_once('/Users/lkmdigit...')
#43 {main}

[previous exception] [object] (PDOException(code: 42S22): SQLSTATE[42S22]: Column not found: 1054 Unknown column 'id_document_recto_path' in 'field list' at /Users/lkmdigital/monbeaupays.com/backend/vendor/laravel/framework/src/Illuminate/Database/Connection.php:592)
[stacktrace]
#0 /Users/lkmdigital/monbeaupays.com/backend/vendor/laravel/framework/src/Illuminate/Database/Connection.php(592): PDO->prepare('update `users` ...')
#1 /Users/lkmdigital/monbeaupays.com/backend/vendor/laravel/framework/src/Illuminate/Database/Connection.php(812): Illuminate\\Database\\Connection->{closure:Illuminate\\Database\\Connection::affectingStatement():584}('update `users` ...', Array)
#2 /Users/lkmdigital/monbeaupays.com/backend/vendor/laravel/framework/src/Illuminate/Database/Connection.php(779): Illuminate\\Database\\Connection->runQueryCallback('update `users` ...', Array, Object(Closure))
#3 /Users/lkmdigital/monbeaupays.com/backend/vendor/laravel/framework/src/Illuminate/Database/Connection.php(584): Illuminate\\Database\\Connection->run('update `users` ...', Array, Object(Closure))
#4 /Users/lkmdigital/monbeaupays.com/backend/vendor/laravel/framework/src/Illuminate/Database/Connection.php(536): Illuminate\\Database\\Connection->affectingStatement('update `users` ...', Array)
#5 /Users/lkmdigital/monbeaupays.com/backend/vendor/laravel/framework/src/Illuminate/Database/Query/Builder.php(3830): Illuminate\\Database\\Connection->update('update `users` ...', Array)
#6 /Users/lkmdigital/monbeaupays.com/backend/vendor/laravel/framework/src/Illuminate/Database/Eloquent/Builder.php(1175): Illuminate\\Database\\Query\\Builder->update(Object(Illuminate\\Support\\Collection))
#7 /Users/lkmdigital/monbeaupays.com/backend/vendor/laravel/framework/src/Illuminate/Database/Eloquent/Model.php(1239): Illuminate\\Database\\Eloquent\\Builder->update(Array)
#8 /Users/lkmdigital/monbeaupays.com/backend/vendor/laravel/framework/src/Illuminate/Database/Eloquent/Model.php(1156): Illuminate\\Database\\Eloquent\\Model->performUpdate(Object(Illuminate\\Database\\Eloquent\\Builder))
#9 /Users/lkmdigital/monbeaupays.com/backend/app/Http/Controllers/AuthController.php(96): Illuminate\\Database\\Eloquent\\Model->save()
#10 /Users/lkmdigital/monbeaupays.com/backend/vendor/laravel/framework/src/Illuminate/Routing/ControllerDispatcher.php(47): App\\Http\\Controllers\\AuthController->register(Object(Illuminate\\Http\\Request))
#11 /Users/lkmdigital/monbeaupays.com/backend/vendor/laravel/framework/src/Illuminate/Routing/Route.php(266): Illuminate\\Routing\\ControllerDispatcher->dispatch(Object(Illuminate\\Routing\\Route), Object(App\\Http\\Controllers\\AuthController), 'register')
#12 /Users/lkmdigital/monbeaupays.com/backend/vendor/laravel/framework/src/Illuminate/Routing/Route.php(212): Illuminate\\Routing\\Route->runController()
#13 /Users/lkmdigital/monbeaupays.com/backend/vendor/laravel/framework/src/Illuminate/Routing/Router.php(808): Illuminate\\Routing\\Route->run()
#14 /Users/lkmdigital/monbeaupays.com/backend/vendor/laravel/framework/src/Illuminate/Pipeline/Pipeline.php(170): Illuminate\\Routing\\Router->{closure:Illuminate\\Routing\\Router::runRouteWithinStack():807}(Object(Illuminate\\Http\\Request))
#15 /Users/lkmdigital/monbeaupays.com/backend/vendor/laravel/framework/src/Illuminate/Routing/Middleware/SubstituteBindings.php(51): Illuminate\\Pipeline\\Pipeline->{closure:Illuminate\\Pipeline\\Pipeline::prepareDestination():168}(Object(Illuminate\\Http\\Request))
#16 /Users/lkmdigital/monbeaupays.com/backend/vendor/laravel/framework/src/Illuminate/Pipeline/Pipeline.php(209): Illuminate\\Routing\\Middleware\\SubstituteBindings->handle(Object(Illuminate\\Http\\Request), Object(Closure))
#17 /Users/lkmdigital/monbeaupays.com/backend/vendor/laravel/framework/src/Illuminate/Pipeline/Pipeline.php(127): Illuminate\\Pipeline\\Pipeline->{closure:{closure:Illuminate\\Pipeline\\Pipeline::carry():184}:185}(Object(Illuminate\\Http\\Request))
#18 /Users/lkmdigital/monbeaupays.com/backend/vendor/laravel/framework/src/Illuminate/Routing/Router.php(807): Illuminate\\Pipeline\\Pipeline->then(Object(Closure))
#19 /Users/lkmdigital/monbeaupays.com/backend/vendor/laravel/framework/src/Illuminate/Routing/Router.php(786): Illuminate\\Routing\\Router->runRouteWithinStack(Object(Illuminate\\Routing\\Route), Object(Illuminate\\Http\\Request))
#20 /Users/lkmdigital/monbeaupays.com/backend/vendor/laravel/framework/src/Illuminate/Routing/Router.php(750): Illuminate\\Routing\\Router->runRoute(Object(Illuminate\\Http\\Request), Object(Illuminate\\Routing\\Route))
#21 /Users/lkmdigital/monbeaupays.com/backend/vendor/laravel/framework/src/Illuminate/Routing/Router.php(739): Illuminate\\Routing\\Router->dispatchToRoute(Object(Illuminate\\Http\\Request))
#22 /Users/lkmdigital/monbeaupays.com/backend/vendor/laravel/framework/src/Illuminate/Foundation/Http/Kernel.php(201): Illuminate\\Routing\\Router->dispatch(Object(Illuminate\\Http\\Request))
#23 /Users/lkmdigital/monbeaupays.com/backend/vendor/laravel/framework/src/Illuminate/Pipeline/Pipeline.php(170): Illuminate\\Foundation\\Http\\Kernel->{closure:Illuminate\\Foundation\\Http\\Kernel::dispatchToRouter():198}(Object(Illuminate\\Http\\Request))
#24 /Users/lkmdigital/monbeaupays.com/backend/vendor/laravel/framework/src/Illuminate/Foundation/Http/Middleware/TransformsRequest.php(21): Illuminate\\Pipeline\\Pipeline->{closure:Illuminate\\Pipeline\\Pipeline::prepareDestination():168}(Object(Illuminate\\Http\\Request))
#25 /Users/lkmdigital/monbeaupays.com/backend/vendor/laravel/framework/src/Illuminate/Foundation/Http/Middleware/ConvertEmptyStringsToNull.php(31): Illuminate\\Foundation\\Http\\Middleware\\TransformsRequest->handle(Object(Illuminate\\Http\\Request), Object(Closure))
#26 /Users/lkmdigital/monbeaupays.com/backend/vendor/laravel/framework/src/Illuminate/Pipeline/Pipeline.php(209): Illuminate\\Foundation\\Http\\Middleware\\ConvertEmptyStringsToNull->handle(Object(Illuminate\\Http\\Request), Object(Closure))
#27 /Users/lkmdigital/monbeaupays.com/backend/vendor/laravel/framework/src/Illuminate/Foundation/Http/Middleware/TransformsRequest.php(21): Illuminate\\Pipeline\\Pipeline->{closure:{closure:Illuminate\\Pipeline\\Pipeline::carry():184}:185}(Object(Illuminate\\Http\\Request))
#28 /Users/lkmdigital/monbeaupays.com/backend/vendor/laravel/framework/src/Illuminate/Foundation/Http/Middleware/TrimStrings.php(51): Illuminate\\Foundation\\Http\\Middleware\\TransformsRequest->handle(Object(Illuminate\\Http\\Request), Object(Closure))
#29 /Users/lkmdigital/monbeaupays.com/backend/vendor/laravel/framework/src/Illuminate/Pipeline/Pipeline.php(209): Illuminate\\Foundation\\Http\\Middleware\\TrimStrings->handle(Object(Illuminate\\Http\\Request), Object(Closure))
#30 /Users/lkmdigital/monbeaupays.com/backend/vendor/laravel/framework/src/Illuminate/Http/Middleware/ValidatePostSize.php(27): Illuminate\\Pipeline\\Pipeline->{closure:{closure:Illuminate\\Pipeline\\Pipeline::carry():184}:185}(Object(Illuminate\\Http\\Request))
#31 /Users/lkmdigital/monbeaupays.com/backend/vendor/laravel/framework/src/Illuminate/Pipeline/Pipeline.php(209): Illuminate\\Http\\Middleware\\ValidatePostSize->handle(Object(Illuminate\\Http\\Request), Object(Closure))
#32 /Users/lkmdigital/monbeaupays.com/backend/vendor/laravel/framework/src/Illuminate/Foundation/Http/Middleware/PreventRequestsDuringMaintenance.php(110): Illuminate\\Pipeline\\Pipeline->{closure:{closure:Illuminate\\Pipeline\\Pipeline::carry():184}:185}(Object(Illuminate\\Http\\Request))
#33 /Users/lkmdigital/monbeaupays.com/backend/vendor/laravel/framework/src/Illuminate/Pipeline/Pipeline.php(209): Illuminate\\Foundation\\Http\\Middleware\\PreventRequestsDuringMaintenance->handle(Object(Illuminate\\Http\\Request), Object(Closure))
#34 /Users/lkmdigital/monbeaupays.com/backend/vendor/laravel/framework/src/Illuminate/Http/Middleware/HandleCors.php(62): Illuminate\\Pipeline\\Pipeline->{closure:{closure:Illuminate\\Pipeline\\Pipeline::carry():184}:185}(Object(Illuminate\\Http\\Request))
#35 /Users/lkmdigital/monbeaupays.com/backend/vendor/laravel/framework/src/Illuminate/Pipeline/Pipeline.php(209): Illuminate\\Http\\Middleware\\HandleCors->handle(Object(Illuminate\\Http\\Request), Object(Closure))
#36 /Users/lkmdigital/monbeaupays.com/backend/vendor/laravel/framework/src/Illuminate/Http/Middleware/TrustProxies.php(58): Illuminate\\Pipeline\\Pipeline->{closure:{closure:Illuminate\\Pipeline\\Pipeline::carry():184}:185}(Object(Illuminate\\Http\\Request))
#37 /Users/lkmdigital/monbeaupays.com/backend/vendor/laravel/framework/src/Illuminate/Pipeline/Pipeline.php(209): Illuminate\\Http\\Middleware\\TrustProxies->handle(Object(Illuminate\\Http\\Request), Object(Closure))
#38 /Users/lkmdigital/monbeaupays.com/backend/vendor/laravel/framework/src/Illuminate/Foundation/Http/Middleware/InvokeDeferredCallbacks.php(22): Illuminate\\Pipeline\\Pipeline->{closure:{closure:Illuminate\\Pipeline\\Pipeline::carry():184}:185}(Object(Illuminate\\Http\\Request))
#39 /Users/lkmdigital/monbeaupays.com/backend/vendor/laravel/framework/src/Illuminate/Pipeline/Pipeline.php(209): Illuminate\\Foundation\\Http\\Middleware\\InvokeDeferredCallbacks->handle(Object(Illuminate\\Http\\Request), Object(Closure))
#40 /Users/lkmdigital/monbeaupays.com/backend/vendor/laravel/framework/src/Illuminate/Pipeline/Pipeline.php(127): Illuminate\\Pipeline\\Pipeline->{closure:{closure:Illuminate\\Pipeline\\Pipeline::carry():184}:185}(Object(Illuminate\\Http\\Request))
#41 /Users/lkmdigital/monbeaupays.com/backend/vendor/laravel/framework/src/Illuminate/Foundation/Http/Kernel.php(176): Illuminate\\Pipeline\\Pipeline->then(Object(Closure))
#42 /Users/lkmdigital/monbeaupays.com/backend/vendor/laravel/framework/src/Illuminate/Foundation/Http/Kernel.php(145): Illuminate\\Foundation\\Http\\Kernel->sendRequestThroughRouter(Object(Illuminate\\Http\\Request))
#43 /Users/lkmdigital/monbeaupays.com/backend/public/index.php(17): Illuminate\\Foundation\\Http\\Kernel->handle(Object(Illuminate\\Http\\Request))
#44 /Users/lkmdigital/monbeaupays.com/backend/vendor/laravel/framework/src/Illuminate/Foundation/resources/server.php(23): require_once('/Users/lkmdigit...')
#45 {main}
"} 
